device_id,device_type,flow_duration_mean,packet_rate,byte_volume,port_entropy,unique_dest_ips,tcp_ratio,udp_ratio,iat_mean,iat_std
cam-001,camera,1.22,50.4,80420,2.14,9,0.64,0.35,0.093,0.031
cam-001,camera,1.18,48.9,78110,2.01,8,0.66,0.33,0.098,0.029
cam-001,camera,1.30,54.6,84690,2.35,10,0.61,0.38,0.086,0.034
cam-002,camera,1.28,53.2,83200,2.23,10,0.63,0.36,0.089,0.032
cam-002,camera,1.16,47.4,75620,1.96,7,0.67,0.32,0.101,0.028
cam-003,camera,1.34,57.5,89280,2.48,11,0.60,0.39,0.083,0.036
cam-003,camera,1.10,45.2,72410,1.88,7,0.69,0.30,0.107,0.027
cam-004,camera,1.26,52.8,81940,2.19,9,0.64,0.35,0.091,0.031
sensor-07,sensor,0.45,3.2,1260,0.11,1,0.89,0.10,0.306,0.005
sensor-07,sensor,0.49,3.6,1680,0.13,1,0.87,0.12,0.292,0.006
sensor-12,sensor,0.56,4.3,1960,0.16,2,0.84,0.15,0.273,0.007
sensor-12,sensor,0.53,3.9,1820,0.14,1,0.86,0.13,0.281,0.006
sensor-18,sensor,0.60,4.9,2390,0.21,2,0.81,0.18,0.254,0.008
sensor-18,sensor,0.50,3.4,1580,0.12,1,0.88,0.11,0.289,0.006
sensor-21,sensor,0.63,5.2,2520,0.23,2,0.79,0.20,0.248,0.009
sensor-21,sensor,0.47,3.1,1410,0.10,1,0.90,0.09,0.312,0.005
router-02,router,0.82,29.4,43120,1.78,5,0.71,0.28,0.149,0.019
router-02,router,0.78,27.9,41480,1.70,5,0.73,0.26,0.154,0.018
router-05,router,0.89,34.1,51960,1.98,7,0.67,0.32,0.135,0.023
router-05,router,0.92,36.0,54420,2.07,8,0.65,0.34,0.131,0.024
router-08,router,0.86,33.3,50780,1.94,7,0.68,0.31,0.139,0.022
router-08,router,0.96,39.0,59840,2.15,8,0.64,0.35,0.126,0.026
router-11,router,0.84,31.2,46920,1.86,6,0.69,0.30,0.143,0.021
router-11,router,0.99,40.6,62510,2.24,9,0.62,0.37,0.122,0.027
nvr-01,nvr,0.96,18.6,36120,1.23,3,0.79,0.20,0.198,0.013
nvr-01,nvr,1.02,19.8,37640,1.29,3,0.78,0.21,0.190,0.014
nvr-02,nvr,1.11,23.1,44480,1.39,4,0.74,0.25,0.177,0.016
nvr-02,nvr,1.17,24.9,48610,1.47,4,0.72,0.27,0.170,0.017
nvr-03,nvr,1.05,20.4,39210,1.31,3,0.77,0.22,0.186,0.014
nvr-03,nvr,0.93,17.6,34180,1.17,3,0.81,0.18,0.206,0.012
nvr-04,nvr,1.20,26.2,50140,1.56,5,0.70,0.29,0.165,0.018
nvr-04,nvr,1.08,21.6,41570,1.36,4,0.75,0.24,0.181,0.015
access-ctrl-01,access_controller,0.60,8.4,9720,0.54,2,0.85,0.14,0.251,0.008
access-ctrl-01,access_controller,0.63,8.9,10340,0.58,2,0.84,0.15,0.244,0.009
access-ctrl-02,access_controller,0.67,9.5,11320,0.63,3,0.82,0.17,0.237,0.010
access-ctrl-02,access_controller,0.70,10.2,12710,0.70,3,0.80,0.19,0.228,0.011
access-ctrl-03,access_controller,0.58,8.1,9480,0.52,2,0.86,0.13,0.253,0.008
access-ctrl-03,access_controller,0.72,10.7,13240,0.74,3,0.79,0.20,0.223,0.012
access-ctrl-04,access_controller,0.62,8.7,10110,0.57,2,0.84,0.15,0.247,0.009
access-ctrl-04,access_controller,0.66,9.3,11080,0.61,3,0.82,0.17,0.239,0.010
thermostat-04,thermostat,0.70,6.0,4250,0.33,2,0.74,0.25,0.223,0.014
thermostat-04,thermostat,0.74,6.5,4560,0.36,2,0.72,0.27,0.216,0.015
thermostat-09,thermostat,0.78,6.9,4890,0.39,3,0.70,0.29,0.210,0.016
thermostat-09,thermostat,0.72,6.1,4370,0.34,2,0.73,0.26,0.220,0.014
thermostat-13,thermostat,0.80,7.3,5120,0.42,3,0.68,0.31,0.206,0.017
thermostat-13,thermostat,0.69,5.8,4090,0.32,2,0.74,0.25,0.226,0.013
thermostat-16,thermostat,0.76,6.7,4720,0.38,3,0.71,0.28,0.213,0.016
thermostat-16,thermostat,0.68,5.6,3980,0.31,2,0.75,0.24,0.229,0.013
plug-11,smart_plug,0.39,2.6,980,0.08,1,0.52,0.47,0.344,0.010
plug-11,smart_plug,0.41,2.9,1120,0.09,1,0.50,0.49,0.337,0.011
plug-14,smart_plug,0.45,3.4,1310,0.11,1,0.48,0.51,0.326,0.012
plug-14,smart_plug,0.47,3.7,1490,0.13,2,0.47,0.52,0.318,0.013
plug-19,smart_plug,0.37,2.3,870,0.07,1,0.53,0.46,0.356,0.009
plug-19,smart_plug,0.43,3.1,1210,0.10,1,0.49,0.50,0.331,0.012
plug-22,smart_plug,0.46,3.5,1360,0.12,2,0.48,0.51,0.323,0.013
plug-22,smart_plug,0.40,2.8,1050,0.09,1,0.51,0.48,0.339,0.011
cam-001,camera,1.21,49.7,79880,2.11,9,0.64,0.35,0.094,0.031
cam-002,camera,1.25,51.8,82340,2.20,9,0.63,0.36,0.090,0.032
cam-003,camera,1.32,56.1,87450,2.39,10,0.61,0.38,0.085,0.035
cam-004,camera,1.15,46.8,74210,1.94,7,0.68,0.31,0.102,0.028
cam-005,camera,1.29,54.0,83990,2.30,10,0.62,0.37,0.088,0.033
cam-005,camera,1.09,44.6,71580,1.83,6,0.70,0.29,0.109,0.027
sensor-07,sensor,0.46,3.3,1320,0.11,1,0.89,0.10,0.304,0.005
sensor-12,sensor,0.54,4.0,1860,0.15,2,0.85,0.14,0.277,0.007
sensor-18,sensor,0.59,4.7,2290,0.19,2,0.82,0.17,0.257,0.008
sensor-21,sensor,0.48,3.2,1460,0.11,1,0.89,0.10,0.307,0.005
sensor-24,sensor,0.62,5.1,2460,0.22,2,0.80,0.19,0.249,0.009
sensor-24,sensor,0.51,3.6,1660,0.13,1,0.87,0.12,0.286,0.006
router-02,router,0.83,30.0,43920,1.80,5,0.71,0.28,0.147,0.019
router-05,router,0.90,34.9,52710,2.00,7,0.67,0.32,0.134,0.023
router-08,router,0.88,35.8,53990,2.04,7,0.66,0.33,0.133,0.024
router-11,router,0.97,39.8,61140,2.20,8,0.63,0.36,0.124,0.026
router-14,router,0.85,32.1,47830,1.88,6,0.69,0.30,0.142,0.021
router-14,router,1.01,41.2,63480,2.27,9,0.61,0.38,0.120,0.028
nvr-01,nvr,0.98,18.9,36640,1.24,3,0.79,0.20,0.197,0.013
nvr-02,nvr,1.10,22.7,43890,1.38,4,0.75,0.24,0.178,0.016
nvr-03,nvr,1.06,20.9,40180,1.33,3,0.77,0.22,0.184,0.014
nvr-04,nvr,1.18,25.4,49230,1.51,4,0.72,0.27,0.168,0.017
nvr-05,nvr,1.22,26.9,51760,1.60,5,0.69,0.30,0.162,0.019
nvr-05,nvr,1.04,20.1,38740,1.29,3,0.78,0.21,0.188,0.014
access-ctrl-01,access_controller,0.61,8.6,9920,0.55,2,0.85,0.14,0.249,0.008
access-ctrl-02,access_controller,0.68,9.7,11640,0.65,3,0.81,0.18,0.235,0.010
access-ctrl-03,access_controller,0.59,8.2,9610,0.53,2,0.86,0.13,0.252,0.008
access-ctrl-04,access_controller,0.71,10.4,12920,0.72,3,0.80,0.19,0.226,0.011
access-ctrl-05,access_controller,0.64,9.0,10670,0.59,2,0.83,0.16,0.243,0.009
access-ctrl-05,access_controller,0.73,10.9,13510,0.76,3,0.78,0.21,0.221,0.012
thermostat-04,thermostat,0.71,6.1,4310,0.34,2,0.74,0.25,0.221,0.014
thermostat-09,thermostat,0.77,6.8,4820,0.39,3,0.70,0.29,0.211,0.016
thermostat-13,thermostat,0.79,7.2,5060,0.41,3,0.69,0.30,0.207,0.017
thermostat-16,thermostat,0.67,5.5,3920,0.30,2,0.75,0.24,0.231,0.013
thermostat-20,thermostat,0.82,7.6,5310,0.44,3,0.67,0.32,0.203,0.018
thermostat-20,thermostat,0.70,5.9,4180,0.33,2,0.74,0.25,0.224,0.014
plug-11,smart_plug,0.38,2.5,940,0.08,1,0.52,0.47,0.348,0.010
plug-14,smart_plug,0.46,3.6,1420,0.12,2,0.48,0.51,0.321,0.013
plug-19,smart_plug,0.42,3.0,1160,0.10,1,0.50,0.49,0.333,0.011
plug-22,smart_plug,0.41,2.9,1090,0.09,1,0.51,0.48,0.337,0.011
plug-25,smart_plug,0.47,3.8,1520,0.13,2,0.46,0.53,0.316,0.013
plug-25,smart_plug,0.36,2.2,840,0.07,1,0.54,0.45,0.359,0.009
cam-005,camera,1.32,56.2,89170,1.76,10,0.63,0.35,0.082,0.030
sensor-27,sensor,0.52,3.5,1413,0.16,3,0.85,0.15,0.285,0.011
router-08,router,0.99,30.2,44634,1.94,6,0.67,0.30,0.154,0.026
nvr-04,nvr,1.08,17.1,40023,1.57,3,0.72,0.26,0.207,0.018
access-ctrl-02,access_controller,0.70,10.5,11133,0.66,4,0.86,0.12,0.238,0.013
thermostat-13,thermostat,0.76,6.8,4503,0.44,2,0.67,0.33,0.207,0.014
plug-11,smart_plug,0.36,3.6,880,0.10,2,0.52,0.47,0.328,0.012
cam-004,camera,1.07,60.9,73590,2.37,12,0.67,0.31,0.084,0.039
sensor-18,sensor,0.65,2.8,1722,0.23,2,0.85,0.13,0.292,0.006
router-08,router,0.93,34.5,44419,2.19,7,0.66,0.32,0.152,0.017
nvr-01,nvr,0.98,25.1,36425,1.38,6,0.74,0.25,0.164,0.017
access-ctrl-03,access_controller,0.74,8.9,12541,0.52,2,0.82,0.16,0.231,0.009
thermostat-20,thermostat,0.79,6.8,4422,0.30,4,0.69,0.30,0.227,0.013
plug-19,smart_plug,0.35,3.8,844,0.12,2,0.53,0.47,0.314,0.010
cam-001,camera,1.12,55.8,77370,1.92,7,0.61,0.38,0.100,0.033
sensor-12,sensor,0.64,2.9,2307,0.23,2,0.88,0.11,0.306,0.010
router-14,router,1.02,34.3,68897,2.31,8,0.73,0.26,0.142,0.020
nvr-01,nvr,1.09,24.7,47826,1.45,4,0.71,0.29,0.175,0.019
access-ctrl-02,access_controller,0.73,10.8,11615,0.53,3,0.81,0.17,0.236,0.010
thermostat-04,thermostat,0.67,6.0,3877,0.43,3,0.70,0.29,0.216,0.018
plug-11,smart_plug,0.40,3.6,1303,0.08,1,0.51,0.48,0.346,0.013
cam-004,camera,1.12,44.8,71892,2.68,13,0.60,0.39,0.101,0.037
sensor-24,sensor,0.46,5.1,1509,0.11,1,0.87,0.13,0.244,0.010
router-14,router,0.93,42.1,61836,2.00,6,0.69,0.31,0.122,0.021
nvr-06,nvr,1.17,25.8,44662,1.27,3,0.81,0.18,0.180,0.012
access-ctrl-05,access_controller,0.60,11.4,13921,0.54,2,0.82,0.16,0.218,0.007
thermostat-13,thermostat,0.85,6.9,4257,0.32,3,0.68,0.31,0.203,0.017
plug-14,smart_plug,0.38,2.6,782,0.09,1,0.46,0.52,0.343,0.009
cam-005,camera,1.17,57.7,95446,1.76,10,0.61,0.37,0.101,0.029
sensor-07,sensor,0.50,4.8,2472,0.24,2,0.82,0.16,0.270,0.004
router-11,router,0.78,29.1,65691,1.86,6,0.67,0.32,0.122,0.028
nvr-06,nvr,1.20,27.3,54429,1.14,3,0.69,0.30,0.184,0.020
access-ctrl-01,access_controller,0.67,8.4,12992,0.72,3,0.77,0.22,0.248,0.012
thermostat-09,thermostat,0.81,7.3,4653,0.33,4,0.72,0.26,0.231,0.017
plug-19,smart_plug,0.43,2.4,1079,0.14,1,0.49,0.49,0.353,0.012
cam-003,camera,1.25,47.4,97473,2.52,11,0.60,0.37,0.114,0.028
sensor-24,sensor,0.61,4.0,2299,0.18,2,0.83,0.16,0.255,0.005
router-08,router,0.85,35.5,68866,2.11,10,0.65,0.34,0.154,0.027
nvr-01,nvr,1.14,23.6,50885,1.57,5,0.81,0.19,0.193,0.011
access-ctrl-04,access_controller,0.57,9.5,12552,0.49,2,0.84,0.13,0.258,0.010
thermostat-24,thermostat,0.85,6.5,3939,0.32,2,0.68,0.30,0.235,0.015
plug-11,smart_plug,0.48,3.0,1471,0.12,2,0.48,0.50,0.336,0.010
cam-006,camera,1.22,60.2,87862,2.78,10,0.66,0.32,0.112,0.026
sensor-21,sensor,0.44,4.5,2021,0.25,2,0.85,0.15,0.315,0.009
router-02,router,1.02,34.3,42602,2.21,6,0.66,0.31,0.137,0.030
nvr-06,nvr,1.04,25.9,34046,1.71,6,0.76,0.22,0.198,0.012
access-ctrl-01,access_controller,0.64,9.7,12008,0.68,4,0.77,0.22,0.237,0.010
thermostat-13,thermostat,0.84,8.0,4616,0.34,3,0.72,0.25,0.233,0.014
plug-11,smart_plug,0.34,3.8,1658,0.10,1,0.49,0.51,0.335,0.010
cam-003,camera,1.13,49.3,79789,2.79,7,0.65,0.34,0.093,0.034
sensor-24,sensor,0.52,3.0,2200,0.13,1,0.81,0.16,0.317,0.009
router-14,router,0.82,40.6,49799,1.74,10,0.62,0.37,0.133,0.016
nvr-06,nvr,0.97,21.2,51109,1.52,4,0.75,0.22,0.164,0.011
access-ctrl-06,access_controller,0.73,11.3,9535,0.64,4,0.82,0.16,0.230,0.011
thermostat-13,thermostat,0.84,6.5,3907,0.39,2,0.74,0.25,0.233,0.014
plug-29,smart_plug,0.44,2.2,1404,0.15,2,0.48,0.50,0.345,0.012
cam-004,camera,1.25,51.8,78957,2.54,8,0.59,0.41,0.096,0.026
sensor-18,sensor,0.53,5.6,1687,0.21,3,0.90,0.07,0.323,0.004
router-02,router,0.85,42.6,40165,2.28,6,0.63,0.35,0.154,0.017
nvr-01,nvr,1.21,20.8,48602,1.59,3,0.72,0.25,0.167,0.013
access-ctrl-04,access_controller,0.69,9.9,12450,0.49,4,0.83,0.17,0.243,0.010
thermostat-04,thermostat,0.71,6.3,5354,0.47,4,0.76,0.22,0.226,0.013
plug-14,smart_plug,0.43,3.2,1623,0.14,2,0.48,0.51,0.350,0.014
cam-004,camera,1.13,59.9,77629,2.71,10,0.70,0.29,0.099,0.032
sensor-18,sensor,0.51,3.8,2475,0.25,3,0.91,0.07,0.306,0.007
router-02,router,0.98,39.3,63738,1.82,5,0.70,0.27,0.123,0.020
nvr-04,nvr,1.15,17.9,39551,1.60,4,0.82,0.17,0.189,0.017
access-ctrl-04,access_controller,0.71,11.1,14391,0.74,2,0.87,0.13,0.215,0.008
thermostat-16,thermostat,0.77,5.5,4018,0.41,2,0.70,0.28,0.229,0.017
plug-11,smart_plug,0.43,3.6,1288,0.07,1,0.53,0.47,0.345,0.012
cam-005,camera,1.14,49.4,97922,2.69,11,0.60,0.40,0.097,0.036
sensor-18,sensor,0.53,5.4,1987,0.23,2,0.88,0.11,0.316,0.010
router-17,router,1.04,37.4,48413,2.10,9,0.61,0.38,0.119,0.021
nvr-06,nvr,1.04,25.9,35285,1.66,4,0.68,0.31,0.165,0.018
access-ctrl-03,access_controller,0.69,8.7,13260,0.73,3,0.84,0.15,0.261,0.012
thermostat-04,thermostat,0.74,6.0,4051,0.40,4,0.74,0.26,0.206,0.013
plug-25,smart_plug,0.38,3.6,1503,0.06,2,0.51,0.48,0.325,0.012
cam-005,camera,1.24,47.8,77142,2.44,10,0.68,0.31,0.080,0.026
sensor-07,sensor,0.65,2.9,1863,0.12,2,0.92,0.07,0.286,0.007
router-05,router,0.89,36.3,68211,2.03,5,0.61,0.38,0.147,0.027
nvr-04,nvr,1.09,22.8,53748,1.14,5,0.81,0.17,0.212,0.018
access-ctrl-06,access_controller,0.64,11.0,13669,0.62,4,0.78,0.20,0.249,0.010
thermostat-09,thermostat,0.82,5.9,4270,0.35,2,0.76,0.22,0.200,0.013
plug-19,smart_plug,0.48,4.0,1569,0.13,1,0.46,0.52,0.358,0.012
cam-006,camera,1.42,61.5,101600,2.53,12,0.66,0.31,0.097,0.036
sensor-18,sensor,0.54,3.7,2772,0.14,2,0.81,0.18,0.290,0.009
router-02,router,1.03,42.1,45009,2.23,9,0.70,0.29,0.139,0.016
nvr-05,nvr,1.17,24.7,49549,1.61,3,0.78,0.21,0.176,0.016
access-ctrl-03,access_controller,0.76,8.7,10541,0.50,3,0.77,0.23,0.237,0.013
thermostat-04,thermostat,0.68,6.2,5434,0.35,4,0.71,0.27,0.217,0.017
plug-29,smart_plug,0.41,3.0,1646,0.07,2,0.46,0.51,0.329,0.009
cam-005,camera,1.27,53.0,93977,2.64,8,0.66,0.32,0.111,0.037
sensor-21,sensor,0.64,3.3,2429,0.21,2,0.87,0.11,0.273,0.004
router-02,router,1.01,36.8,45886,1.70,6,0.66,0.33,0.120,0.019
nvr-02,nvr,1.22,18.1,39055,1.59,3,0.70,0.28,0.201,0.018
access-ctrl-02,access_controller,0.65,9.3,10330,0.57,4,0.84,0.15,0.261,0.010
thermostat-13,thermostat,0.75,6.1,4370,0.39,4,0.74,0.25,0.210,0.015
plug-29,smart_plug,0.40,3.3,924,0.13,1,0.54,0.45,0.326,0.013
cam-001,camera,1.36,52.6,94180,1.99,10,0.63,0.36,0.088,0.026
sensor-24,sensor,0.51,2.7,1728,0.19,2,0.82,0.17,0.264,0.009
router-17,router,0.91,33.3,46364,1.70,6,0.68,0.30,0.148,0.019
nvr-02,nvr,1.25,18.5,51571,1.47,5,0.78,0.20,0.194,0.017
access-ctrl-05,access_controller,0.68,10.1,13178,0.52,3,0.83,0.17,0.256,0.011
thermostat-16,thermostat,0.78,6.6,5458,0.38,4,0.70,0.28,0.221,0.017
plug-25,smart_plug,0.34,2.7,1291,0.14,2,0.46,0.53,0.322,0.012
cam-004,camera,1.35,47.9,96761,2.53,11,0.68,0.30,0.097,0.031
sensor-21,sensor,0.46,5.2,2489,0.15,3,0.85,0.14,0.263,0.006
router-02,router,0.92,29.1,55257,1.91,10,0.69,0.29,0.126,0.026
nvr-06,nvr,1.25,24.0,41848,1.39,3,0.78,0.20,0.194,0.016
access-ctrl-04,access_controller,0.76,11.6,13170,0.53,4,0.79,0.21,0.220,0.013
thermostat-09,thermostat,0.78,8.0,4222,0.33,3,0.73,0.24,0.205,0.017
plug-14,smart_plug,0.43,2.3,1374,0.09,2,0.52,0.46,0.326,0.013
cam-005,camera,1.07,62.3,87265,1.79,7,0.66,0.32,0.104,0.040
sensor-12,sensor,0.57,5.3,1218,0.25,3,0.79,0.20,0.308,0.007
router-17,router,0.74,35.5,67099,2.26,5,0.70,0.29,0.129,0.027
nvr-05,nvr,1.25,22.5,43012,1.50,4,0.76,0.22,0.184,0.018
access-ctrl-04,access_controller,0.62,10.7,13636,0.76,3,0.82,0.16,0.257,0.011
thermostat-24,thermostat,0.85,5.3,5269,0.29,4,0.71,0.29,0.216,0.018
plug-22,smart_plug,0.39,2.2,1182,0.13,1,0.52,0.45,0.324,0.010
cam-002,camera,1.12,50.5,71464,2.59,12,0.58,0.40,0.092,0.026
sensor-07,sensor,0.54,3.3,2395,0.11,2,0.91,0.08,0.299,0.007
router-08,router,0.97,39.0,54530,2.22,5,0.64,0.35,0.145,0.025
nvr-06,nvr,1.03,25.3,34677,1.63,3,0.77,0.21,0.178,0.014
access-ctrl-04,access_controller,0.58,7.7,14386,0.71,3,0.85,0.14,0.256,0.012
thermostat-24,thermostat,0.75,7.6,5497,0.37,3,0.66,0.33,0.208,0.013
plug-14,smart_plug,0.43,2.9,943,0.11,2,0.46,0.53,0.362,0.013
cam-001,camera,1.34,52.8,75049,2.72,10,0.61,0.38,0.085,0.036
sensor-07,sensor,0.45,4.4,1682,0.23,1,0.89,0.09,0.287,0.011
router-02,router,0.82,36.5,63916,2.07,6,0.68,0.30,0.154,0.021
nvr-05,nvr,0.95,18.0,53613,1.70,6,0.71,0.26,0.181,0.012
access-ctrl-05,access_controller,0.67,8.4,9696,0.78,4,0.79,0.18,0.261,0.007
thermostat-09,thermostat,0.68,7.9,3912,0.42,2,0.70,0.28,0.234,0.013
plug-11,smart_plug,0.44,3.1,1183,0.14,2,0.53,0.45,0.321,0.013
cam-003,camera,1.24,58.0,82133,2.76,12,0.65,0.34,0.082,0.032
sensor-21,sensor,0.44,3.3,2262,0.24,2,0.90,0.09,0.267,0.006
router-05,router,0.94,35.9,59320,1.68,9,0.62,0.35,0.158,0.019
nvr-01,nvr,1.01,26.2,34760,1.55,6,0.77,0.21,0.211,0.020
access-ctrl-01,access_controller,0.71,10.1,11480,0.84,3,0.83,0.15,0.221,0.011
thermostat-13,thermostat,0.78,5.3,5025,0.48,2,0.68,0.31,0.235,0.019
plug-19,smart_plug,0.46,2.3,787,0.14,1,0.51,0.47,0.315,0.011
cam-003,camera,1.22,45.0,79390,1.80,13,0.66,0.33,0.098,0.029
sensor-18,sensor,0.56,4.0,2480,0.16,1,0.83,0.16,0.308,0.007
router-02,router,1.01,27.3,49006,1.71,5,0.70,0.29,0.154,0.021
nvr-01,nvr,1.17,20.1,33006,1.31,6,0.80,0.18,0.199,0.013
access-ctrl-06,access_controller,0.58,9.8,10389,0.63,4,0.77,0.23,0.251,0.007
thermostat-13,thermostat,0.75,6.3,4397,0.39,2,0.67,0.33,0.217,0.012
plug-22,smart_plug,0.41,2.2,963,0.06,1,0.48,0.50,0.350,0.010
cam-006,camera,1.29,55.0,98409,2.09,9,0.64,0.33,0.092,0.040
sensor-12,sensor,0.43,3.8,1755,0.21,3,0.90,0.08,0.264,0.010
router-11,router,0.94,34.3,44846,1.75,6,0.62,0.37,0.140,0.018
nvr-01,nvr,1.00,27.7,35964,1.37,6,0.78,0.19,0.169,0.013
access-ctrl-01,access_controller,0.56,9.7,9643,0.64,3,0.80,0.18,0.232,0.012
thermostat-04,thermostat,0.80,7.1,4435,0.44,2,0.71,0.29,0.221,0.015
plug-14,smart_plug,0.38,3.6,1078,0.15,1,0.47,0.52,0.314,0.011
cam-004,camera,1.31,54.7,78165,1.82,11,0.60,0.40,0.103,0.031
sensor-24,sensor,0.50,3.6,1549,0.22,1,0.91,0.09,0.313,0.005
router-08,router,0.99,29.3,40659,1.81,7,0.73,0.24,0.120,0.024
nvr-01,nvr,1.21,23.8,38064,1.17,3,0.76,0.22,0.192,0.017
access-ctrl-04,access_controller,0.70,11.6,11844,0.63,3,0.79,0.20,0.249,0.007
thermostat-24,thermostat,0.67,6.7,4444,0.30,3,0.68,0.32,0.224,0.016
plug-22,smart_plug,0.35,3.6,1370,0.07,1,0.47,0.51,0.314,0.010
cam-005,camera,1.31,55.0,81665,1.76,12,0.58,0.42,0.087,0.027
sensor-27,sensor,0.52,3.6,2427,0.15,1,0.81,0.17,0.266,0.011
router-05,router,1.01,33.6,56689,2.34,10,0.60,0.38,0.143,0.026
nvr-04,nvr,1.00,27.7,50862,1.33,6,0.72,0.26,0.194,0.012
access-ctrl-06,access_controller,0.71,10.6,11995,0.68,3,0.77,0.22,0.256,0.008
thermostat-09,thermostat,0.77,7.9,5304,0.43,4,0.73,0.25,0.230,0.015
plug-19,smart_plug,0.39,2.3,1146,0.13,2,0.48,0.50,0.328,0.010
cam-005,camera,1.24,44.2,81277,2.22,10,0.62,0.36,0.102,0.029
sensor-21,sensor,0.58,4.0,2523,0.08,3,0.80,0.18,0.247,0.007
router-14,router,0.75,27.7,66477,1.77,5,0.61,0.38,0.125,0.018
nvr-03,nvr,1.05,21.2,46587,1.24,6,0.79,0.19,0.176,0.018
access-ctrl-01,access_controller,0.67,8.0,9215,0.68,4,0.76,0.23,0.258,0.012
thermostat-16,thermostat,0.75,5.7,5392,0.38,3,0.71,0.28,0.201,0.017
plug-11,smart_plug,0.42,3.3,1174,0.12,2,0.53,0.46,0.352,0.011
cam-006,camera,1.07,60.4,84087,2.14,9,0.57,0.40,0.088,0.041
sensor-07,sensor,0.45,3.4,1363,0.12,3,0.89,0.08,0.311,0.009
router-08,router,0.90,41.0,43608,2.19,9,0.74,0.23,0.128,0.019
nvr-04,nvr,0.96,25.4,37529,1.69,4,0.74,0.24,0.188,0.019
access-ctrl-04,access_controller,0.76,9.5,12401,0.68,3,0.86,0.13,0.250,0.011
thermostat-13,thermostat,0.67,7.0,4324,0.33,2,0.73,0.26,0.212,0.013
plug-29,smart_plug,0.47,3.7,996,0.06,2,0.53,0.45,0.316,0.011
cam-006,camera,1.43,57.6,81805,2.73,8,0.61,0.39,0.080,0.031
sensor-21,sensor,0.62,3.4,1772,0.15,3,0.83,0.14,0.287,0.011
router-05,router,0.81,33.2,65298,1.93,10,0.60,0.38,0.148,0.029
nvr-01,nvr,1.00,18.6,40843,1.65,3,0.73,0.25,0.188,0.013
access-ctrl-03,access_controller,0.57,8.7,10451,0.73,3,0.80,0.20,0.221,0.008
thermostat-20,thermostat,0.70,7.8,4193,0.42,4,0.71,0.29,0.227,0.014
plug-22,smart_plug,0.39,3.8,1157,0.08,2,0.49,0.50,0.345,0.011
cam-004,camera,1.29,44.1,71303,2.20,7,0.66,0.32,0.103,0.035
sensor-24,sensor,0.43,4.3,2742,0.19,3,0.85,0.14,0.297,0.007
router-08,router,0.83,32.9,64358,2.24,6,0.70,0.29,0.123,0.021
nvr-05,nvr,1.20,16.9,45685,1.42,3,0.79,0.21,0.186,0.018
access-ctrl-06,access_controller,0.76,9.1,9720,0.73,2,0.78,0.19,0.250,0.011
thermostat-13,thermostat,0.69,5.3,3836,0.35,4,0.69,0.29,0.225,0.015
plug-22,smart_plug,0.40,2.7,1596,0.10,1,0.51,0.46,0.338,0.009
cam-003,camera,1.29,50.6,92087,2.38,7,0.60,0.40,0.111,0.025
sensor-27,sensor,0.62,4.9,2480,0.15,3,0.84,0.15,0.282,0.010
router-02,router,0.99,36.4,48535,1.81,6,0.74,0.25,0.133,0.020
nvr-05,nvr,1.20,22.8,37636,1.28,3,0.73,0.27,0.200,0.017
access-ctrl-05,access_controller,0.60,7.7,13812,0.82,3,0.78,0.19,0.217,0.011
thermostat-20,thermostat,0.79,7.8,5458,0.31,2,0.76,0.22,0.221,0.015
plug-29,smart_plug,0.42,3.2,1156,0.12,1,0.54,0.44,0.337,0.009
cam-006,camera,1.15,56.6,74666,2.21,12,0.57,0.40,0.080,0.036
sensor-27,sensor,0.66,3.7,2709,0.11,1,0.89,0.09,0.244,0.005
router-14,router,0.89,26.9,66772,2.20,8,0.73,0.24,0.133,0.020
nvr-04,nvr,0.90,16.9,53768,1.28,4,0.72,0.28,0.179,0.013
access-ctrl-04,access_controller,0.72,10.6,9209,0.65,4,0.79,0.21,0.242,0.007
thermostat-09,thermostat,0.72,7.4,3792,0.39,2,0.68,0.30,0.213,0.016
plug-11,smart_plug,0.35,3.5,817,0.11,2,0.48,0.50,0.342,0.013
cam-005,camera,1.12,49.9,100285,2.73,9,0.71,0.26,0.088,0.035
sensor-07,sensor,0.53,4.1,2651,0.11,1,0.90,0.09,0.319,0.009
router-05,router,1.04,27.7,62781,1.76,8,0.67,0.30,0.131,0.022
nvr-01,nvr,1.05,17.5,35114,1.54,5,0.74,0.24,0.161,0.018
access-ctrl-03,access_controller,0.59,11.0,9061,0.52,3,0.84,0.13,0.260,0.009
thermostat-09,thermostat,0.72,5.4,3878,0.44,4,0.71,0.28,0.233,0.015
plug-11,smart_plug,0.41,3.3,1526,0.09,1,0.47,0.52,0.351,0.013
cam-002,camera,1.42,54.0,100461,1.84,7,0.63,0.37,0.080,0.032
sensor-24,sensor,0.46,2.9,2031,0.15,1,0.92,0.06,0.324,0.007
router-02,router,0.88,34.8,41666,1.87,9,0.67,0.32,0.138,0.016
nvr-02,nvr,0.91,22.9,34768,1.58,5,0.71,0.27,0.189,0.014
access-ctrl-04,access_controller,0.70,10.3,12143,0.77,2,0.82,0.16,0.260,0.008
thermostat-16,thermostat,0.77,5.4,4383,0.45,3,0.73,0.25,0.236,0.015
plug-29,smart_plug,0.36,2.3,824,0.07,2,0.47,0.50,0.361,0.012
cam-001,camera,1.16,60.8,97185,1.85,7,0.62,0.36,0.104,0.039
sensor-07,sensor,0.62,3.5,2182,0.18,3,0.87,0.11,0.257,0.005
router-02,router,0.92,37.8,49803,2.13,7,0.68,0.30,0.127,0.025
nvr-02,nvr,1.10,20.5,54241,1.34,3,0.79,0.20,0.168,0.012
access-ctrl-05,access_controller,0.57,8.4,12365,0.70,3,0.81,0.17,0.219,0.008
thermostat-20,thermostat,0.79,5.6,4510,0.48,2,0.72,0.26,0.220,0.017
plug-25,smart_plug,0.48,3.9,1455,0.12,2,0.46,0.53,0.331,0.011
cam-001,camera,1.13,58.8,92417,1.93,11,0.70,0.29,0.111,0.035
sensor-07,sensor,0.58,5.7,1641,0.17,3,0.85,0.13,0.263,0.009
router-05,router,0.82,28.7,43544,1.84,5,0.63,0.36,0.134,0.028
nvr-03,nvr,0.96,21.1,33681,1.34,5,0.70,0.30,0.170,0.018
access-ctrl-03,access_controller,0.68,11.2,11194,0.50,4,0.86,0.13,0.226,0.010
thermostat-16,thermostat,0.71,7.7,5044,0.40,4,0.74,0.25,0.204,0.017
plug-14,smart_plug,0.37,2.6,774,0.07,1,0.52,0.45,0.353,0.013
cam-003,camera,1.31,59.8,71170,1.78,9,0.64,0.34,0.101,0.029
sensor-27,sensor,0.54,4.3,1944,0.11,2,0.89,0.09,0.281,0.005
router-08,router,0.94,38.0,44567,2.10,8,0.73,0.26,0.119,0.029
nvr-01,nvr,1.00,24.0,37167,1.35,6,0.72,0.26,0.207,0.012
access-ctrl-05,access_controller,0.66,7.7,10583,0.67,3,0.81,0.19,0.224,0.008
thermostat-13,thermostat,0.73,7.5,5489,0.30,2,0.72,0.25,0.221,0.013
plug-19,smart_plug,0.43,2.3,774,0.14,2,0.46,0.53,0.312,0.014
cam-002,camera,1.12,55.4,90354,2.12,13,0.70,0.29,0.083,0.035
sensor-24,sensor,0.59,3.1,1923,0.20,1,0.82,0.18,0.280,0.008
router-05,router,0.76,28.7,68995,1.72,10,0.65,0.33,0.149,0.024
nvr-06,nvr,1.09,17.4,51780,1.24,4,0.75,0.24,0.205,0.014
access-ctrl-01,access_controller,0.71,8.5,9413,0.50,2,0.77,0.22,0.218,0.011
thermostat-20,thermostat,0.77,5.7,3980,0.47,4,0.68,0.29,0.230,0.015
plug-29,smart_plug,0.42,3.9,1397,0.14,1,0.48,0.49,0.339,0.011
cam-005,camera,1.18,57.1,93453,2.67,8,0.58,0.39,0.094,0.038
sensor-07,sensor,0.56,4.3,1988,0.13,2,0.79,0.19,0.272,0.008
router-17,router,1.00,31.1,66880,1.71,10,0.74,0.26,0.151,0.020
nvr-06,nvr,1.17,22.4,52928,1.35,6,0.72,0.27,0.165,0.012
access-ctrl-05,access_controller,0.57,8.5,9194,0.63,4,0.77,0.22,0.241,0.009
thermostat-04,thermostat,0.72,5.4,4825,0.44,3,0.75,0.23,0.203,0.015
plug-19,smart_plug,0.46,2.9,830,0.06,1,0.49,0.50,0.313,0.013
cam-001,camera,1.26,54.7,77081,2.62,10,0.62,0.35,0.104,0.025
sensor-24,sensor,0.65,4.7,1869,0.15,3,0.82,0.18,0.248,0.010
router-05,router,0.93,31.1,68602,2.14,7,0.66,0.33,0.131,0.017
nvr-05,nvr,1.26,17.5,39025,1.14,4,0.78,0.21,0.208,0.012
access-ctrl-04,access_controller,0.70,8.2,9279,0.83,2,0.83,0.15,0.219,0.009
thermostat-04,thermostat,0.78,6.7,3869,0.30,4,0.69,0.29,0.222,0.017
plug-14,smart_plug,0.35,3.7,1552,0.10,2,0.53,0.47,0.346,0.009
cam-003,camera,1.10,56.6,81176,2.29,12,0.68,0.31,0.114,0.027
sensor-07,sensor,0.64,4.1,2168,0.19,2,0.87,0.13,0.278,0.004
router-14,router,0.85,27.6,54095,1.77,5,0.65,0.32,0.152,0.018
nvr-01,nvr,1.02,23.1,55692,1.14,4,0.77,0.22,0.188,0.012
access-ctrl-02,access_controller,0.74,7.9,10217,0.75,4,0.76,0.23,0.238,0.008
thermostat-13,thermostat,0.73,6.8,4171,0.36,4,0.74,0.24,0.202,0.015
plug-29,smart_plug,0.45,3.3,1448,0.14,1,0.52,0.46,0.318,0.014
cam-004,camera,1.34,43.8,93485,2.68,7,0.59,0.38,0.083,0.030
sensor-24,sensor,0.51,4.5,2579,0.22,3,0.82,0.17,0.311,0.011
router-08,router,0.83,34.2,63604,2.15,10,0.70,0.30,0.123,0.019
nvr-03,nvr,0.94,26.3,40463,1.40,5,0.76,0.23,0.185,0.013
access-ctrl-02,access_controller,0.69,11.1,10824,0.72,3,0.82,0.15,0.244,0.009
thermostat-09,thermostat,0.81,7.8,5413,0.31,2,0.73,0.24,0.211,0.014
plug-14,smart_plug,0.44,3.0,1661,0.08,2,0.46,0.54,0.341,0.011
cam-005,camera,1.29,57.3,90591,2.76,12,0.68,0.30,0.085,0.033
sensor-21,sensor,0.54,5.2,1629,0.25,2,0.89,0.10,0.300,0.007
router-11,router,0.96,40.8,49028,1.96,7,0.70,0.29,0.128,0.027
nvr-04,nvr,1.25,23.5,55195,1.64,3,0.73,0.25,0.172,0.018
access-ctrl-01,access_controller,0.66,10.6,14164,0.72,3,0.82,0.16,0.224,0.009
thermostat-24,thermostat,0.83,7.4,5352,0.31,3,0.69,0.31,0.223,0.019
plug-25,smart_plug,0.36,2.2,1625,0.14,1,0.52,0.45,0.315,0.011
cam-004,camera,1.22,57.4,85373,2.42,8,0.65,0.35,0.096,0.039
sensor-12,sensor,0.42,3.0,2479,0.14,2,0.92,0.05,0.270,0.005
router-17,router,0.89,35.7,52992,1.87,10,0.65,0.34,0.149,0.021
nvr-01,nvr,1.03,28.4,36663,1.65,6,0.73,0.25,0.208,0.018
access-ctrl-06,access_controller,0.64,8.5,11004,0.59,4,0.77,0.23,0.245,0.008
thermostat-09,thermostat,0.66,7.6,4180,0.29,2,0.67,0.31,0.232,0.018
plug-11,smart_plug,0.46,2.5,1578,0.09,2,0.52,0.48,0.321,0.009
cam-004,camera,1.28,44.8,99751,2.00,9,0.61,0.36,0.083,0.030
sensor-24,sensor,0.42,5.2,2579,0.18,2,0.91,0.06,0.292,0.007
router-14,router,0.78,38.3,58383,2.15,8,0.69,0.29,0.151,0.018
nvr-04,nvr,1.23,25.8,47129,1.18,3,0.71,0.29,0.160,0.011
access-ctrl-05,access_controller,0.57,9.0,13404,0.55,4,0.76,0.24,0.224,0.012
thermostat-24,thermostat,0.71,8.1,4945,0.31,4,0.73,0.26,0.211,0.013
plug-11,smart_plug,0.40,3.7,1429,0.12,1,0.50,0.48,0.337,0.010
cam-005,camera,1.42,55.5,83336,2.37,8,0.69,0.29,0.111,0.033
sensor-24,sensor,0.59,3.7,1147,0.12,1,0.84,0.16,0.266,0.006
router-02,router,0.90,40.4,61436,1.85,8,0.63,0.35,0.143,0.019
nvr-04,nvr,1.09,26.0,40744,1.56,3,0.81,0.18,0.181,0.013
access-ctrl-05,access_controller,0.66,11.5,9203,0.52,3,0.78,0.20,0.253,0.009
thermostat-24,thermostat,0.65,6.9,4567,0.29,4,0.73,0.25,0.205,0.014
plug-29,smart_plug,0.38,3.1,1477,0.10,2,0.46,0.54,0.327,0.010
cam-005,camera,1.35,60.8,72410,2.48,9,0.68,0.29,0.101,0.024
sensor-18,sensor,0.65,2.8,2366,0.10,2,0.88,0.10,0.263,0.010
router-11,router,0.80,28.1,46053,2.21,10,0.73,0.25,0.147,0.029
nvr-04,nvr,1.02,19.5,38513,1.41,3,0.72,0.25,0.197,0.015
access-ctrl-01,access_controller,0.67,11.4,14142,0.55,2,0.87,0.13,0.248,0.008
thermostat-20,thermostat,0.67,6.9,4531,0.34,3,0.73,0.24,0.236,0.014
plug-14,smart_plug,0.45,2.9,1392,0.13,2,0.50,0.49,0.351,0.012
cam-001,camera,1.35,64.0,73631,2.55,9,0.59,0.41,0.094,0.037
sensor-12,sensor,0.63,4.1,2002,0.20,3,0.80,0.17,0.284,0.005
router-02,router,0.98,26.8,47370,1.84,6,0.71,0.26,0.125,0.024
nvr-04,nvr,1.25,17.1,33611,1.23,6,0.70,0.29,0.195,0.012
access-ctrl-02,access_controller,0.72,9.9,9969,0.69,2,0.85,0.12,0.255,0.008
thermostat-04,thermostat,0.73,5.2,5138,0.33,2,0.67,0.32,0.215,0.015
plug-19,smart_plug,0.48,2.9,1078,0.13,1,0.45,0.52,0.329,0.009
cam-002,camera,1.15,46.2,95102,1.98,8,0.63,0.34,0.114,0.035
sensor-07,sensor,0.59,4.5,2640,0.10,3,0.89,0.11,0.255,0.008
router-02,router,0.88,27.5,61776,2.27,10,0.64,0.36,0.136,0.025
nvr-06,nvr,1.21,27.1,55415,1.55,4,0.80,0.19,0.172,0.012
access-ctrl-01,access_controller,0.76,9.0,13228,0.76,4,0.78,0.19,0.248,0.013
thermostat-09,thermostat,0.69,6.4,3964,0.40,3,0.73,0.26,0.206,0.019
plug-14,smart_plug,0.45,3.7,1606,0.12,1,0.53,0.47,0.360,0.012
cam-006,camera,1.37,54.2,82798,1.90,8,0.66,0.33,0.109,0.034
sensor-07,sensor,0.56,5.2,1394,0.14,2,0.87,0.13,0.243,0.004
router-17,router,0.97,30.9,51657,1.66,5,0.62,0.37,0.125,0.018
nvr-01,nvr,1.06,25.4,51176,1.38,5,0.71,0.28,0.184,0.017
access-ctrl-03,access_controller,0.76,11.7,10217,0.72,2,0.82,0.17,0.243,0.008
thermostat-24,thermostat,0.74,7.8,3919,0.37,4,0.67,0.31,0.213,0.013
plug-14,smart_plug,0.37,2.5,777,0.13,1,0.54,0.44,0.345,0.014
cam-001,camera,1.33,45.5,79602,2.46,13,0.62,0.38,0.082,0.036
sensor-24,sensor,0.46,2.8,2749,0.10,3,0.81,0.19,0.249,0.005
router-17,router,0.78,42.4,41637,1.68,6,0.69,0.28,0.143,0.029
nvr-01,nvr,0.92,20.0,53095,1.49,3,0.80,0.17,0.173,0.012
access-ctrl-06,access_controller,0.62,11.7,13480,0.65,2,0.84,0.14,0.251,0.008
thermostat-04,thermostat,0.77,5.5,3986,0.46,2,0.70,0.29,0.220,0.018
plug-29,smart_plug,0.37,3.8,1426,0.07,1,0.48,0.50,0.340,0.012
cam-005,camera,1.31,53.8,81944,2.58,9,0.65,0.34,0.086,0.035
sensor-12,sensor,0.55,3.0,1707,0.19,1,0.83,0.16,0.251,0.006
router-02,router,0.84,28.3,41483,2.08,10,0.63,0.37,0.125,0.028
nvr-01,nvr,0.95,20.8,47602,1.47,6,0.80,0.17,0.195,0.016
access-ctrl-04,access_controller,0.59,7.8,9779,0.83,4,0.77,0.21,0.258,0.010
thermostat-20,thermostat,0.74,5.2,4350,0.34,2,0.69,0.29,0.236,0.013
plug-11,smart_plug,0.41,2.6,1486,0.10,2,0.49,0.50,0.339,0.012
cam-006,camera,1.19,54.5,81110,2.43,13,0.62,0.36,0.098,0.038
sensor-18,sensor,0.46,3.0,1676,0.19,3,0.90,0.08,0.278,0.010
router-08,router,0.78,32.8,56495,2.21,6,0.64,0.36,0.148,0.025
nvr-02,nvr,1.02,22.7,47299,1.23,3,0.77,0.21,0.178,0.017
access-ctrl-05,access_controller,0.62,9.5,13097,0.79,2,0.86,0.14,0.228,0.008
thermostat-04,thermostat,0.67,5.5,5120,0.31,4,0.68,0.32,0.213,0.014
plug-25,smart_plug,0.42,3.4,991,0.09,1,0.50,0.48,0.333,0.010
cam-004,camera,1.25,54.4,95346,2.45,10,0.68,0.32,0.097,0.029
sensor-24,sensor,0.52,2.9,2492,0.20,2,0.91,0.07,0.268,0.004
router-05,router,0.98,30.8,41838,1.94,8,0.70,0.27,0.123,0.027
nvr-05,nvr,1.12,21.4,44975,1.29,3,0.71,0.28,0.172,0.019
access-ctrl-05,access_controller,0.58,9.5,14054,0.57,2,0.80,0.19,0.244,0.012
thermostat-24,thermostat,0.71,6.6,3893,0.46,3,0.68,0.30,0.218,0.014
plug-25,smart_plug,0.38,3.1,1147,0.14,2,0.53,0.46,0.318,0.013
cam-003,camera,1.13,44.5,90718,2.48,11,0.63,0.34,0.111,0.039
sensor-12,sensor,0.41,4.1,1592,0.11,1,0.90,0.08,0.259,0.009
router-14,router,0.87,42.2,58429,2.22,9,0.70,0.30,0.143,0.026
nvr-02,nvr,0.99,25.3,52893,1.36,6,0.75,0.23,0.182,0.018
access-ctrl-02,access_controller,0.73,7.6,11309,0.50,4,0.81,0.17,0.216,0.011
thermostat-13,thermostat,0.78,7.6,4237,0.41,3,0.71,0.28,0.224,0.019
plug-29,smart_plug,0.41,3.6,951,0.08,1,0.50,0.48,0.342,0.011
cam-002,camera,1.38,50.2,79992,2.42,11,0.58,0.41,0.090,0.030
sensor-21,sensor,0.61,3.8,1551,0.11,1,0.90,0.08,0.279,0.008
router-14,router,0.77,36.1,64383,1.93,8,0.67,0.31,0.125,0.030
nvr-02,nvr,1.03,26.7,48571,1.42,6,0.82,0.17,0.164,0.013
access-ctrl-03,access_controller,0.70,7.9,12650,0.56,3,0.85,0.14,0.246,0.011
thermostat-13,thermostat,0.75,5.6,4788,0.37,3,0.75,0.24,0.232,0.015
plug-29,smart_plug,0.44,2.6,993,0.07,2,0.45,0.55,0.343,0.010
cam-005,camera,1.13,47.2,88059,2.43,8,0.59,0.38,0.087,0.032
sensor-12,sensor,0.55,4.3,1629,0.16,1,0.78,0.21,0.306,0.007
router-05,router,0.75,29.8,62019,2.09,6,0.69,0.30,0.157,0.027
nvr-02,nvr,1.11,23.6,44735,1.49,4,0.68,0.32,0.178,0.014
access-ctrl-05,access_controller,0.77,8.4,12094,0.71,4,0.85,0.15,0.243,0.011
thermostat-24,thermostat,0.74,5.5,3706,0.43,4,0.69,0.29,0.220,0.014
plug-25,smart_plug,0.40,3.6,1130,0.13,1,0.50,0.49,0.333,0.013
cam-001,camera,1.24,46.2,101981,2.60,12,0.71,0.28,0.096,0.040
sensor-21,sensor,0.51,3.8,1582,0.17,1,0.86,0.14,0.244,0.005
router-14,router,0.93,36.6,63067,2.04,9,0.71,0.26,0.137,0.022
nvr-06,nvr,1.25,24.2,41000,1.50,5,0.73,0.25,0.173,0.016
access-ctrl-05,access_controller,0.57,9.1,14229,0.80,4,0.87,0.12,0.256,0.012
thermostat-13,thermostat,0.66,7.5,4454,0.47,4,0.71,0.29,0.219,0.012
plug-22,smart_plug,0.47,2.9,1495,0.09,2,0.49,0.49,0.338,0.010
cam-001,camera,1.43,43.8,71320,2.69,8,0.64,0.35,0.104,0.026
sensor-24,sensor,0.51,4.4,1895,0.09,3,0.83,0.17,0.304,0.005
router-14,router,0.97,33.2,48420,2.12,10,0.62,0.37,0.156,0.017
nvr-05,nvr,1.19,27.0,49228,1.16,6,0.80,0.20,0.192,0.014
access-ctrl-01,access_controller,0.77,9.7,9551,0.59,2,0.83,0.14,0.223,0.011
thermostat-16,thermostat,0.74,5.4,3770,0.44,4,0.69,0.29,0.207,0.016
plug-22,smart_plug,0.46,3.0,1149,0.13,1,0.55,0.44,0.327,0.010
cam-005,camera,1.34,52.7,79120,2.32,7,0.65,0.32,0.093,0.034
sensor-18,sensor,0.46,3.7,1486,0.13,3,0.90,0.09,0.262,0.009
router-14,router,1.05,27.8,44935,1.83,10,0.67,0.32,0.145,0.017
nvr-03,nvr,1.16,18.4,50738,1.68,4,0.78,0.20,0.174,0.015
access-ctrl-06,access_controller,0.69,10.6,13428,0.71,2,0.80,0.18,0.227,0.009
thermostat-24,thermostat,0.82,5.7,5580,0.39,3,0.66,0.33,0.207,0.015
plug-11,smart_plug,0.38,3.9,1049,0.07,2,0.47,0.51,0.336,0.010
cam-002,camera,1.26,61.4,83336,1.93,12,0.62,0.36,0.095,0.037
sensor-24,sensor,0.51,3.0,1343,0.19,3,0.89,0.11,0.279,0.005
router-05,router,1.02,27.7,49879,1.77,5,0.69,0.30,0.132,0.024
nvr-05,nvr,1.00,23.3,34105,1.54,5,0.77,0.22,0.157,0.013
access-ctrl-01,access_controller,0.73,9.9,12569,0.69,3,0.81,0.18,0.243,0.008
thermostat-09,thermostat,0.76,5.1,3926,0.31,2,0.67,0.33,0.225,0.014
plug-29,smart_plug,0.48,2.9,863,0.08,2,0.52,0.47,0.343,0.012
cam-005,camera,1.32,45.0,79692,2.02,8,0.68,0.31,0.094,0.032
sensor-21,sensor,0.60,5.0,1416,0.22,2,0.79,0.21,0.302,0.008
router-02,router,1.04,43.0,56677,2.31,5,0.67,0.31,0.147,0.017
nvr-04,nvr,1.23,26.2,51989,1.59,6,0.80,0.17,0.197,0.017
access-ctrl-01,access_controller,0.65,9.3,10457,0.74,4,0.85,0.14,0.234,0.010
thermostat-13,thermostat,0.79,6.9,4812,0.48,4,0.73,0.25,0.221,0.018
plug-11,smart_plug,0.48,2.1,942,0.07,1,0.46,0.52,0.332,0.010
cam-003,camera,1.17,53.7,74618,2.26,9,0.64,0.34,0.109,0.040
sensor-24,sensor,0.48,3.4,2404,0.14,2,0.90,0.09,0.266,0.006
router-08,router,1.04,38.1,47037,1.94,9,0.65,0.33,0.143,0.026
nvr-01,nvr,0.88,18.9,39059,1.22,4,0.77,0.21,0.157,0.013
access-ctrl-05,access_controller,0.61,7.9,10346,0.60,2,0.82,0.16,0.251,0.011
thermostat-20,thermostat,0.83,6.1,4536,0.42,4,0.69,0.29,0.222,0.019
plug-25,smart_plug,0.48,3.8,789,0.08,2,0.51,0.46,0.320,0.013
cam-001,camera,1.32,54.7,99486,2.56,8,0.67,0.31,0.110,0.034
sensor-07,sensor,0.64,5.6,2284,0.25,1,0.81,0.17,0.293,0.006
router-11,router,0.86,39.8,68083,1.67,10,0.70,0.27,0.144,0.030
nvr-05,nvr,1.20,23.2,48193,1.44,4,0.73,0.27,0.207,0.013
access-ctrl-03,access_controller,0.70,8.9,13802,0.73,4,0.79,0.19,0.246,0.008
thermostat-20,thermostat,0.80,7.2,4598,0.43,3,0.73,0.27,0.221,0.017
plug-11,smart_plug,0.48,3.9,901,0.14,2,0.47,0.51,0.358,0.011
cam-006,camera,1.27,51.8,86802,2.16,8,0.67,0.32,0.105,0.029
sensor-21,sensor,0.48,4.3,1400,0.12,3,0.81,0.17,0.319,0.007
router-11,router,0.95,42.1,53630,1.62,7,0.69,0.30,0.121,0.017
nvr-06,nvr,1.22,19.4,38830,1.64,5,0.76,0.23,0.178,0.011
access-ctrl-05,access_controller,0.62,10.7,11653,0.76,4,0.79,0.19,0.219,0.008
thermostat-04,thermostat,0.80,7.9,5288,0.35,2,0.67,0.32,0.206,0.015
plug-19,smart_plug,0.42,2.3,1564,0.09,1,0.49,0.50,0.343,0.013
cam-002,camera,1.32,52.4,83897,2.68,12,0.70,0.29,0.108,0.030
sensor-18,sensor,0.55,4.5,2357,0.10,1,0.80,0.20,0.297,0.008
router-05,router,0.76,26.3,48869,1.93,6,0.65,0.34,0.147,0.028
nvr-03,nvr,0.95,27.4,51731,1.66,5,0.74,0.23,0.179,0.012
access-ctrl-05,access_controller,0.68,9.4,9684,0.75,3,0.82,0.17,0.234,0.012
thermostat-09,thermostat,0.67,7.5,5534,0.42,4,0.72,0.28,0.207,0.014
plug-11,smart_plug,0.35,3.7,1428,0.13,1,0.51,0.47,0.317,0.011
cam-002,camera,1.06,51.7,76890,1.88,13,0.64,0.35,0.096,0.034
sensor-18,sensor,0.43,3.7,2210,0.22,3,0.84,0.13,0.268,0.010
router-17,router,0.85,32.4,46727,1.89,5,0.72,0.27,0.144,0.025
nvr-01,nvr,0.89,27.6,41408,1.57,3,0.71,0.27,0.194,0.011
access-ctrl-03,access_controller,0.72,9.5,10166,0.55,4,0.79,0.19,0.219,0.008
thermostat-24,thermostat,0.75,6.3,4912,0.40,3,0.71,0.28,0.208,0.012
plug-22,smart_plug,0.41,3.0,1326,0.08,2,0.54,0.46,0.321,0.013
cam-003,camera,1.22,59.1,94015,2.78,10,0.57,0.40,0.084,0.025
sensor-12,sensor,0.60,5.5,1207,0.22,2,0.90,0.09,0.261,0.005
router-08,router,0.89,27.7,48202,2.01,6,0.70,0.28,0.136,0.022
nvr-02,nvr,1.07,25.9,52514,1.26,5,0.72,0.26,0.186,0.013
access-ctrl-06,access_controller,0.65,11.2,12280,0.55,3,0.76,0.23,0.237,0.011
thermostat-24,thermostat,0.72,7.9,4786,0.30,4,0.74,0.25,0.222,0.016
plug-19,smart_plug,0.38,2.3,1485,0.12,2,0.47,0.50,0.311,0.010
cam-004,camera,1.32,55.6,101547,1.89,8,0.70,0.30,0.080,0.033
sensor-18,sensor,0.60,3.8,1912,0.22,1,0.82,0.17,0.314,0.007
router-14,router,0.76,28.4,53817,1.96,8,0.63,0.35,0.158,0.019
nvr-06,nvr,0.90,21.2,48597,1.15,3,0.79,0.20,0.202,0.018
access-ctrl-05,access_controller,0.67,10.9,11413,0.68,4,0.82,0.16,0.218,0.008
thermostat-16,thermostat,0.68,7.6,3895,0.30,3,0.74,0.25,0.220,0.013
plug-25,smart_plug,0.36,2.6,1676,0.10,1,0.50,0.49,0.322,0.010
cam-003,camera,1.23,63.5,78217,1.89,10,0.59,0.38,0.088,0.034
sensor-07,sensor,0.61,3.4,2219,0.21,3,0.83,0.16,0.303,0.009
router-05,router,0.87,31.0,68618,1.88,7,0.67,0.31,0.129,0.025
nvr-01,nvr,1.07,19.2,37627,1.54,4,0.79,0.18,0.170,0.018
access-ctrl-01,access_controller,0.57,11.3,11291,0.82,3,0.80,0.18,0.242,0.008
thermostat-13,thermostat,0.86,5.3,4753,0.44,2,0.71,0.28,0.207,0.016
plug-19,smart_plug,0.45,3.3,1123,0.14,2,0.54,0.45,0.342,0.010
cam-003,camera,1.38,62.3,85787,2.68,13,0.67,0.31,0.096,0.040
sensor-18,sensor,0.42,4.8,2757,0.19,3,0.78,0.19,0.250,0.009
router-05,router,0.98,33.2,51075,1.85,9,0.61,0.38,0.122,0.029
nvr-01,nvr,1.25,27.0,41019,1.49,6,0.78,0.20,0.191,0.014
access-ctrl-02,access_controller,0.57,11.3,9500,0.54,3,0.76,0.22,0.217,0.011
thermostat-20,thermostat,0.71,5.3,5083,0.35,3,0.69,0.31,0.227,0.017
plug-14,smart_plug,0.46,3.5,999,0.10,2,0.49,0.50,0.347,0.013
cam-002,camera,1.10,44.6,86437,2.57,9,0.67,0.30,0.086,0.029
sensor-24,sensor,0.57,3.9,1612,0.10,2,0.82,0.17,0.310,0.008
router-17,router,1.03,41.9,68363,2.17,7,0.69,0.29,0.147,0.022
nvr-04,nvr,1.01,23.4,33387,1.62,3,0.77,0.21,0.198,0.020
access-ctrl-05,access_controller,0.72,11.1,10551,0.82,2,0.79,0.19,0.225,0.011
thermostat-13,thermostat,0.72,8.1,4602,0.46,4,0.71,0.29,0.205,0.015
plug-29,smart_plug,0.34,3.0,1050,0.12,2,0.48,0.50,0.319,0.012
cam-003,camera,1.29,49.1,85067,2.39,7,0.62,0.36,0.101,0.032
sensor-21,sensor,0.46,3.6,1781,0.14,2,0.84,0.15,0.284,0.007
router-08,router,0.89,40.1,52946,2.30,10,0.68,0.31,0.129,0.028
nvr-04,nvr,0.90,19.0,41800,1.12,5,0.80,0.20,0.189,0.019
access-ctrl-06,access_controller,0.64,9.5,10986,0.56,3,0.78,0.20,0.247,0.009
thermostat-16,thermostat,0.77,5.7,4983,0.39,2,0.70,0.30,0.222,0.012
plug-22,smart_plug,0.37,2.9,1390,0.14,1,0.53,0.45,0.337,0.011
cam-004,camera,1.32,57.2,78686,2.10,11,0.66,0.34,0.110,0.035
sensor-07,sensor,0.51,5.4,2575,0.15,3,0.89,0.09,0.267,0.010
router-05,router,0.82,36.7,55964,2.15,7,0.65,0.34,0.130,0.025
nvr-06,nvr,1.23,19.2,38033,1.28,5,0.75,0.24,0.195,0.016
access-ctrl-04,access_controller,0.71,8.0,10313,0.80,4,0.80,0.19,0.214,0.012
thermostat-16,thermostat,0.71,6.0,4434,0.38,2,0.67,0.30,0.217,0.015
plug-22,smart_plug,0.34,3.2,817,0.07,1,0.47,0.53,0.314,0.010
cam-001,camera,1.29,57.3,93857,2.15,10,0.68,0.32,0.077,0.038
sensor-21,sensor,0.54,5.6,2282,0.11,1,0.81,0.17,0.283,0.006
router-02,router,0.88,29.0,63267,1.91,7,0.67,0.33,0.133,0.028
nvr-06,nvr,0.99,19.0,35500,1.69,4,0.70,0.27,0.211,0.020
access-ctrl-04,access_controller,0.61,7.7,14591,0.71,3,0.77,0.23,0.249,0.012
thermostat-13,thermostat,0.73,6.5,4843,0.33,2,0.70,0.28,0.231,0.013
plug-11,smart_plug,0.41,2.7,1034,0.07,1,0.48,0.49,0.352,0.014
cam-001,camera,1.19,47.3,101050,1.81,7,0.57,0.42,0.087,0.025
sensor-18,sensor,0.64,4.9,1725,0.24,3,0.86,0.12,0.264,0.006
router-17,router,0.74,27.1,46111,1.72,8,0.65,0.32,0.146,0.030
nvr-05,nvr,1.11,27.5,55120,1.19,5,0.68,0.32,0.186,0.012
access-ctrl-06,access_controller,0.74,10.0,11548,0.56,4,0.84,0.15,0.229,0.008
thermostat-20,thermostat,0.78,6.2,4244,0.29,3,0.70,0.29,0.212,0.017
plug-29,smart_plug,0.43,2.6,1110,0.07,1,0.51,0.48,0.341,0.011
cam-006,camera,1.38,60.8,81236,1.83,12,0.71,0.26,0.105,0.039
sensor-12,sensor,0.52,3.1,2459,0.10,2,0.80,0.18,0.283,0.010
router-08,router,0.83,27.2,55898,1.76,5,0.61,0.37,0.152,0.028
nvr-03,nvr,1.12,22.4,42830,1.16,3,0.72,0.26,0.195,0.016
access-ctrl-03,access_controller,0.63,11.4,11657,0.56,3,0.85,0.13,0.241,0.012
thermostat-13,thermostat,0.69,8.1,5294,0.35,2,0.69,0.28,0.216,0.018
plug-11,smart_plug,0.38,3.9,1012,0.07,1,0.49,0.50,0.313,0.012
cam-002,camera,1.15,58.6,93455,2.54,7,0.63,0.34,0.093,0.033
sensor-07,sensor,0.61,5.1,2631,0.13,2,0.82,0.16,0.246,0.005
router-08,router,0.82,39.8,59810,1.78,8,0.68,0.31,0.129,0.027
nvr-04,nvr,1.04,17.3,35796,1.25,4,0.70,0.29,0.157,0.012
access-ctrl-02,access_controller,0.64,9.2,11204,0.53,4,0.76,0.22,0.246,0.011
thermostat-24,thermostat,0.65,5.3,5301,0.29,2,0.74,0.25,0.211,0.017
plug-19,smart_plug,0.46,3.6,945,0.07,1,0.51,0.48,0.324,0.014
cam-005,camera,1.12,62.2,88038,2.39,9,0.69,0.28,0.096,0.025
sensor-21,sensor,0.65,3.1,1461,0.19,1,0.82,0.17,0.308,0.009
router-11,router,0.99,29.1,64914,2.24,6,0.69,0.29,0.148,0.018
nvr-03,nvr,1.04,27.3,33375,1.26,5,0.72,0.28,0.170,0.017
access-ctrl-05,access_controller,0.58,9.0,10339,0.54,4,0.79,0.20,0.248,0.010
thermostat-04,thermostat,0.76,6.1,4911,0.39,4,0.71,0.28,0.234,0.015
plug-22,smart_plug,0.37,3.4,1294,0.11,1,0.51,0.47,0.360,0.012
cam-002,camera,1.15,63.3,77924,2.75,8,0.62,0.35,0.094,0.038
sensor-27,sensor,0.61,5.7,2093,0.25,1,0.85,0.14,0.262,0.007
router-11,router,0.82,36.6,43960,1.72,7,0.61,0.39,0.149,0.025
nvr-01,nvr,1.14,24.0,43461,1.48,4,0.68,0.31,0.164,0.019
access-ctrl-06,access_controller,0.55,9.6,13613,0.53,4,0.78,0.19,0.250,0.013
thermostat-24,thermostat,0.78,5.3,5479,0.47,4,0.74,0.24,0.200,0.018
plug-22,smart_plug,0.42,3.1,1019,0.08,1,0.49,0.48,0.362,0.013
cam-001,camera,1.09,44.8,91110,2.17,13,0.66,0.34,0.110,0.034
sensor-24,sensor,0.64,5.6,1730,0.21,1,0.81,0.18,0.287,0.010
router-14,router,0.83,42.6,64605,2.04,6,0.61,0.38,0.138,0.017
nvr-06,nvr,1.07,22.7,54809,1.62,4,0.82,0.16,0.181,0.013
access-ctrl-06,access_controller,0.63,9.7,11026,0.81,3,0.80,0.17,0.249,0.013
thermostat-16,thermostat,0.79,6.8,5588,0.47,3,0.76,0.23,0.227,0.016
plug-19,smart_plug,0.36,2.3,1417,0.08,2,0.48,0.51,0.345,0.014
cam-006,camera,1.12,48.6,91954,2.00,12,0.71,0.27,0.092,0.025
sensor-21,sensor,0.60,3.8,1840,0.21,3,0.83,0.16,0.290,0.008
router-17,router,1.02,41.7,62115,2.11,10,0.68,0.31,0.145,0.018
nvr-06,nvr,1.11,27.7,44158,1.13,3,0.71,0.26,0.174,0.014
access-ctrl-06,access_controller,0.61,10.5,11740,0.67,2,0.79,0.19,0.244,0.009
thermostat-04,thermostat,0.68,7.1,4182,0.48,2,0.75,0.22,0.227,0.018
plug-19,smart_plug,0.45,3.7,1314,0.06,1,0.50,0.48,0.330,0.013
cam-003,camera,1.37,50.5,101138,2.14,13,0.64,0.33,0.100,0.029
sensor-27,sensor,0.57,4.3,2090,0.08,3,0.91,0.09,0.273,0.009
router-05,router,0.93,31.1,59958,1.85,6,0.69,0.30,0.153,0.016
nvr-04,nvr,1.20,20.5,42385,1.32,5,0.75,0.24,0.187,0.013
access-ctrl-02,access_controller,0.72,10.9,12450,0.81,4,0.80,0.19,0.259,0.009
thermostat-20,thermostat,0.84,7.5,5216,0.32,2,0.70,0.29,0.235,0.019
plug-11,smart_plug,0.42,3.1,1143,0.09,1,0.50,0.48,0.325,0.012
cam-005,camera,1.37,53.7,81722,2.23,13,0.60,0.37,0.109,0.031
sensor-12,sensor,0.59,4.4,2378,0.19,1,0.91,0.09,0.276,0.010
router-17,router,0.74,42.8,59068,1.78,6,0.61,0.38,0.122,0.026
nvr-02,nvr,1.05,24.1,39314,1.36,4,0.72,0.28,0.195,0.016
access-ctrl-05,access_controller,0.68,9.3,9383,0.62,2,0.82,0.16,0.261,0.012
thermostat-13,thermostat,0.69,7.2,5241,0.29,2,0.76,0.22,0.205,0.019
plug-29,smart_plug,0.42,3.7,938,0.14,1,0.55,0.43,0.326,0.012
cam-002,camera,1.17,49.3,100049,2.32,7,0.65,0.33,0.086,0.040
sensor-24,sensor,0.65,5.0,1628,0.16,2,0.89,0.09,0.264,0.009
router-02,router,1.00,39.0,54599,2.17,7,0.64,0.35,0.119,0.019
nvr-01,nvr,1.08,20.6,50942,1.61,5,0.82,0.17,0.192,0.011
access-ctrl-04,access_controller,0.56,9.1,12322,0.64,2,0.82,0.16,0.253,0.008
thermostat-16,thermostat,0.77,5.4,5421,0.30,4,0.73,0.27,0.199,0.016
plug-14,smart_plug,0.38,2.3,1215,0.09,2,0.54,0.46,0.351,0.013
cam-003,camera,1.31,57.5,87565,2.00,8,0.65,0.32,0.113,0.038
sensor-27,sensor,0.65,2.9,1138,0.16,2,0.83,0.15,0.321,0.006
router-05,router,0.94,37.8,45191,2.08,8,0.72,0.26,0.140,0.020
nvr-03,nvr,1.21,25.7,33696,1.15,4,0.72,0.27,0.209,0.016
access-ctrl-02,access_controller,0.57,10.2,12300,0.76,2,0.81,0.18,0.240,0.012
thermostat-09,thermostat,0.84,7.6,3730,0.42,2,0.71,0.28,0.224,0.014
plug-11,smart_plug,0.36,3.3,1491,0.07,1,0.49,0.50,0.330,0.010
cam-003,camera,1.28,49.9,73424,1.99,13,0.69,0.28,0.100,0.041
sensor-18,sensor,0.65,3.1,2553,0.25,2,0.84,0.15,0.289,0.010
router-02,router,0.86,38.2,52465,2.12,9,0.71,0.28,0.144,0.024
nvr-05,nvr,1.11,21.7,42475,1.55,6,0.73,0.27,0.178,0.018
access-ctrl-05,access_controller,0.73,8.1,9202,0.49,4,0.77,0.20,0.252,0.012
thermostat-20,thermostat,0.70,5.7,5404,0.45,2,0.70,0.29,0.206,0.017
plug-19,smart_plug,0.48,2.7,1237,0.10,1,0.46,0.53,0.342,0.013
cam-004,camera,1.24,49.1,74882,2.80,13,0.67,0.32,0.093,0.028
sensor-07,sensor,0.41,3.6,1731,0.13,1,0.90,0.08,0.276,0.005
router-02,router,0.79,37.9,66810,2.32,10,0.70,0.29,0.154,0.027
nvr-02,nvr,0.96,25.0,53117,1.57,4,0.69,0.28,0.179,0.011
access-ctrl-02,access_controller,0.58,10.9,9780,0.59,3,0.84,0.13,0.217,0.011
thermostat-04,thermostat,0.79,5.7,4347,0.44,2,0.66,0.32,0.210,0.019
plug-19,smart_plug,0.36,2.4,911,0.12,2,0.46,0.53,0.338,0.014
cam-003,camera,1.37,59.0,89545,1.80,10,0.67,0.31,0.113,0.037
sensor-07,sensor,0.48,3.6,1334,0.16,1,0.87,0.13,0.322,0.007
router-02,router,0.81,42.2,64346,2.05,5,0.70,0.29,0.156,0.027
nvr-01,nvr,1.12,17.3,54054,1.54,6,0.70,0.27,0.200,0.017
access-ctrl-05,access_controller,0.62,9.6,10957,0.80,3,0.78,0.22,0.235,0.009
thermostat-16,thermostat,0.65,6.7,4188,0.47,4,0.69,0.30,0.206,0.014
plug-19,smart_plug,0.44,2.9,1131,0.06,2,0.53,0.44,0.358,0.013
cam-005,camera,1.40,43.6,70253,2.14,11,0.70,0.30,0.100,0.030
sensor-12,sensor,0.55,3.4,1504,0.13,2,0.80,0.18,0.294,0.007
router-02,router,0.76,40.6,67648,2.20,10,0.70,0.27,0.148,0.019
nvr-02,nvr,1.06,26.8,48882,1.16,6,0.75,0.22,0.180,0.013
access-ctrl-03,access_controller,0.72,11.0,9704,0.72,3,0.82,0.15,0.231,0.011
thermostat-09,thermostat,0.78,6.7,4224,0.30,3,0.71,0.29,0.234,0.017
plug-19,smart_plug,0.40,3.7,832,0.10,1,0.47,0.51,0.341,0.013
cam-001,camera,1.24,43.7,79841,2.31,12,0.59,0.39,0.113,0.039
sensor-18,sensor,0.48,5.1,2337,0.10,3,0.87,0.12,0.292,0.009
router-02,router,0.95,42.5,64600,1.94,6,0.70,0.30,0.133,0.017
nvr-06,nvr,1.11,21.5,54446,1.67,5,0.74,0.24,0.189,0.017
access-ctrl-02,access_controller,0.66,9.0,10329,0.57,4,0.83,0.14,0.231,0.010
thermostat-09,thermostat,0.65,6.0,4433,0.31,3,0.66,0.32,0.211,0.015
plug-19,smart_plug,0.49,3.0,1680,0.13,2,0.52,0.45,0.337,0.011
cam-003,camera,1.10,62.3,100167,1.92,12,0.61,0.38,0.102,0.026
sensor-24,sensor,0.47,3.5,1558,0.18,2,0.83,0.15,0.306,0.008
router-05,router,0.74,40.1,59519,2.20,10,0.74,0.25,0.147,0.017
nvr-06,nvr,1.06,24.5,48686,1.21,6,0.77,0.21,0.176,0.013
access-ctrl-02,access_controller,0.59,11.3,9316,0.51,4,0.78,0.19,0.259,0.010
thermostat-24,thermostat,0.77,5.5,4365,0.34,4,0.67,0.32,0.204,0.018
plug-29,smart_plug,0.43,2.5,1052,0.06,1,0.55,0.44,0.337,0.009
cam-001,camera,1.36,49.7,93758,2.75,11,0.61,0.39,0.102,0.026
sensor-18,sensor,0.55,5.5,1536,0.22,3,0.90,0.07,0.309,0.004
router-02,router,0.77,32.4,49692,2.08,6,0.71,0.28,0.152,0.017
nvr-02,nvr,1.07,17.4,37886,1.51,4,0.78,0.20,0.178,0.012
access-ctrl-01,access_controller,0.64,11.1,11770,0.59,4,0.86,0.13,0.259,0.011
thermostat-16,thermostat,0.68,7.9,4649,0.46,2,0.67,0.30,0.211,0.018
plug-25,smart_plug,0.34,2.2,861,0.13,1,0.49,0.50,0.336,0.012
cam-004,camera,1.28,56.7,70865,1.83,7,0.59,0.40,0.095,0.037
sensor-27,sensor,0.61,5.6,1682,0.23,3,0.88,0.09,0.306,0.011
router-14,router,0.90,28.9,44900,1.95,10,0.65,0.33,0.127,0.019
nvr-02,nvr,0.91,21.2,48626,1.58,4,0.71,0.27,0.203,0.012
access-ctrl-05,access_controller,0.59,8.7,13350,0.65,2,0.84,0.14,0.215,0.010
thermostat-24,thermostat,0.74,6.2,5194,0.44,3,0.71,0.27,0.213,0.015
plug-19,smart_plug,0.37,3.7,1185,0.08,2,0.48,0.51,0.341,0.010
cam-003,camera,1.11,47.6,92719,2.68,12,0.70,0.28,0.077,0.032
sensor-24,sensor,0.46,5.2,1732,0.09,1,0.85,0.14,0.309,0.010
router-02,router,0.79,29.4,67930,2.19,5,0.66,0.32,0.151,0.017
nvr-03,nvr,0.94,19.3,55281,1.30,6,0.82,0.17,0.175,0.012
access-ctrl-05,access_controller,0.57,10.7,9174,0.71,2,0.78,0.21,0.245,0.012
thermostat-04,thermostat,0.74,5.5,4478,0.43,2,0.70,0.30,0.215,0.013
plug-25,smart_plug,0.44,2.2,1613,0.09,2,0.49,0.49,0.315,0.014
cam-002,camera,1.34,55.7,92580,2.57,12,0.70,0.27,0.101,0.038
sensor-12,sensor,0.52,2.9,2684,0.22,2,0.84,0.15,0.257,0.008
router-11,router,1.01,31.7,64526,1.94,9,0.67,0.31,0.135,0.021
nvr-03,nvr,1.20,19.1,51506,1.51,3,0.78,0.21,0.173,0.013
access-ctrl-05,access_controller,0.65,10.1,10657,0.82,3,0.79,0.20,0.217,0.010
thermostat-04,thermostat,0.68,5.4,5235,0.42,2,0.69,0.29,0.232,0.017
plug-14,smart_plug,0.45,2.6,1052,0.14,1,0.50,0.48,0.321,0.011
cam-001,camera,1.15,51.4,91686,2.15,9,0.69,0.29,0.094,0.034
sensor-21,sensor,0.52,3.4,1164,0.15,3,0.79,0.21,0.284,0.005
router-17,router,0.83,35.4,55332,1.90,9,0.61,0.38,0.126,0.026
nvr-02,nvr,1.06,27.3,53016,1.54,6,0.73,0.25,0.204,0.020
access-ctrl-06,access_controller,0.76,8.3,13229,0.61,3,0.87,0.13,0.215,0.011
thermostat-09,thermostat,0.66,7.2,4688,0.43,3,0.67,0.31,0.221,0.013
plug-22,smart_plug,0.42,2.3,1382,0.06,2,0.51,0.47,0.326,0.011
cam-001,camera,1.11,63.5,99185,2.57,8,0.68,0.30,0.088,0.030
sensor-07,sensor,0.50,3.8,1395,0.15,1,0.89,0.11,0.299,0.009
router-02,router,0.82,32.3,48342,2.13,6,0.70,0.30,0.140,0.023
nvr-03,nvr,1.03,27.2,39447,1.39,5,0.80,0.19,0.186,0.016
access-ctrl-02,access_controller,0.77,8.5,11759,0.77,4,0.77,0.21,0.224,0.012
thermostat-13,thermostat,0.68,6.2,3983,0.46,2,0.68,0.31,0.231,0.014
plug-14,smart_plug,0.45,3.3,1690,0.14,1,0.54,0.43,0.350,0.011
cam-002,camera,1.34,61.7,100642,2.65,7,0.60,0.38,0.109,0.031
sensor-21,sensor,0.63,3.7,2100,0.08,2,0.85,0.13,0.321,0.010
router-11,router,0.87,31.3,68426,1.89,6,0.64,0.35,0.145,0.023
nvr-02,nvr,1.21,23.4,46800,1.29,3,0.69,0.30,0.161,0.017
access-ctrl-05,access_controller,0.68,11.8,14184,0.61,2,0.81,0.19,0.222,0.011
thermostat-20,thermostat,0.67,7.2,5563,0.31,2,0.72,0.28,0.202,0.013
plug-25,smart_plug,0.43,3.2,1444,0.08,1,0.51,0.46,0.363,0.014
cam-006,camera,1.31,54.2,81308,2.34,9,0.61,0.39,0.080,0.039
sensor-07,sensor,0.53,5.6,2005,0.16,1,0.90,0.09,0.290,0.010
router-14,router,0.94,29.5,47410,2.29,6,0.64,0.35,0.137,0.020
nvr-03,nvr,0.89,22.2,44561,1.58,3,0.80,0.17,0.167,0.011
access-ctrl-06,access_controller,0.57,9.1,13366,0.51,4,0.83,0.15,0.241,0.011
thermostat-24,thermostat,0.68,5.7,4134,0.42,2,0.69,0.28,0.221,0.013
plug-14,smart_plug,0.40,3.4,1176,0.08,1,0.49,0.48,0.354,0.010
cam-005,camera,1.30,46.2,90721,2.05,10,0.65,0.34,0.082,0.037
sensor-21,sensor,0.56,4.8,1230,0.15,3,0.87,0.13,0.292,0.005
router-08,router,0.95,29.8,48904,2.34,10,0.60,0.38,0.149,0.027
nvr-04,nvr,0.90,18.8,49254,1.29,4,0.80,0.18,0.188,0.012
access-ctrl-05,access_controller,0.69,11.3,10603,0.60,4,0.85,0.14,0.232,0.009
thermostat-13,thermostat,0.83,6.2,5552,0.31,3,0.72,0.28,0.214,0.018
plug-22,smart_plug,0.39,3.3,1343,0.13,1,0.45,0.54,0.355,0.012
cam-004,camera,1.41,52.2,96893,1.88,12,0.59,0.40,0.107,0.033
sensor-12,sensor,0.53,5.7,1232,0.21,1,0.87,0.11,0.304,0.004
router-17,router,0.89,41.4,63715,2.10,7,0.74,0.24,0.123,0.028
nvr-02,nvr,1.25,20.2,40402,1.37,6,0.81,0.16,0.166,0.020
access-ctrl-05,access_controller,0.60,11.7,12294,0.78,3,0.78,0.19,0.251,0.010
thermostat-20,thermostat,0.72,5.7,4990,0.41,3,0.68,0.30,0.226,0.016
plug-11,smart_plug,0.49,3.3,1471,0.07,2,0.47,0.52,0.336,0.010
cam-005,camera,1.37,54.0,70615,1.89,11,0.67,0.33,0.108,0.033
sensor-12,sensor,0.62,3.9,2159,0.17,3,0.91,0.08,0.299,0.006
router-08,router,0.86,26.3,67868,2.11,6,0.73,0.26,0.130,0.020
nvr-02,nvr,1.23,25.9,37498,1.13,5,0.78,0.22,0.200,0.014
access-ctrl-01,access_controller,0.62,9.4,11121,0.49,4,0.85,0.14,0.259,0.012
thermostat-24,thermostat,0.67,7.3,5450,0.45,2,0.72,0.28,0.219,0.015
plug-22,smart_plug,0.42,3.3,1301,0.11,2,0.51,0.47,0.362,0.012
cam-006,camera,1.14,43.1,89056,2.00,8,0.68,0.30,0.092,0.036
sensor-18,sensor,0.42,4.1,1783,0.09,2,0.86,0.12,0.262,0.011
router-08,router,1.02,37.3,56158,1.70,9,0.60,0.39,0.127,0.021
nvr-01,nvr,0.94,16.6,44537,1.22,6,0.80,0.19,0.196,0.012
access-ctrl-03,access_controller,0.71,11.6,12885,0.76,2,0.86,0.14,0.222,0.009
thermostat-24,thermostat,0.68,6.9,4282,0.30,2,0.68,0.30,0.221,0.018
plug-19,smart_plug,0.47,2.8,1325,0.11,1,0.47,0.52,0.323,0.013
cam-005,camera,1.23,55.1,97349,2.65,9,0.63,0.36,0.077,0.033
sensor-12,sensor,0.58,5.3,1148,0.16,1,0.84,0.13,0.305,0.008
router-02,router,0.94,33.5,45909,1.62,8,0.72,0.26,0.145,0.019
nvr-02,nvr,1.22,27.1,42811,1.28,5,0.74,0.26,0.205,0.018
access-ctrl-04,access_controller,0.61,8.9,12981,0.68,3,0.83,0.16,0.238,0.010
thermostat-09,thermostat,0.71,7.9,4749,0.46,2,0.68,0.30,0.215,0.014
plug-11,smart_plug,0.45,4.0,897,0.14,2,0.48,0.51,0.323,0.012
cam-003,camera,1.40,57.0,82078,2.68,13,0.71,0.29,0.097,0.038
sensor-21,sensor,0.59,3.5,2532,0.11,3,0.86,0.11,0.309,0.005
router-17,router,0.77,29.5,56573,2.02,9,0.63,0.36,0.118,0.025
nvr-05,nvr,1.04,27.4,50148,1.28,3,0.77,0.23,0.206,0.014
access-ctrl-01,access_controller,0.75,8.2,14172,0.66,4,0.82,0.16,0.217,0.011
thermostat-04,thermostat,0.65,7.7,4667,0.32,2,0.67,0.33,0.200,0.017
plug-29,smart_plug,0.44,2.5,1230,0.08,2,0.49,0.51,0.330,0.013
cam-002,camera,1.18,51.8,71814,2.44,7,0.58,0.39,0.091,0.036
sensor-18,sensor,0.65,4.1,2458,0.09,2,0.82,0.15,0.307,0.005
router-02,router,0.74,30.5,42734,2.27,10,0.73,0.26,0.136,0.022
nvr-03,nvr,1.18,23.4,44850,1.36,4,0.80,0.19,0.174,0.015
access-ctrl-05,access_controller,0.56,11.7,12539,0.71,3,0.84,0.14,0.231,0.009
thermostat-13,thermostat,0.79,7.0,3784,0.37,3,0.66,0.32,0.228,0.013
plug-11,smart_plug,0.44,3.3,1434,0.06,1,0.54,0.44,0.349,0.013
cam-002,camera,1.39,52.5,80342,1.89,7,0.62,0.38,0.101,0.033
sensor-07,sensor,0.64,5.7,1111,0.13,2,0.87,0.10,0.276,0.006
router-17,router,0.94,37.3,65420,2.08,7,0.73,0.24,0.122,0.026
nvr-04,nvr,0.98,24.6,50564,1.14,6,0.75,0.24,0.166,0.014
access-ctrl-06,access_controller,0.63,10.8,11620,0.81,4,0.83,0.15,0.229,0.008
thermostat-13,thermostat,0.74,8.1,4786,0.45,3,0.73,0.25,0.215,0.013
plug-14,smart_plug,0.35,2.9,1290,0.08,1,0.51,0.48,0.356,0.010
cam-005,camera,1.20,63.6,95534,2.27,9,0.64,0.34,0.097,0.026
sensor-21,sensor,0.50,4.7,1304,0.14,2,0.79,0.18,0.251,0.011
router-11,router,0.87,26.6,52659,1.97,7,0.62,0.38,0.154,0.022
nvr-04,nvr,0.93,25.2,38933,1.51,3,0.69,0.29,0.175,0.015
access-ctrl-05,access_controller,0.59,9.3,12218,0.50,3,0.80,0.17,0.221,0.008
thermostat-16,thermostat,0.82,6.3,5263,0.33,3,0.66,0.32,0.208,0.015
plug-22,smart_plug,0.46,3.0,1029,0.10,1,0.51,0.48,0.318,0.009
cam-002,camera,1.11,51.7,75071,2.09,7,0.59,0.39,0.109,0.027
sensor-12,sensor,0.44,4.9,2608,0.11,2,0.90,0.10,0.247,0.009
router-11,router,0.82,31.0,54295,1.82,7,0.71,0.26,0.119,0.022
nvr-06,nvr,1.25,26.0,42825,1.13,5,0.70,0.28,0.170,0.019
access-ctrl-05,access_controller,0.66,10.1,14046,0.53,4,0.84,0.15,0.253,0.012
thermostat-16,thermostat,0.65,7.6,5058,0.41,2,0.72,0.28,0.214,0.013
plug-19,smart_plug,0.41,2.3,798,0.07,2,0.53,0.47,0.351,0.011
cam-006,camera,1.32,50.3,94486,1.81,8,0.66,0.32,0.090,0.041
sensor-07,sensor,0.59,4.3,1360,0.08,2,0.84,0.14,0.296,0.007
router-17,router,0.87,27.6,67979,2.08,8,0.64,0.34,0.156,0.019
nvr-01,nvr,1.17,25.1,38046,1.53,4,0.76,0.23,0.175,0.019
access-ctrl-04,access_controller,0.75,9.9,10383,0.50,2,0.80,0.18,0.216,0.010
thermostat-20,thermostat,0.64,7.6,4649,0.42,4,0.71,0.29,0.199,0.016
plug-25,smart_plug,0.37,2.6,1479,0.15,2,0.55,0.43,0.358,0.014
cam-006,camera,1.06,58.4,86125,1.95,8,0.59,0.39,0.085,0.028
sensor-24,sensor,0.46,5.7,2458,0.20,2,0.88,0.11,0.268,0.005
router-11,router,1.00,42.9,61322,2.08,8,0.67,0.30,0.143,0.026
nvr-03,nvr,0.99,25.4,36512,1.68,6,0.70,0.29,0.189,0.019
access-ctrl-02,access_controller,0.57,9.7,11406,0.77,2,0.80,0.20,0.258,0.007
thermostat-16,thermostat,0.73,8.0,4273,0.45,2,0.68,0.31,0.233,0.018
plug-19,smart_plug,0.37,2.1,1120,0.08,1,0.52,0.47,0.357,0.011
cam-002,camera,1.40,43.1,85249,2.47,13,0.64,0.33,0.097,0.030
sensor-27,sensor,0.45,3.4,1593,0.23,1,0.89,0.11,0.253,0.009
router-11,router,1.03,28.7,59399,1.67,8,0.64,0.34,0.156,0.028
nvr-06,nvr,0.92,19.9,38988,1.49,5,0.81,0.18,0.159,0.013
access-ctrl-04,access_controller,0.66,10.5,10413,0.70,4,0.86,0.13,0.251,0.010
thermostat-20,thermostat,0.80,6.3,4142,0.40,2,0.74,0.26,0.202,0.019
plug-14,smart_plug,0.46,3.8,1569,0.07,2,0.50,0.49,0.335,0.013
cam-002,camera,1.17,57.0,101977,1.99,9,0.61,0.38,0.113,0.034
sensor-07,sensor,0.58,3.8,1124,0.12,2,0.91,0.06,0.271,0.010
router-02,router,0.97,36.0,55749,1.76,10,0.63,0.37,0.145,0.021
nvr-03,nvr,0.91,17.7,36180,1.55,3,0.72,0.26,0.181,0.015
access-ctrl-01,access_controller,0.58,10.5,13653,0.65,4,0.79,0.19,0.253,0.007
thermostat-09,thermostat,0.68,7.5,4595,0.37,3,0.76,0.24,0.203,0.018
plug-22,smart_plug,0.45,3.1,1672,0.09,2,0.46,0.52,0.325,0.013
cam-002,camera,1.27,53.8,91203,2.00,11,0.60,0.39,0.081,0.041
sensor-27,sensor,0.43,5.4,2148,0.11,1,0.79,0.20,0.280,0.010
router-05,router,0.96,31.3,60728,2.17,5,0.65,0.32,0.141,0.018
nvr-04,nvr,0.89,24.7,34732,1.49,3,0.78,0.20,0.173,0.015
access-ctrl-03,access_controller,0.66,8.3,9620,0.57,4,0.80,0.19,0.221,0.007
thermostat-20,thermostat,0.76,6.7,5314,0.44,2,0.71,0.29,0.226,0.016
plug-29,smart_plug,0.37,4.0,1394,0.08,2,0.54,0.43,0.347,0.013
cam-006,camera,1.12,51.9,92760,2.40,12,0.70,0.30,0.092,0.038
sensor-12,sensor,0.49,3.6,1347,0.23,3,0.90,0.08,0.258,0.010
router-17,router,0.82,38.9,66437,1.96,10,0.74,0.25,0.127,0.030
nvr-01,nvr,1.08,22.5,45020,1.39,5,0.72,0.28,0.165,0.017
access-ctrl-05,access_controller,0.69,9.2,13431,0.69,4,0.76,0.22,0.241,0.011
thermostat-09,thermostat,0.78,6.8,5409,0.44,3,0.74,0.26,0.202,0.018
plug-11,smart_plug,0.41,3.0,1118,0.11,2,0.47,0.50,0.349,0.011
cam-005,camera,1.38,50.9,96268,2.15,13,0.69,0.28,0.096,0.031
sensor-07,sensor,0.47,4.7,1317,0.26,1,0.83,0.16,0.286,0.006
router-02,router,0.80,29.7,53749,2.33,7,0.73,0.24,0.120,0.027
nvr-01,nvr,0.89,16.9,50194,1.15,5,0.69,0.30,0.178,0.013
access-ctrl-06,access_controller,0.75,9.8,11865,0.61,2,0.82,0.18,0.253,0.010
thermostat-16,thermostat,0.83,7.3,5452,0.35,4,0.75,0.25,0.228,0.016
plug-29,smart_plug,0.47,3.7,1594,0.14,2,0.49,0.51,0.319,0.012
cam-005,camera,1.14,60.2,100383,2.31,12,0.69,0.30,0.079,0.027
sensor-27,sensor,0.46,5.5,2539,0.18,3,0.78,0.19,0.266,0.009
router-11,router,0.88,38.6,52883,2.17,8,0.72,0.25,0.127,0.020
nvr-02,nvr,1.14,16.6,46534,1.26,6,0.77,0.22,0.199,0.016
access-ctrl-01,access_controller,0.69,9.6,13189,0.76,3,0.78,0.20,0.239,0.011
thermostat-20,thermostat,0.82,5.9,3977,0.36,2,0.70,0.28,0.215,0.015
plug-29,smart_plug,0.42,3.8,1410,0.12,1,0.52,0.48,0.333,0.011
cam-002,camera,1.40,48.8,72359,2.43,8,0.69,0.30,0.087,0.038
sensor-24,sensor,0.55,5.6,2111,0.15,2,0.83,0.15,0.270,0.011
router-08,router,1.00,35.3,44023,1.81,8,0.68,0.31,0.156,0.018
nvr-03,nvr,1.17,16.7,45828,1.20,6,0.81,0.17,0.178,0.014
access-ctrl-02,access_controller,0.61,10.1,13273,0.76,3,0.77,0.21,0.225,0.010
thermostat-13,thermostat,0.68,7.1,4895,0.30,3,0.73,0.25,0.214,0.018
plug-14,smart_plug,0.42,3.4,1145,0.11,1,0.52,0.48,0.353,0.010
cam-003,camera,1.40,51.7,75411,2.29,9,0.59,0.40,0.094,0.025
sensor-18,sensor,0.55,3.5,2311,0.21,1,0.86,0.13,0.308,0.006
router-08,router,0.97,42.5,66361,2.27,7,0.63,0.34,0.125,0.018
nvr-06,nvr,1.15,23.9,54933,1.29,3,0.69,0.29,0.180,0.017
access-ctrl-04,access_controller,0.65,9.2,12461,0.79,3,0.80,0.20,0.257,0.011
thermostat-09,thermostat,0.68,5.4,5544,0.41,3,0.71,0.27,0.220,0.017
plug-14,smart_plug,0.36,2.1,1476,0.14,2,0.46,0.54,0.315,0.013
cam-003,camera,1.38,58.8,87558,1.89,13,0.65,0.33,0.110,0.025
sensor-07,sensor,0.51,2.8,1742,0.19,2,0.80,0.18,0.297,0.009
router-17,router,0.83,30.3,57706,2.00,5,0.70,0.28,0.144,0.025
nvr-02,nvr,1.11,25.3,38544,1.44,3,0.81,0.18,0.206,0.011
access-ctrl-03,access_controller,0.64,9.8,10714,0.68,3,0.76,0.23,0.217,0.009
thermostat-09,thermostat,0.77,6.5,3798,0.30,4,0.71,0.26,0.236,0.012
plug-22,smart_plug,0.37,3.7,1016,0.14,2,0.53,0.45,0.349,0.012
cam-005,camera,1.11,56.0,83893,2.43,12,0.63,0.37,0.096,0.025
sensor-12,sensor,0.47,5.2,2025,0.14,1,0.79,0.21,0.261,0.005
router-02,router,0.77,26.9,48589,1.78,5,0.69,0.30,0.125,0.030
nvr-05,nvr,1.16,27.2,40857,1.31,6,0.71,0.28,0.186,0.016
access-ctrl-05,access_controller,0.57,9.4,11004,0.70,3,0.86,0.11,0.216,0.009
thermostat-04,thermostat,0.78,5.8,4799,0.42,2,0.75,0.24,0.200,0.017
plug-14,smart_plug,0.42,2.9,831,0.12,1,0.48,0.51,0.328,0.013
cam-005,camera,1.26,44.8,76933,1.99,12,0.62,0.38,0.103,0.030
sensor-21,sensor,0.66,4.6,2226,0.10,3,0.78,0.22,0.270,0.010
router-14,router,1.05,41.0,47649,1.92,7,0.68,0.29,0.131,0.023
nvr-06,nvr,0.88,19.4,44615,1.24,5,0.75,0.22,0.198,0.020
access-ctrl-06,access_controller,0.65,9.3,9838,0.51,2,0.82,0.16,0.255,0.009
thermostat-13,thermostat,0.66,7.5,3935,0.44,2,0.70,0.30,0.206,0.017
plug-22,smart_plug,0.45,3.2,1427,0.07,2,0.51,0.46,0.332,0.011
cam-003,camera,1.35,62.1,101669,2.06,13,0.63,0.37,0.084,0.040
sensor-21,sensor,0.43,5.0,2102,0.17,3,0.80,0.17,0.307,0.007
router-14,router,0.82,35.8,60492,1.69,10,0.69,0.29,0.136,0.017
nvr-05,nvr,0.96,26.0,36677,1.35,5,0.68,0.30,0.172,0.018
access-ctrl-01,access_controller,0.58,7.9,11991,0.78,4,0.85,0.13,0.255,0.012
thermostat-04,thermostat,0.79,6.4,5002,0.34,2,0.68,0.30,0.233,0.014
plug-11,smart_plug,0.47,3.3,886,0.15,1,0.53,0.45,0.351,0.013
cam-003,camera,1.14,61.7,75907,2.52,8,0.70,0.28,0.092,0.029
sensor-18,sensor,0.46,5.1,1714,0.10,2,0.83,0.14,0.297,0.007
router-08,router,1.02,34.9,53328,1.68,9,0.68,0.30,0.130,0.020
nvr-02,nvr,1.23,23.5,39339,1.39,3,0.79,0.19,0.164,0.015
access-ctrl-05,access_controller,0.70,8.2,10496,0.67,4,0.80,0.17,0.238,0.009
thermostat-16,thermostat,0.78,7.9,4975,0.41,4,0.66,0.33,0.206,0.013
plug-14,smart_plug,0.46,2.4,761,0.11,1,0.48,0.50,0.353,0.013
cam-005,camera,1.07,45.9,88602,2.22,8,0.69,0.30,0.114,0.039
sensor-12,sensor,0.54,4.8,1709,0.15,3,0.85,0.15,0.309,0.006
router-05,router,0.96,30.3,65422,2.14,5,0.70,0.28,0.127,0.018
nvr-06,nvr,1.26,19.8,53727,1.19,5,0.81,0.18,0.212,0.017
access-ctrl-03,access_controller,0.68,9.9,9652,0.60,4,0.78,0.20,0.230,0.009
thermostat-04,thermostat,0.77,7.2,5090,0.33,3,0.72,0.27,0.236,0.015
plug-11,smart_plug,0.37,4.0,956,0.13,1,0.52,0.46,0.354,0.013
cam-005,camera,1.37,53.6,96327,2.03,9,0.69,0.29,0.094,0.024
sensor-18,sensor,0.57,4.4,2300,0.25,3,0.83,0.15,0.292,0.009
router-14,router,0.86,28.4,48309,2.07,8,0.61,0.37,0.156,0.020
nvr-03,nvr,1.01,27.5,41348,1.28,3,0.76,0.22,0.172,0.012
access-ctrl-05,access_controller,0.70,8.8,10135,0.69,2,0.79,0.18,0.239,0.010
thermostat-20,thermostat,0.77,6.3,3701,0.44,2,0.68,0.30,0.231,0.014
plug-14,smart_plug,0.34,3.5,1482,0.08,1,0.50,0.49,0.337,0.010
cam-004,camera,1.41,49.1,75230,2.74,10,0.66,0.33,0.103,0.034
sensor-12,sensor,0.64,4.7,2574,0.24,2,0.80,0.20,0.278,0.006
router-11,router,0.97,26.2,61830,1.91,7,0.70,0.28,0.124,0.020
nvr-01,nvr,1.08,22.7,40852,1.40,3,0.77,0.21,0.183,0.016
access-ctrl-01,access_controller,0.70,11.1,13550,0.59,2,0.79,0.20,0.257,0.011
thermostat-04,thermostat,0.67,6.1,4515,0.32,4,0.75,0.23,0.215,0.013
plug-11,smart_plug,0.45,3.9,1235,0.09,2,0.49,0.49,0.324,0.014
cam-002,camera,1.07,47.6,71485,1.88,7,0.61,0.38,0.079,0.033
sensor-18,sensor,0.45,3.1,1938,0.16,3,0.84,0.14,0.302,0.008
router-05,router,1.01,29.2,63134,1.93,10,0.65,0.34,0.120,0.020
nvr-06,nvr,0.92,24.9,35891,1.22,6,0.73,0.27,0.160,0.015
access-ctrl-03,access_controller,0.66,8.7,9632,0.71,3,0.85,0.14,0.225,0.009
thermostat-13,thermostat,0.74,6.7,3701,0.35,4,0.71,0.27,0.226,0.013
plug-22,smart_plug,0.42,2.1,947,0.10,2,0.47,0.50,0.356,0.011
cam-004,camera,1.43,63.9,75786,2.23,10,0.60,0.38,0.110,0.028
sensor-07,sensor,0.50,4.0,1057,0.13,2,0.81,0.18,0.281,0.009
router-14,router,1.00,33.1,64337,2.23,10,0.73,0.25,0.119,0.024
nvr-01,nvr,0.89,18.5,40191,1.54,6,0.77,0.21,0.191,0.015
access-ctrl-02,access_controller,0.55,8.6,13902,0.51,2,0.82,0.16,0.223,0.013
thermostat-13,thermostat,0.85,6.3,4418,0.30,3,0.69,0.29,0.217,0.018
plug-22,smart_plug,0.43,2.8,1598,0.06,2,0.52,0.47,0.352,0.010
cam-003,camera,1.33,63.8,81249,2.32,8,0.63,0.34,0.113,0.036
sensor-24,sensor,0.46,5.0,2337,0.24,3,0.81,0.17,0.322,0.007
router-14,router,0.76,31.3,47547,2.23,7,0.67,0.32,0.128,0.017
nvr-06,nvr,1.04,24.0,47044,1.18,4,0.73,0.26,0.162,0.013
access-ctrl-05,access_controller,0.61,10.7,12530,0.80,4,0.77,0.21,0.252,0.010
thermostat-20,thermostat,0.67,6.0,4217,0.43,2,0.69,0.29,0.219,0.015
cam-005,camera,1.34,57.1,106341,1.71,14,0.66,0.32,0.081,0.031
sensor-12,sensor,0.52,4.8,1035,0.11,3,0.90,0.08,0.286,0.009
router-02,router,1.07,41.3,55266,2.37,6,0.63,0.36,0.135,0.017
nvr-03,nvr,0.92,17.3,39914,1.12,4,0.75,0.23,0.200,0.011
access-ctrl-06,access_controller,0.75,10.0,14137,0.57,4,0.77,0.21,0.237,0.013
thermostat-28,thermostat,0.77,6.9,5106,0.46,2,0.69,0.30,0.204,0.013
plug-31,smart_plug,0.39,2.2,1490,0.06,2,0.54,0.46,0.340,0.010
cam-007,camera,1.17,56.8,75181,2.43,10,0.66,0.33,0.105,0.026
sensor-21,sensor,0.66,2.7,1662,0.25,2,0.81,0.18,0.293,0.006
router-17,router,1.08,34.0,47838,2.24,7,0.73,0.26,0.154,0.016
nvr-03,nvr,0.92,25.1,35425,1.39,6,0.67,0.31,0.161,0.018
access-ctrl-02,access_controller,0.75,8.8,12341,0.50,2,0.80,0.17,0.229,0.009
thermostat-24,thermostat,0.80,6.8,4945,0.28,4,0.72,0.27,0.229,0.012
plug-19,smart_plug,0.34,4.0,869,0.13,2,0.48,0.49,0.309,0.009
cam-002,camera,1.28,43.4,89977,1.98,9,0.69,0.31,0.078,0.038
sensor-21,sensor,0.41,3.8,2870,0.27,3,0.91,0.07,0.268,0.012
router-08,router,0.94,34.2,68627,2.09,7,0.65,0.32,0.139,0.018
nvr-06,nvr,1.13,23.7,37518,1.32,4,0.67,0.31,0.183,0.017
access-ctrl-03,access_controller,0.57,11.4,12554,0.82,2,0.86,0.12,0.232,0.010
thermostat-04,thermostat,0.81,7.8,5371,0.35,3,0.67,0.32,0.194,0.012
plug-11,smart_plug,0.43,3.1,712,0.14,2,0.49,0.51,0.319,0.010
cam-001,camera,1.43,65.5,70103,2.67,9,0.59,0.41,0.114,0.029
sensor-12,sensor,0.41,5.7,2028,0.21,1,0.86,0.14,0.261,0.007
router-05,router,0.76,32.8,65909,1.99,9,0.68,0.30,0.150,0.021
nvr-02,nvr,0.89,24.2,39943,1.47,4,0.80,0.20,0.175,0.011
access-ctrl-01,access_controller,0.55,8.6,9529,0.63,4,0.77,0.23,0.218,0.008
thermostat-13,thermostat,0.66,7.0,4471,0.33,3,0.69,0.29,0.203,0.014
plug-11,smart_plug,0.34,2.6,1693,0.09,1,0.54,0.44,0.351,0.013
cam-007,camera,1.27,50.5,82467,2.61,13,0.60,0.40,0.087,0.031
sensor-21,sensor,0.54,4.3,2375,0.23,2,0.84,0.14,0.256,0.011
router-08,router,0.84,33.7,40726,2.30,8,0.74,0.26,0.161,0.022
nvr-05,nvr,1.02,27.4,55223,1.42,5,0.68,0.31,0.197,0.019
access-ctrl-03,access_controller,0.73,10.8,12615,0.55,4,0.77,0.23,0.257,0.012
thermostat-24,thermostat,0.77,5.5,4779,0.49,2,0.69,0.31,0.232,0.016
plug-19,smart_plug,0.42,2.5,1426,0.11,1,0.48,0.49,0.308,0.011
cam-004,camera,1.27,55.8,97574,1.90,10,0.63,0.35,0.108,0.031
sensor-24,sensor,0.49,4.8,2210,0.26,2,0.85,0.14,0.244,0.006
router-02,router,0.92,43.3,59393,2.13,5,0.73,0.26,0.135,0.026
nvr-04,nvr,1.17,16.4,58188,1.68,3,0.83,0.17,0.185,0.017
access-ctrl-06,access_controller,0.66,7.9,13320,0.80,2,0.77,0.22,0.262,0.010
thermostat-28,thermostat,0.86,6.5,3948,0.34,2,0.66,0.32,0.204,0.018
plug-31,smart_plug,0.37,4.2,1602,0.16,1,0.53,0.46,0.363,0.012
cam-005,camera,1.18,64.8,95109,2.80,13,0.56,0.44,0.078,0.026
sensor-07,sensor,0.62,3.1,1921,0.28,3,0.88,0.11,0.289,0.009
router-02,router,1.07,41.6,58404,1.71,5,0.66,0.32,0.120,0.023
nvr-03,nvr,1.10,26.1,44954,1.45,5,0.74,0.24,0.191,0.020
access-ctrl-04,access_controller,0.60,9.0,13326,0.58,2,0.87,0.10,0.230,0.008
thermostat-16,thermostat,0.76,6.5,4537,0.40,3,0.65,0.32,0.221,0.015
plug-19,smart_plug,0.51,2.2,1472,0.12,2,0.47,0.52,0.362,0.011
cam-001,camera,1.46,63.7,92390,2.47,13,0.58,0.40,0.088,0.028
sensor-07,sensor,0.62,5.0,1999,0.07,3,0.91,0.08,0.281,0.012
router-14,router,0.96,27.8,40960,2.29,9,0.63,0.36,0.131,0.016
nvr-04,nvr,0.89,20.6,55865,1.20,6,0.79,0.20,0.165,0.010
access-ctrl-07,access_controller,0.58,8.9,14055,0.60,4,0.84,0.14,0.248,0.007
thermostat-24,thermostat,0.69,5.7,4054,0.36,2,0.73,0.27,0.218,0.015
plug-14,smart_plug,0.42,2.2,1403,0.15,2,0.47,0.51,0.318,0.012
cam-006,camera,1.07,43.0,103363,1.93,10,0.68,0.30,0.115,0.023
sensor-07,sensor,0.41,2.8,1195,0.25,3,0.86,0.11,0.270,0.008
router-17,router,0.95,25.1,55743,1.99,10,0.67,0.31,0.120,0.025
nvr-01,nvr,0.95,24.4,47355,1.76,6,0.69,0.31,0.173,0.015
access-ctrl-06,access_controller,0.62,7.3,11584,0.76,3,0.86,0.12,0.242,0.011
thermostat-20,thermostat,0.74,7.4,3870,0.36,3,0.75,0.23,0.217,0.013
plug-31,smart_plug,0.40,3.9,1414,0.16,2,0.54,0.45,0.331,0.011
cam-006,camera,1.38,51.8,72045,2.60,8,0.68,0.29,0.106,0.039
sensor-07,sensor,0.44,3.5,1910,0.28,2,0.92,0.07,0.324,0.011
router-05,router,0.93,39.3,64215,2.41,5,0.69,0.29,0.141,0.026
nvr-07,nvr,0.89,23.2,45866,1.37,6,0.69,0.29,0.161,0.012
access-ctrl-06,access_controller,0.59,11.0,10082,0.74,2,0.86,0.12,0.253,0.011
thermostat-04,thermostat,0.79,7.3,5574,0.32,2,0.66,0.31,0.241,0.013
plug-25,smart_plug,0.43,3.5,1286,0.13,2,0.48,0.49,0.332,0.012
cam-002,camera,1.47,63.5,102235,2.79,8,0.61,0.38,0.104,0.031
sensor-27,sensor,0.57,2.7,1682,0.15,1,0.81,0.17,0.267,0.009
router-14,router,0.77,32.1,58506,2.23,7,0.66,0.33,0.127,0.018
nvr-03,nvr,1.06,29.6,56693,1.10,3,0.78,0.20,0.204,0.015
access-ctrl-05,access_controller,0.59,8.3,13641,0.73,2,0.87,0.11,0.250,0.013
thermostat-20,thermostat,0.78,5.8,5603,0.37,2,0.67,0.33,0.211,0.015
plug-31,smart_plug,0.41,4.1,1184,0.06,2,0.47,0.52,0.366,0.011
cam-004,camera,1.28,51.7,77294,1.78,12,0.61,0.38,0.086,0.032
sensor-07,sensor,0.60,5.3,2701,0.15,3,0.90,0.08,0.289,0.008
router-02,router,1.03,32.2,63963,2.20,10,0.67,0.31,0.147,0.021
nvr-07,nvr,1.29,26.1,50249,1.72,3,0.80,0.18,0.184,0.019
access-ctrl-03,access_controller,0.78,7.5,9944,0.69,2,0.78,0.19,0.243,0.012
thermostat-28,thermostat,0.81,8.3,3583,0.49,4,0.75,0.22,0.206,0.017
plug-29,smart_plug,0.49,4.1,1686,0.14,2,0.51,0.47,0.318,0.011
cam-003,camera,1.17,55.9,72001,2.58,13,0.64,0.35,0.108,0.034
sensor-24,sensor,0.54,2.6,2121,0.21,2,0.87,0.10,0.274,0.005
router-02,router,1.07,32.3,72385,1.72,5,0.62,0.36,0.123,0.026
nvr-01,nvr,1.21,20.4,42153,1.72,3,0.75,0.22,0.183,0.018
access-ctrl-07,access_controller,0.62,10.6,10530,0.73,4,0.77,0.22,0.216,0.013
thermostat-28,thermostat,0.64,7.3,5347,0.35,2,0.71,0.28,0.236,0.017
plug-22,smart_plug,0.46,3.9,1064,0.16,1,0.50,0.48,0.330,0.011
cam-002,camera,1.35,48.5,90953,2.16,7,0.61,0.38,0.082,0.031
sensor-27,sensor,0.62,2.9,2565,0.11,3,0.83,0.14,0.259,0.005
router-17,router,0.77,28.7,43774,2.26,11,0.70,0.27,0.124,0.026
nvr-04,nvr,1.20,19.4,50629,1.76,5,0.71,0.28,0.200,0.013
access-ctrl-03,access_controller,0.67,10.1,9267,0.64,4,0.81,0.18,0.258,0.009
thermostat-09,thermostat,0.82,5.0,4799,0.46,2,0.70,0.28,0.213,0.015
plug-29,smart_plug,0.37,2.8,1487,0.07,2,0.53,0.46,0.355,0.011
cam-005,camera,1.24,51.6,107166,2.71,13,0.61,0.39,0.083,0.025
sensor-30,sensor,0.46,4.8,2803,0.28,1,0.79,0.20,0.250,0.009
router-14,router,0.95,35.6,40976,2.23,9,0.65,0.34,0.149,0.017
nvr-06,nvr,1.16,21.2,49375,1.35,5,0.82,0.15,0.207,0.020
access-ctrl-07,access_controller,0.69,9.7,14426,0.47,3,0.83,0.15,0.263,0.014
thermostat-09,thermostat,0.72,6.0,5537,0.45,2,0.69,0.30,0.217,0.018
plug-22,smart_plug,0.50,3.0,1589,0.12,1,0.50,0.48,0.358,0.015
cam-003,camera,1.25,57.5,104846,1.96,9,0.62,0.36,0.082,0.032
sensor-21,sensor,0.59,4.9,2284,0.24,2,0.83,0.15,0.294,0.006
router-11,router,0.92,33.8,46694,1.64,8,0.59,0.41,0.138,0.017
nvr-07,nvr,0.92,21.4,57099,1.52,5,0.69,0.28,0.165,0.013
access-ctrl-02,access_controller,0.72,10.0,13626,0.82,4,0.77,0.22,0.243,0.012
thermostat-24,thermostat,0.86,8.4,5751,0.43,4,0.70,0.30,0.239,0.015
plug-11,smart_plug,0.46,4.0,1005,0.06,2,0.48,0.52,0.331,0.009
cam-006,camera,1.39,51.1,75081,1.95,7,0.66,0.31,0.083,0.028
sensor-18,sensor,0.56,5.3,2070,0.20,2,0.91,0.06,0.283,0.011
router-14,router,0.77,30.7,46408,1.98,11,0.69,0.28,0.151,0.020
nvr-02,nvr,1.06,22.0,34438,1.53,3,0.79,0.19,0.165,0.018
access-ctrl-07,access_controller,0.67,9.5,12731,0.76,3,0.79,0.21,0.227,0.007
thermostat-09,thermostat,0.68,5.3,4023,0.28,4,0.70,0.29,0.202,0.014
plug-29,smart_plug,0.40,2.2,857,0.16,2,0.47,0.51,0.309,0.009
cam-004,camera,1.34,52.3,86735,2.07,12,0.72,0.27,0.103,0.042
sensor-07,sensor,0.58,4.8,2242,0.21,2,0.89,0.09,0.308,0.011
router-14,router,0.94,33.0,58900,1.60,11,0.73,0.25,0.139,0.017
nvr-06,nvr,1.13,30.0,37847,1.67,3,0.75,0.24,0.171,0.014
access-ctrl-04,access_controller,0.72,8.5,9427,0.67,2,0.76,0.23,0.256,0.012
thermostat-20,thermostat,0.75,8.3,3815,0.33,2,0.75,0.24,0.239,0.016
plug-22,smart_plug,0.37,3.5,743,0.14,1,0.45,0.52,0.317,0.012
cam-002,camera,1.28,64.5,75867,2.38,14,0.70,0.27,0.084,0.035
sensor-21,sensor,0.49,4.5,2580,0.26,1,0.89,0.09,0.319,0.008
router-11,router,0.88,26.3,71849,1.79,11,0.75,0.22,0.158,0.029
nvr-05,nvr,1.15,26.2,57938,1.24,5,0.82,0.18,0.204,0.012
access-ctrl-06,access_controller,0.58,11.7,11866,0.82,3,0.87,0.13,0.252,0.011
thermostat-28,thermostat,0.78,8.0,5260,0.31,3,0.71,0.28,0.207,0.012
plug-19,smart_plug,0.50,3.5,1702,0.12,2,0.54,0.44,0.357,0.010
cam-006,camera,1.43,52.7,90554,1.92,9,0.58,0.41,0.074,0.038
sensor-07,sensor,0.65,5.9,1336,0.22,3,0.78,0.22,0.283,0.006
router-02,router,0.98,44.7,58523,2.40,5,0.66,0.31,0.143,0.028
nvr-07,nvr,0.99,29.4,36539,1.43,5,0.78,0.20,0.172,0.015
access-ctrl-01,access_controller,0.79,12.0,9772,0.86,3,0.87,0.12,0.244,0.011
thermostat-04,thermostat,0.84,8.0,3819,0.28,4,0.75,0.25,0.208,0.016
plug-11,smart_plug,0.38,3.3,1355,0.12,2,0.45,0.55,0.343,0.013
cam-004,camera,1.10,61.2,91774,2.25,7,0.56,0.42,0.104,0.032
sensor-18,sensor,0.43,3.0,980,0.15,1,0.91,0.09,0.317,0.010
router-02,router,0.84,32.8,58998,1.72,10,0.71,0.28,0.117,0.017
nvr-07,nvr,1.26,21.8,58839,1.49,3,0.69,0.29,0.191,0.011
access-ctrl-04,access_controller,0.55,9.9,9119,0.67,2,0.76,0.22,0.221,0.009
thermostat-04,thermostat,0.70,5.0,4397,0.45,2,0.72,0.27,0.204,0.016
plug-25,smart_plug,0.43,2.7,1456,0.10,1,0.55,0.43,0.361,0.013
cam-004,camera,1.36,56.0,99871,1.88,10,0.57,0.42,0.109,0.038
sensor-18,sensor,0.44,4.7,1231,0.09,3,0.78,0.22,0.314,0.007
router-11,router,0.82,29.7,57066,2.07,8,0.74,0.23,0.115,0.017
nvr-04,nvr,1.25,21.3,45877,1.11,4,0.70,0.29,0.216,0.021
access-ctrl-01,access_controller,0.69,9.5,10456,0.56,2,0.77,0.21,0.233,0.008
thermostat-04,thermostat,0.64,6.3,5344,0.32,2,0.74,0.23,0.230,0.019
plug-25,smart_plug,0.46,2.9,1782,0.16,1,0.45,0.55,0.333,0.012
cam-002,camera,1.42,43.9,89646,2.84,14,0.58,0.41,0.109,0.027
sensor-07,sensor,0.63,3.9,2017,0.26,1,0.77,0.21,0.317,0.009
router-17,router,0.89,34.3,65898,1.84,6,0.61,0.38,0.119,0.019
nvr-04,nvr,1.17,16.9,52529,1.20,4,0.77,0.22,0.194,0.020
access-ctrl-03,access_controller,0.70,10.1,11977,0.56,4,0.78,0.22,0.230,0.007
thermostat-04,thermostat,0.63,5.6,5835,0.29,2,0.67,0.33,0.236,0.016
plug-29,smart_plug,0.38,2.3,1069,0.09,2,0.52,0.48,0.313,0.012
cam-004,camera,1.45,47.0,91014,2.33,14,0.62,0.37,0.082,0.043
sensor-21,sensor,0.51,3.4,1903,0.14,3,0.87,0.11,0.269,0.008
router-17,router,0.75,34.0,72237,2.19,7,0.72,0.26,0.140,0.021
nvr-06,nvr,1.09,23.3,58633,1.63,5,0.73,0.25,0.176,0.020
access-ctrl-03,access_controller,0.70,8.5,11894,0.78,4,0.79,0.19,0.259,0.009
thermostat-20,thermostat,0.71,6.8,5464,0.37,2,0.67,0.32,0.210,0.013
plug-22,smart_plug,0.36,3.2,798,0.10,1,0.52,0.47,0.325,0.008
cam-006,camera,1.23,42.7,74549,2.74,10,0.62,0.36,0.104,0.027
sensor-30,sensor,0.67,3.7,2287,0.15,2,0.79,0.18,0.257,0.008
router-02,router,1.00,35.3,61610,1.65,11,0.61,0.36,0.160,0.024
nvr-04,nvr,1.09,22.3,47866,1.27,4,0.80,0.17,0.205,0.013
access-ctrl-01,access_controller,0.75,8.1,12948,0.53,3,0.76,0.22,0.263,0.012
thermostat-28,thermostat,0.81,8.0,3711,0.51,3,0.69,0.29,0.212,0.014
plug-31,smart_plug,0.45,2.7,1073,0.08,1,0.46,0.53,0.320,0.012
cam-005,camera,1.27,63.1,75216,2.68,10,0.63,0.35,0.106,0.037
sensor-12,sensor,0.62,4.2,2855,0.10,3,0.83,0.15,0.256,0.008
router-11,router,1.04,35.7,64083,1.93,5,0.67,0.30,0.130,0.016
nvr-03,nvr,0.92,18.1,41994,1.22,4,0.78,0.20,0.176,0.012
access-ctrl-07,access_controller,0.63,10.7,8982,0.54,2,0.84,0.14,0.227,0.010
thermostat-24,thermostat,0.80,8.2,4480,0.30,3,0.69,0.31,0.220,0.019
plug-19,smart_plug,0.48,2.5,1492,0.10,1,0.50,0.49,0.366,0.009
cam-004,camera,1.23,60.5,92478,2.61,10,0.59,0.38,0.114,0.024
sensor-24,sensor,0.45,3.4,2903,0.09,1,0.86,0.12,0.256,0.006
router-17,router,0.82,28.5,68519,1.93,9,0.61,0.38,0.122,0.024
nvr-02,nvr,1.24,29.9,54739,1.65,4,0.73,0.26,0.171,0.014
access-ctrl-02,access_controller,0.76,9.2,11413,0.74,3,0.86,0.14,0.243,0.012
thermostat-04,thermostat,0.63,6.4,3516,0.44,4,0.75,0.23,0.218,0.015
plug-25,smart_plug,0.50,3.3,1251,0.10,2,0.48,0.52,0.350,0.009
cam-006,camera,1.41,45.3,77488,2.18,8,0.61,0.38,0.078,0.040
sensor-30,sensor,0.58,3.0,2305,0.24,3,0.78,0.21,0.252,0.011
router-02,router,0.97,44.5,54568,1.85,7,0.74,0.25,0.141,0.018
nvr-05,nvr,1.18,20.4,43169,1.36,6,0.68,0.32,0.171,0.013
access-ctrl-05,access_controller,0.69,9.7,11116,0.56,2,0.81,0.17,0.246,0.010
thermostat-04,thermostat,0.86,5.0,5164,0.44,4,0.65,0.33,0.228,0.018
plug-19,smart_plug,0.47,2.0,1122,0.08,1,0.46,0.52,0.344,0.014
cam-006,camera,1.17,54.8,85977,1.85,9,0.60,0.39,0.085,0.023
sensor-12,sensor,0.49,3.2,1370,0.07,3,0.86,0.12,0.324,0.008
router-05,router,0.98,38.6,67943,2.30,6,0.66,0.32,0.141,0.023
nvr-07,nvr,1.20,23.0,50985,1.54,4,0.83,0.15,0.184,0.011
access-ctrl-02,access_controller,0.60,10.4,9966,0.64,4,0.84,0.15,0.216,0.012
thermostat-28,thermostat,0.75,5.5,4126,0.41,2,0.75,0.23,0.210,0.017
plug-19,smart_plug,0.42,2.1,1565,0.09,2,0.54,0.43,0.364,0.010
cam-001,camera,1.38,57.2,103817,2.41,13,0.57,0.43,0.094,0.038
sensor-30,sensor,0.45,2.6,1877,0.09,3,0.82,0.18,0.290,0.004
router-20,router,0.86,40.1,41945,2.03,5,0.63,0.34,0.132,0.024
nvr-07,nvr,0.95,28.7,33834,1.47,6,0.83,0.16,0.190,0.018
access-ctrl-02,access_controller,0.58,8.9,11583,0.60,4,0.83,0.17,0.226,0.008
thermostat-28,thermostat,0.74,7.8,4334,0.49,4,0.66,0.32,0.236,0.018
plug-31,smart_plug,0.35,3.5,963,0.10,2,0.50,0.47,0.330,0.008
cam-005,camera,1.09,64.2,72229,2.58,12,0.60,0.40,0.078,0.038
sensor-27,sensor,0.44,5.2,935,0.09,2,0.81,0.19,0.323,0.006
router-14,router,0.85,27.0,44701,2.24,9,0.61,0.37,0.156,0.022
nvr-04,nvr,1.13,16.2,42680,1.59,6,0.67,0.33,0.166,0.017
access-ctrl-01,access_controller,0.77,11.8,9678,0.76,4,0.79,0.18,0.264,0.011
thermostat-20,thermostat,0.72,5.6,3725,0.37,2,0.67,0.33,0.217,0.015
plug-11,smart_plug,0.39,4.0,1728,0.06,2,0.49,0.49,0.315,0.014
cam-002,camera,1.07,49.8,106674,2.54,13,0.62,0.36,0.094,0.026
sensor-21,sensor,0.50,4.5,2689,0.10,2,0.83,0.16,0.259,0.008
router-17,router,0.75,31.7,52667,2.32,6,0.69,0.31,0.134,0.031
nvr-02,nvr,1.00,20.1,35148,1.46,3,0.71,0.26,0.175,0.017
access-ctrl-07,access_controller,0.56,7.8,11106,0.83,2,0.79,0.18,0.244,0.012
thermostat-20,thermostat,0.77,7.0,5377,0.29,2,0.75,0.24,0.221,0.016
plug-19,smart_plug,0.45,2.8,1301,0.13,1,0.51,0.47,0.353,0.010
cam-006,camera,1.21,61.0,68770,1.97,8,0.65,0.34,0.096,0.032
sensor-12,sensor,0.64,4.6,1834,0.09,1,0.88,0.12,0.293,0.008
router-20,router,0.78,32.9,40777,1.72,6,0.64,0.35,0.145,0.023
nvr-06,nvr,1.28,29.7,55082,1.10,5,0.73,0.26,0.177,0.014
access-ctrl-02,access_controller,0.59,10.9,14404,0.53,4,0.76,0.22,0.261,0.012
thermostat-24,thermostat,0.86,8.0,5495,0.29,3,0.66,0.32,0.204,0.015
plug-19,smart_plug,0.43,2.4,1318,0.11,2,0.47,0.52,0.352,0.011
cam-002,camera,1.23,60.0,92437,2.19,10,0.58,0.42,0.087,0.036
sensor-24,sensor,0.54,4.5,1024,0.08,2,0.91,0.08,0.267,0.008
router-08,router,0.82,32.4,49642,2.13,10,0.71,0.28,0.122,0.024
nvr-01,nvr,0.87,16.4,58575,1.12,5,0.73,0.26,0.183,0.019
access-ctrl-01,access_controller,0.55,8.9,11117,0.57,4,0.83,0.15,0.243,0.011
thermostat-28,thermostat,0.82,6.6,4346,0.41,3,0.72,0.27,0.237,0.013
plug-14,smart_plug,0.45,2.8,825,0.06,1,0.52,0.46,0.349,0.010
cam-007,camera,1.10,43.8,91865,1.79,14,0.66,0.31,0.080,0.030
sensor-30,sensor,0.45,4.1,1342,0.22,2,0.81,0.16,0.294,0.011
router-20,router,0.74,29.5,45050,1.98,7,0.66,0.32,0.119,0.019
nvr-01,nvr,1.23,27.5,32473,1.65,4,0.76,0.24,0.212,0.014
access-ctrl-05,access_controller,0.63,11.5,10919,0.74,4,0.77,0.21,0.226,0.007
thermostat-16,thermostat,0.79,8.3,5356,0.35,2,0.74,0.26,0.204,0.018
plug-25,smart_plug,0.49,2.5,1703,0.12,1,0.47,0.52,0.319,0.014
cam-005,camera,1.29,59.8,79899,2.79,12,0.70,0.29,0.107,0.025
sensor-12,sensor,0.64,2.8,1005,0.09,3,0.85,0.13,0.316,0.006
router-05,router,0.87,43.9,70641,1.93,10,0.73,0.25,0.129,0.028
nvr-05,nvr,1.23,26.2,49593,1.37,3,0.75,0.22,0.166,0.020
access-ctrl-07,access_controller,0.73,7.9,10743,0.48,4,0.85,0.14,0.262,0.009
thermostat-16,thermostat,0.71,6.7,5770,0.30,3,0.77,0.22,0.208,0.018
plug-19,smart_plug,0.36,3.8,1341,0.15,1,0.54,0.44,0.353,0.011
cam-007,camera,1.27,63.3,78604,2.44,8,0.69,0.29,0.095,0.037
sensor-21,sensor,0.45,4.5,1660,0.10,1,0.92,0.07,0.320,0.010
router-14,router,1.01,33.8,65155,1.61,7,0.65,0.35,0.131,0.021
nvr-01,nvr,0.86,24.0,33125,1.26,3,0.80,0.19,0.160,0.018
access-ctrl-03,access_controller,0.59,12.0,14767,0.49,4,0.82,0.17,0.240,0.010
thermostat-16,thermostat,0.73,6.6,3787,0.46,2,0.73,0.27,0.214,0.014
plug-31,smart_plug,0.46,4.1,1349,0.05,1,0.51,0.48,0.362,0.013
cam-001,camera,1.41,42.8,102489,2.61,11,0.60,0.37,0.077,0.033
sensor-18,sensor,0.44,2.7,1155,0.08,1,0.80,0.20,0.266,0.004
router-17,router,0.91,26.7,53905,2.15,10,0.73,0.26,0.121,0.027
nvr-07,nvr,1.10,22.4,49734,1.37,3,0.69,0.31,0.199,0.019
access-ctrl-06,access_controller,0.63,9.8,14051,0.88,2,0.81,0.19,0.264,0.011
thermostat-16,thermostat,0.85,7.1,4762,0.37,2,0.65,0.32,0.214,0.014
plug-11,smart_plug,0.33,2.5,835,0.15,1,0.54,0.45,0.356,0.013
cam-005,camera,1.45,42.8,76711,2.41,9,0.63,0.36,0.090,0.024
sensor-07,sensor,0.43,5.1,2228,0.17,1,0.84,0.13,0.327,0.010
router-14,router,0.86,32.6,46394,2.31,11,0.69,0.30,0.158,0.027
nvr-06,nvr,1.12,28.1,37752,1.18,6,0.79,0.19,0.163,0.020
access-ctrl-06,access_controller,0.76,11.9,10298,0.55,3,0.85,0.15,0.265,0.009
thermostat-20,thermostat,0.72,7.6,5814,0.47,2,0.68,0.31,0.232,0.014
plug-11,smart_plug,0.42,3.6,938,0.14,2,0.45,0.55,0.342,0.010
cam-007,camera,1.15,48.6,101583,2.33,11,0.59,0.39,0.082,0.033
sensor-27,sensor,0.46,2.8,2210,0.15,1,0.88,0.10,0.304,0.012
router-20,router,0.76,43.7,60265,2.24,7,0.72,0.25,0.152,0.017
nvr-04,nvr,0.92,19.5,56629,1.75,6,0.70,0.28,0.189,0.014
access-ctrl-01,access_controller,0.69,10.6,13947,0.87,4,0.83,0.16,0.222,0.011
thermostat-16,thermostat,0.76,7.8,4798,0.49,3,0.71,0.27,0.227,0.015
plug-14,smart_plug,0.46,3.9,1264,0.11,2,0.50,0.49,0.321,0.014
cam-002,camera,1.47,56.0,101591,2.73,8,0.64,0.33,0.086,0.037
sensor-24,sensor,0.54,4.9,2211,0.21,2,0.78,0.20,0.258,0.007
router-11,router,1.03,40.4,47549,2.00,10,0.69,0.31,0.142,0.020
nvr-01,nvr,0.89,17.1,40153,1.16,5,0.78,0.19,0.172,0.014
access-ctrl-01,access_controller,0.71,9.6,9202,0.86,4,0.82,0.16,0.253,0.013
thermostat-13,thermostat,0.63,5.2,4957,0.47,3,0.67,0.32,0.228,0.012
plug-22,smart_plug,0.49,3.2,1393,0.05,2,0.49,0.50,0.358,0.008
cam-003,camera,1.48,62.4,75326,2.80,14,0.65,0.34,0.113,0.039
sensor-18,sensor,0.51,3.3,2883,0.12,3,0.88,0.10,0.296,0.005
router-02,router,1.02,34.1,40537,2.00,11,0.62,0.38,0.160,0.027
nvr-02,nvr,0.90,21.0,50570,1.48,5,0.69,0.29,0.165,0.011
access-ctrl-05,access_controller,0.68,7.7,10756,0.71,2,0.80,0.19,0.262,0.009
thermostat-13,thermostat,0.63,7.8,5673,0.50,3,0.72,0.27,0.222,0.015
plug-25,smart_plug,0.43,4.2,1714,0.11,2,0.54,0.44,0.317,0.011
cam-002,camera,1.38,52.3,70033,1.82,9,0.62,0.36,0.076,0.034
sensor-27,sensor,0.49,5.2,1299,0.15,1,0.92,0.08,0.318,0.005
router-08,router,1.00,38.7,44245,1.60,7,0.71,0.28,0.142,0.026
nvr-04,nvr,0.93,22.2,54458,1.45,3,0.74,0.24,0.184,0.013
access-ctrl-03,access_controller,0.77,10.2,12134,0.71,2,0.82,0.18,0.261,0.011
thermostat-13,thermostat,0.80,6.1,3835,0.32,2,0.71,0.26,0.208,0.013
plug-19,smart_plug,0.42,3.9,1332,0.08,1,0.44,0.53,0.317,0.011
cam-004,camera,1.39,59.6,83489,2.62,8,0.66,0.33,0.093,0.027
sensor-30,sensor,0.54,5.6,970,0.09,2,0.85,0.13,0.311,0.007
router-14,router,1.07,38.1,50209,2.36,5,0.73,0.25,0.146,0.026
nvr-06,nvr,0.90,17.9,41279,1.72,6,0.69,0.30,0.159,0.020
access-ctrl-06,access_controller,0.67,12.0,14846,0.50,2,0.79,0.21,0.214,0.011
thermostat-13,thermostat,0.81,7.6,3629,0.37,2,0.73,0.27,0.233,0.013
plug-29,smart_plug,0.48,2.4,953,0.14,1,0.55,0.44,0.362,0.013
cam-003,camera,1.45,50.5,84441,1.91,9,0.71,0.28,0.094,0.024
sensor-12,sensor,0.42,4.4,2750,0.19,1,0.83,0.14,0.307,0.010
router-17,router,0.99,38.9,47662,2.08,8,0.62,0.35,0.127,0.029
nvr-02,nvr,1.09,20.6,56006,1.14,3,0.83,0.16,0.212,0.019
access-ctrl-07,access_controller,0.72,9.2,9960,0.84,4,0.86,0.11,0.251,0.014
thermostat-16,thermostat,0.75,5.5,4162,0.27,3,0.66,0.32,0.236,0.015
plug-25,smart_plug,0.40,3.0,872,0.14,1,0.50,0.48,0.354,0.008
cam-001,camera,1.10,57.5,81225,2.25,8,0.70,0.29,0.094,0.042
sensor-27,sensor,0.52,3.3,2650,0.24,1,0.78,0.22,0.316,0.010
router-08,router,0.81,44.3,40321,1.65,8,0.68,0.32,0.118,0.027
nvr-07,nvr,1.25,22.3,43952,1.25,5,0.75,0.24,0.153,0.020
access-ctrl-03,access_controller,0.74,10.9,11627,0.53,2,0.87,0.12,0.232,0.013
thermostat-28,thermostat,0.68,5.8,3977,0.49,2,0.68,0.32,0.212,0.012
plug-29,smart_plug,0.36,3.2,855,0.08,1,0.50,0.50,0.365,0.010
cam-006,camera,1.25,58.1,80479,1.93,11,0.68,0.29,0.103,0.026
sensor-07,sensor,0.42,3.3,2917,0.12,2,0.87,0.12,0.267,0.010
router-05,router,0.78,28.5,54349,1.98,7,0.70,0.28,0.120,0.018
nvr-02,nvr,1.19,16.6,55285,1.53,4,0.70,0.27,0.205,0.010
access-ctrl-06,access_controller,0.70,9.4,14538,0.68,3,0.87,0.11,0.218,0.008
thermostat-24,thermostat,0.76,5.3,4626,0.32,2,0.70,0.27,0.214,0.014
plug-14,smart_plug,0.42,2.2,1428,0.06,1,0.49,0.51,0.317,0.009
cam-004,camera,1.34,61.3,104352,2.25,11,0.58,0.41,0.095,0.036
sensor-07,sensor,0.66,3.1,2184,0.24,3,0.82,0.16,0.278,0.006
router-11,router,0.83,39.3,67914,2.26,11,0.60,0.38,0.147,0.017
nvr-05,nvr,1.09,28.0,39908,1.09,4,0.75,0.22,0.193,0.020
access-ctrl-05,access_controller,0.72,7.9,11200,0.75,2,0.75,0.23,0.219,0.008
thermostat-09,thermostat,0.75,7.3,4012,0.37,4,0.68,0.32,0.198,0.012
plug-14,smart_plug,0.39,3.3,875,0.14,1,0.52,0.47,0.364,0.008
cam-003,camera,1.22,56.7,68967,2.08,8,0.69,0.31,0.075,0.037
sensor-24,sensor,0.55,3.9,1030,0.23,1,0.85,0.14,0.254,0.007
router-05,router,0.89,42.5,49861,2.05,11,0.64,0.34,0.140,0.020
nvr-05,nvr,1.14,17.2,50266,1.32,4,0.79,0.20,0.185,0.013
access-ctrl-01,access_controller,0.63,12.1,11033,0.50,3,0.87,0.12,0.260,0.008
thermostat-09,thermostat,0.65,6.1,4397,0.32,3,0.67,0.30,0.209,0.011
plug-22,smart_plug,0.35,2.1,1571,0.13,1,0.51,0.48,0.359,0.014
cam-004,camera,1.30,51.1,103421,2.46,13,0.59,0.40,0.079,0.037
sensor-07,sensor,0.66,5.4,2791,0.14,1,0.80,0.20,0.323,0.012
router-11,router,0.97,42.4,57141,1.70,7,0.64,0.34,0.121,0.016
nvr-05,nvr,0.97,25.9,33530,1.42,5,0.75,0.24,0.188,0.017
access-ctrl-04,access_controller,0.68,8.9,13580,0.50,2,0.82,0.15,0.262,0.014
thermostat-24,thermostat,0.68,5.3,4892,0.42,4,0.68,0.32,0.215,0.019
plug-29,smart_plug,0.35,2.9,1730,0.15,1,0.48,0.50,0.353,0.012
cam-003,camera,1.21,54.5,96598,1.93,7,0.58,0.41,0.091,0.037
sensor-12,sensor,0.48,4.1,1944,0.25,1,0.85,0.12,0.264,0.006
router-08,router,0.77,27.7,44811,2.15,8,0.60,0.40,0.130,0.016
nvr-05,nvr,1.03,23.2,43048,1.36,4,0.74,0.24,0.179,0.012
access-ctrl-07,access_controller,0.67,9.9,14269,0.56,4,0.80,0.17,0.254,0.010
thermostat-04,thermostat,0.73,5.1,5709,0.49,3,0.71,0.28,0.223,0.013
plug-31,smart_plug,0.46,4.1,1602,0.16,1,0.53,0.44,0.324,0.010
cam-003,camera,1.32,51.7,91951,2.06,8,0.66,0.31,0.086,0.042
sensor-18,sensor,0.58,3.0,1989,0.20,3,0.91,0.08,0.251,0.008
router-17,router,0.95,29.6,47072,2.41,8,0.72,0.27,0.156,0.023
nvr-04,nvr,1.07,20.0,49413,1.22,5,0.71,0.27,0.161,0.019
access-ctrl-03,access_controller,0.59,7.7,13979,0.75,4,0.79,0.20,0.261,0.013
thermostat-28,thermostat,0.62,6.5,4725,0.31,2,0.67,0.33,0.203,0.018
plug-14,smart_plug,0.41,4.1,726,0.16,1,0.50,0.49,0.335,0.013
cam-005,camera,1.22,51.8,79537,2.67,9,0.61,0.37,0.091,0.035
sensor-30,sensor,0.48,3.1,1025,0.18,2,0.90,0.10,0.263,0.007
router-17,router,0.81,28.0,43948,2.40,10,0.68,0.30,0.137,0.026
nvr-02,nvr,0.95,17.7,52569,1.32,4,0.75,0.23,0.159,0.013
access-ctrl-03,access_controller,0.70,10.1,11918,0.62,3,0.86,0.13,0.256,0.011
thermostat-13,thermostat,0.67,5.2,4083,0.39,4,0.75,0.24,0.217,0.018
plug-29,smart_plug,0.41,3.1,1167,0.17,1,0.45,0.53,0.331,0.009
cam-004,camera,1.11,47.8,90599,2.75,14,0.56,0.42,0.094,0.024
sensor-18,sensor,0.58,4.7,1471,0.26,2,0.81,0.18,0.238,0.007
router-20,router,0.90,32.6,41417,1.89,10,0.74,0.25,0.131,0.025
nvr-05,nvr,0.98,21.0,51305,1.18,5,0.69,0.29,0.165,0.012
access-ctrl-03,access_controller,0.62,7.8,10047,0.47,3,0.82,0.18,0.217,0.009
thermostat-28,thermostat,0.66,8.2,4341,0.43,3,0.74,0.25,0.227,0.014
plug-14,smart_plug,0.50,3.7,991,0.05,1,0.54,0.44,0.354,0.014
cam-005,camera,1.35,51.6,89926,1.73,13,0.61,0.37,0.077,0.043
sensor-27,sensor,0.55,5.3,1951,0.21,2,0.80,0.19,0.287,0.008
router-08,router,1.03,38.7,59599,1.84,9,0.61,0.39,0.139,0.021
nvr-03,nvr,1.21,27.2,33855,1.37,3,0.73,0.25,0.216,0.012
access-ctrl-07,access_controller,0.74,9.9,13617,0.66,2,0.81,0.19,0.239,0.011
thermostat-28,thermostat,0.66,7.2,4294,0.40,2,0.77,0.21,0.222,0.017
plug-22,smart_plug,0.35,2.9,1461,0.12,1,0.52,0.45,0.321,0.014
cam-005,camera,1.48,52.1,74107,2.72,10,0.61,0.37,0.101,0.039
sensor-18,sensor,0.54,2.8,1063,0.18,1,0.91,0.06,0.271,0.007
router-11,router,0.86,37.3,67712,1.86,7,0.68,0.32,0.147,0.023
nvr-01,nvr,1.07,21.4,58770,1.11,3,0.69,0.28,0.209,0.013
access-ctrl-03,access_controller,0.63,10.2,11528,0.69,3,0.80,0.18,0.213,0.012
thermostat-09,thermostat,0.65,7.7,5245,0.31,3,0.66,0.32,0.226,0.018
plug-25,smart_plug,0.48,2.2,1570,0.11,2,0.46,0.53,0.346,0.010
cam-003,camera,1.48,54.3,72411,2.10,7,0.71,0.27,0.082,0.037
sensor-12,sensor,0.52,3.0,990,0.24,3,0.83,0.17,0.260,0.009
router-11,router,1.00,34.9,63905,2.19,5,0.65,0.34,0.128,0.018
nvr-02,nvr,1.17,22.5,41120,1.46,3,0.82,0.16,0.180,0.017
access-ctrl-02,access_controller,0.77,10.7,11053,0.55,4,0.80,0.20,0.223,0.012
thermostat-16,thermostat,0.76,6.6,4116,0.34,4,0.75,0.24,0.225,0.012
plug-29,smart_plug,0.46,2.3,1039,0.09,2,0.47,0.53,0.367,0.010
cam-006,camera,1.10,57.7,83303,2.05,11,0.68,0.30,0.087,0.036
sensor-24,sensor,0.46,5.6,1808,0.16,2,0.79,0.20,0.266,0.005
router-14,router,0.82,37.4,70162,1.96,5,0.71,0.28,0.156,0.020
nvr-07,nvr,1.29,18.4,53848,1.43,4,0.76,0.22,0.185,0.012
access-ctrl-05,access_controller,0.78,10.1,13485,0.65,2,0.78,0.21,0.229,0.011
thermostat-04,thermostat,0.74,5.6,3575,0.36,4,0.69,0.28,0.216,0.017
plug-25,smart_plug,0.50,2.1,1218,0.05,1,0.47,0.52,0.324,0.011
cam-005,camera,1.06,64.1,106418,2.25,12,0.63,0.35,0.099,0.026
sensor-12,sensor,0.64,3.0,2109,0.09,3,0.91,0.09,0.322,0.009
router-05,router,0.81,43.1,67669,1.92,6,0.63,0.35,0.149,0.025
nvr-01,nvr,1.04,25.4,35101,1.50,5,0.76,0.22,0.210,0.015
access-ctrl-01,access_controller,0.55,10.9,15072,0.73,3,0.81,0.18,0.264,0.012
thermostat-28,thermostat,0.79,8.3,5584,0.50,2,0.72,0.28,0.228,0.011
plug-31,smart_plug,0.50,3.8,1469,0.14,2,0.50,0.49,0.360,0.013
cam-004,camera,1.47,59.4,106056,2.23,11,0.60,0.39,0.086,0.026
sensor-24,sensor,0.55,3.8,2147,0.12,3,0.80,0.18,0.238,0.005
router-14,router,0.78,39.9,47764,1.92,7,0.66,0.33,0.157,0.023
nvr-05,nvr,1.17,22.8,41646,1.68,4,0.79,0.20,0.201,0.020
access-ctrl-02,access_controller,0.61,8.5,14496,0.59,3,0.82,0.18,0.226,0.009
thermostat-16,thermostat,0.87,7.4,4379,0.37,4,0.69,0.30,0.223,0.017
plug-29,smart_plug,0.33,2.4,1078,0.07,1,0.44,0.54,0.307,0.009
cam-003,camera,1.06,43.1,89811,2.08,8,0.66,0.31,0.099,0.041
sensor-18,sensor,0.49,5.9,2337,0.13,3,0.82,0.16,0.293,0.011
router-14,router,1.04,25.6,43941,1.92,10,0.69,0.31,0.153,0.016
nvr-03,nvr,1.10,28.6,36205,1.23,3,0.83,0.14,0.166,0.016
access-ctrl-06,access_controller,0.78,7.9,14685,0.56,3,0.87,0.10,0.249,0.014
thermostat-28,thermostat,0.64,7.3,4693,0.40,4,0.70,0.28,0.199,0.019
plug-14,smart_plug,0.42,4.0,1234,0.11,2,0.51,0.48,0.341,0.014
cam-006,camera,1.30,57.8,75374,2.29,8,0.56,0.43,0.077,0.037
sensor-27,sensor,0.63,4.6,2380,0.11,1,0.88,0.09,0.278,0.008
router-20,router,0.82,43.2,65615,1.63,10,0.62,0.37,0.147,0.023
nvr-05,nvr,1.03,28.5,57114,1.23,5,0.76,0.23,0.179,0.017
access-ctrl-03,access_controller,0.59,9.4,12148,0.66,3,0.85,0.15,0.246,0.009
thermostat-16,thermostat,0.62,6.0,5209,0.29,4,0.73,0.24,0.220,0.014
plug-14,smart_plug,0.49,3.7,1277,0.10,1,0.55,0.44,0.311,0.010
cam-006,camera,1.36,60.8,107820,1.82,8,0.68,0.31,0.110,0.024
sensor-24,sensor,0.61,3.1,1326,0.18,3,0.81,0.17,0.269,0.005
router-20,router,1.00,41.8,51674,2.09,11,0.62,0.37,0.129,0.029
nvr-06,nvr,1.09,17.8,54928,1.55,5,0.69,0.31,0.156,0.011
access-ctrl-05,access_controller,0.73,10.5,12935,0.78,4,0.76,0.22,0.230,0.013
thermostat-04,thermostat,0.88,6.5,5259,0.39,2,0.69,0.30,0.228,0.019
plug-14,smart_plug,0.36,4.0,1371,0.10,1,0.48,0.50,0.359,0.012
cam-004,camera,1.26,60.1,88890,2.23,10,0.59,0.39,0.083,0.027
sensor-24,sensor,0.64,5.5,1412,0.08,1,0.91,0.07,0.288,0.011
router-17,router,1.01,44.1,54045,1.68,7,0.61,0.36,0.116,0.023
nvr-04,nvr,0.97,17.8,57181,1.45,3,0.72,0.28,0.211,0.015
access-ctrl-03,access_controller,0.77,10.9,14111,0.59,4,0.88,0.12,0.256,0.010
thermostat-09,thermostat,0.72,5.2,5542,0.42,2,0.69,0.30,0.204,0.016
plug-19,smart_plug,0.46,2.0,764,0.13,2,0.44,0.53,0.348,0.014
cam-002,camera,1.26,44.7,76264,2.43,14,0.69,0.29,0.109,0.034
sensor-24,sensor,0.48,3.5,1035,0.24,2,0.84,0.13,0.321,0.004
router-14,router,0.80,33.1,39023,2.33,11,0.67,0.32,0.152,0.015
nvr-07,nvr,0.97,29.7,47048,1.22,3,0.82,0.17,0.152,0.019
access-ctrl-02,access_controller,0.57,10.6,10651,0.54,2,0.81,0.17,0.227,0.012
thermostat-13,thermostat,0.69,6.1,4507,0.38,3,0.73,0.26,0.220,0.014
plug-31,smart_plug,0.42,2.5,1285,0.11,1,0.50,0.48,0.312,0.008
cam-007,camera,1.18,51.6,86496,2.30,12,0.62,0.37,0.089,0.028
sensor-24,sensor,0.57,4.5,1647,0.12,1,0.82,0.18,0.262,0.005
router-02,router,1.07,38.1,53622,1.61,10,0.70,0.27,0.134,0.021
nvr-03,nvr,1.08,20.0,56875,1.37,3,0.69,0.30,0.175,0.015
access-ctrl-04,access_controller,0.71,8.3,13170,0.64,3,0.75,0.22,0.218,0.010
thermostat-09,thermostat,0.80,7.4,4617,0.37,2,0.70,0.29,0.225,0.017
plug-31,smart_plug,0.37,3.3,1603,0.14,2,0.45,0.55,0.340,0.014
cam-004,camera,1.38,48.5,78922,2.47,8,0.57,0.43,0.078,0.040
sensor-24,sensor,0.53,3.2,1222,0.21,2,0.86,0.13,0.319,0.006
router-08,router,0.77,42.6,67896,1.73,10,0.62,0.37,0.126,0.018
nvr-01,nvr,1.01,21.0,58008,1.30,6,0.72,0.26,0.191,0.019
access-ctrl-02,access_controller,0.67,10.8,12266,0.78,3,0.85,0.13,0.258,0.008
thermostat-04,thermostat,0.82,8.0,5504,0.31,4,0.68,0.30,0.230,0.020
plug-19,smart_plug,0.46,2.9,1365,0.15,2,0.46,0.52,0.312,0.014
cam-005,camera,1.12,63.8,92118,2.36,14,0.60,0.39,0.091,0.031
sensor-12,sensor,0.46,4.7,1605,0.26,2,0.85,0.13,0.239,0.004
router-14,router,1.01,37.0,48593,2.21,10,0.60,0.37,0.130,0.029
nvr-06,nvr,1.22,23.1,46626,1.34,3,0.78,0.21,0.211,0.014
access-ctrl-06,access_controller,0.56,11.0,9875,0.48,3,0.83,0.15,0.236,0.007
thermostat-13,thermostat,0.75,5.0,5816,0.47,4,0.76,0.23,0.213,0.017
plug-25,smart_plug,0.43,3.4,1782,0.11,1,0.48,0.50,0.325,0.009
cam-002,camera,1.43,43.5,97242,1.79,13,0.67,0.32,0.106,0.029
sensor-07,sensor,0.49,3.6,1534,0.22,3,0.78,0.21,0.306,0.010
router-20,router,0.80,38.4,69334,1.85,9,0.66,0.33,0.136,0.028
nvr-06,nvr,0.91,17.0,48437,1.63,5,0.69,0.29,0.169,0.013
access-ctrl-04,access_controller,0.70,9.9,10001,0.59,2,0.87,0.12,0.231,0.012
thermostat-20,thermostat,0.75,5.3,3949,0.48,2,0.74,0.24,0.208,0.015
plug-29,smart_plug,0.50,2.4,1388,0.05,2,0.55,0.43,0.350,0.012
cam-007,camera,1.39,48.7,105587,2.66,10,0.68,0.29,0.114,0.026
sensor-24,sensor,0.65,5.6,1272,0.28,2,0.85,0.14,0.318,0.010
router-08,router,0.82,39.5,70436,2.03,10,0.64,0.35,0.128,0.023
nvr-03,nvr,1.04,28.3,54764,1.28,6,0.81,0.17,0.191,0.010
access-ctrl-07,access_controller,0.74,9.4,11350,0.56,3,0.80,0.17,0.227,0.010
thermostat-16,thermostat,0.75,6.4,4611,0.40,2,0.72,0.25,0.240,0.013
plug-29,smart_plug,0.38,3.8,1652,0.15,1,0.52,0.45,0.307,0.010
cam-007,camera,1.32,56.2,79642,1.83,13,0.63,0.37,0.099,0.027
sensor-30,sensor,0.51,4.1,934,0.27,1,0.81,0.18,0.280,0.008
router-02,router,0.97,41.1,42693,1.76,8,0.74,0.24,0.131,0.029
nvr-04,nvr,1.22,24.9,37088,1.71,5,0.77,0.21,0.173,0.021
access-ctrl-07,access_controller,0.76,11.2,14462,0.62,3,0.86,0.12,0.253,0.007
thermostat-16,thermostat,0.67,5.8,4599,0.50,2,0.73,0.26,0.217,0.013
plug-31,smart_plug,0.48,3.0,1406,0.12,2,0.48,0.50,0.320,0.013
cam-002,camera,1.28,51.4,105417,2.19,8,0.60,0.39,0.093,0.041
sensor-21,sensor,0.52,5.5,1727,0.14,2,0.89,0.10,0.326,0.008
router-17,router,0.86,42.5,49383,1.60,9,0.61,0.39,0.128,0.017
nvr-05,nvr,0.90,23.5,51251,1.52,6,0.67,0.32,0.176,0.010
access-ctrl-07,access_controller,0.74,9.9,11620,0.73,2,0.86,0.13,0.237,0.009
thermostat-16,thermostat,0.74,5.5,5125,0.29,3,0.66,0.31,0.204,0.017
plug-19,smart_plug,0.38,4.2,1154,0.17,2,0.46,0.51,0.311,0.009
cam-006,camera,1.36,57.6,86783,2.60,12,0.60,0.40,0.086,0.028
sensor-21,sensor,0.55,3.9,2667,0.22,1,0.80,0.19,0.263,0.011
router-08,router,0.75,45.0,39346,1.58,7,0.66,0.33,0.142,0.020
nvr-01,nvr,0.98,17.0,40599,1.47,4,0.78,0.22,0.210,0.018
access-ctrl-07,access_controller,0.78,8.5,11292,0.78,3,0.88,0.09,0.238,0.013
thermostat-09,thermostat,0.77,7.4,4762,0.47,2,0.74,0.24,0.232,0.014
plug-11,smart_plug,0.41,3.3,1349,0.11,1,0.45,0.53,0.366,0.013
cam-006,camera,1.29,49.5,82504,2.46,9,0.70,0.27,0.090,0.032
sensor-21,sensor,0.51,2.7,2633,0.27,2,0.83,0.15,0.302,0.005
router-14,router,0.99,42.9,46100,1.72,9,0.69,0.30,0.118,0.021
nvr-07,nvr,0.90,16.9,34585,1.54,6,0.83,0.14,0.202,0.012
access-ctrl-02,access_controller,0.78,7.9,11810,0.67,4,0.82,0.17,0.228,0.008
thermostat-16,thermostat,0.75,6.8,5047,0.46,3,0.75,0.25,0.204,0.014
plug-11,smart_plug,0.33,3.5,921,0.08,2,0.55,0.42,0.357,0.011
cam-002,camera,1.27,55.3,90403,2.02,13,0.70,0.28,0.084,0.043
sensor-21,sensor,0.62,4.6,1643,0.22,2,0.89,0.11,0.264,0.012
router-14,router,0.80,29.6,50467,1.94,7,0.63,0.35,0.126,0.027
nvr-04,nvr,1.23,20.3,40199,1.68,5,0.78,0.21,0.204,0.019
access-ctrl-01,access_controller,0.66,8.1,13634,0.85,4,0.85,0.13,0.224,0.013
thermostat-13,thermostat,0.77,8.4,4136,0.41,3,0.72,0.27,0.205,0.017
plug-19,smart_plug,0.36,2.3,1404,0.14,2,0.47,0.52,0.365,0.013
cam-007,camera,1.28,62.7,96350,2.28,7,0.67,0.33,0.077,0.039
sensor-27,sensor,0.62,4.5,1787,0.18,3,0.81,0.18,0.311,0.005
router-02,router,1.07,37.5,49083,1.73,9,0.59,0.41,0.140,0.020
nvr-04,nvr,0.98,22.2,39265,1.18,4,0.75,0.25,0.191,0.012
access-ctrl-06,access_controller,0.66,8.4,11583,0.54,3,0.86,0.14,0.263,0.012
thermostat-20,thermostat,0.65,6.4,3546,0.33,3,0.67,0.32,0.206,0.017
plug-11,smart_plug,0.36,2.7,1034,0.07,1,0.50,0.48,0.339,0.008
cam-005,camera,1.20,64.9,104194,2.45,14,0.59,0.40,0.089,0.034
sensor-27,sensor,0.61,4.6,1354,0.27,3,0.89,0.10,0.244,0.007
router-05,router,1.06,44.5,70134,2.41,11,0.75,0.24,0.149,0.024
nvr-02,nvr,1.09,18.9,39937,1.66,6,0.72,0.27,0.181,0.021
access-ctrl-01,access_controller,0.57,7.7,14696,0.73,2,0.84,0.14,0.211,0.009
thermostat-28,thermostat,0.86,7.0,4466,0.30,3,0.73,0.25,0.231,0.017
plug-14,smart_plug,0.41,3.2,800,0.17,1,0.44,0.56,0.337,0.012
cam-005,camera,1.28,64.9,99369,2.24,11,0.57,0.40,0.085,0.034
sensor-27,sensor,0.62,5.4,2248,0.17,3,0.86,0.14,0.247,0.005
router-17,router,0.92,40.7,72602,1.79,8,0.69,0.28,0.141,0.020
nvr-07,nvr,1.24,17.0,51844,1.70,3,0.67,0.31,0.185,0.019
access-ctrl-07,access_controller,0.68,11.8,12970,0.80,3,0.86,0.13,0.251,0.012
thermostat-24,thermostat,0.79,5.8,5328,0.48,4,0.67,0.33,0.211,0.019
plug-31,smart_plug,0.37,3.7,1345,0.14,2,0.48,0.51,0.337,0.013
cam-006,camera,1.45,46.4,68215,2.34,12,0.71,0.29,0.088,0.027
sensor-27,sensor,0.47,5.5,2267,0.12,3,0.79,0.21,0.325,0.009
router-17,router,0.81,38.2,42780,2.08,7,0.62,0.37,0.135,0.029
nvr-06,nvr,1.07,24.1,52811,1.14,5,0.78,0.20,0.178,0.020
access-ctrl-01,access_controller,0.72,7.4,13936,0.54,4,0.77,0.21,0.243,0.014
thermostat-04,thermostat,0.71,6.2,4629,0.37,2,0.69,0.28,0.206,0.017
plug-14,smart_plug,0.44,2.9,844,0.16,1,0.48,0.52,0.359,0.008
cam-001,camera,1.44,49.2,103583,2.16,13,0.72,0.28,0.097,0.029
sensor-30,sensor,0.67,4.3,2887,0.21,3,0.86,0.13,0.270,0.012
router-08,router,0.75,43.1,45134,1.99,5,0.60,0.38,0.139,0.024
nvr-06,nvr,0.90,28.1,53118,1.73,4,0.74,0.25,0.171,0.017
access-ctrl-01,access_controller,0.75,9.8,11912,0.73,3,0.84,0.13,0.225,0.009
thermostat-13,thermostat,0.76,5.8,4457,0.35,3,0.77,0.20,0.217,0.017
plug-22,smart_plug,0.44,3.6,1424,0.16,1,0.47,0.52,0.352,0.014
cam-001,camera,1.26,58.1,100976,2.44,10,0.71,0.26,0.090,0.025
sensor-24,sensor,0.53,3.3,2867,0.13,3,0.90,0.09,0.284,0.007
router-11,router,0.80,43.2,44198,2.27,6,0.65,0.32,0.140,0.026
nvr-07,nvr,0.91,16.7,37622,1.12,3,0.67,0.32,0.215,0.016
access-ctrl-06,access_controller,0.66,11.5,11355,0.65,3,0.81,0.19,0.235,0.011
thermostat-24,thermostat,0.70,8.3,5593,0.38,4,0.67,0.33,0.213,0.016
plug-22,smart_plug,0.49,4.1,731,0.15,2,0.53,0.44,0.366,0.012
cam-007,camera,1.06,65.4,79546,2.80,10,0.60,0.38,0.100,0.034
sensor-18,sensor,0.62,3.6,2060,0.18,3,0.90,0.09,0.242,0.007
router-14,router,0.95,30.0,71058,2.12,6,0.67,0.30,0.149,0.020
nvr-06,nvr,1.27,20.3,38182,1.63,5,0.81,0.18,0.201,0.015
access-ctrl-04,access_controller,0.59,11.2,9427,0.87,3,0.82,0.17,0.236,0.012
thermostat-13,thermostat,0.79,5.0,5429,0.40,4,0.72,0.26,0.224,0.014
plug-14,smart_plug,0.48,2.5,1723,0.13,1,0.54,0.45,0.364,0.012
cam-005,camera,1.07,54.2,77892,2.84,7,0.62,0.38,0.084,0.037
sensor-18,sensor,0.61,5.1,1603,0.19,1,0.78,0.21,0.296,0.010
router-05,router,1.07,42.0,64315,1.89,10,0.68,0.31,0.160,0.016
nvr-03,nvr,1.19,27.9,52352,1.40,5,0.68,0.31,0.162,0.021
access-ctrl-03,access_controller,0.60,9.2,15100,0.66,2,0.82,0.17,0.212,0.014
thermostat-09,thermostat,0.84,6.0,5150,0.46,2,0.72,0.28,0.219,0.018
plug-19,smart_plug,0.48,2.0,1057,0.13,2,0.47,0.53,0.318,0.011
cam-006,camera,1.41,43.8,78469,2.16,11,0.62,0.38,0.115,0.040
sensor-18,sensor,0.56,3.3,2487,0.20,1,0.92,0.06,0.316,0.007
router-05,router,0.74,44.1,63249,2.05,10,0.66,0.31,0.116,0.026
nvr-02,nvr,1.02,22.7,53179,1.68,4,0.77,0.22,0.189,0.018
access-ctrl-07,access_controller,0.73,10.7,13443,0.66,3,0.78,0.22,0.251,0.011
thermostat-13,thermostat,0.65,7.6,3601,0.28,4,0.66,0.33,0.231,0.018
plug-19,smart_plug,0.38,2.4,922,0.06,1,0.51,0.47,0.348,0.010
cam-002,camera,1.20,53.2,69211,2.92,14,0.70,0.30,0.107,0.031
sensor-18,sensor,0.55,5.9,2636,0.16,1,0.88,0.10,0.304,0.011
router-08,router,0.72,30.7,40639,1.93,6,0.70,0.30,0.135,0.026
nvr-06,nvr,1.21,29.4,53623,1.71,3,0.70,0.30,0.206,0.011
access-ctrl-06,access_controller,0.60,10.2,12027,0.56,4,0.88,0.11,0.211,0.008
thermostat-28,thermostat,0.85,5.2,4822,0.48,3,0.65,0.33,0.196,0.017
plug-29,smart_plug,0.44,3.7,969,0.09,2,0.44,0.54,0.312,0.010
cam-002,camera,1.35,61.4,101661,2.91,10,0.58,0.41,0.107,0.038
sensor-30,sensor,0.60,2.8,1742,0.28,1,0.86,0.12,0.296,0.005
router-05,router,0.87,25.1,65673,1.84,10,0.63,0.36,0.122,0.030
nvr-05,nvr,1.08,16.4,38036,1.63,3,0.73,0.26,0.160,0.020
access-ctrl-06,access_controller,0.71,9.8,12305,0.79,4,0.83,0.17,0.235,0.008
thermostat-16,thermostat,0.87,8.0,5456,0.38,3,0.67,0.32,0.225,0.014
plug-25,smart_plug,0.37,4.1,1145,0.09,2,0.50,0.50,0.354,0.015
cam-003,camera,1.06,52.7,73246,2.34,9,0.66,0.33,0.081,0.023
sensor-24,sensor,0.57,3.7,1329,0.10,3,0.85,0.14,0.308,0.005
router-14,router,0.88,40.3,71395,1.60,8,0.71,0.28,0.161,0.016
nvr-05,nvr,1.18,25.8,38510,1.17,4,0.81,0.16,0.216,0.015
access-ctrl-04,access_controller,0.74,9.4,10177,0.77,4,0.86,0.13,0.254,0.012
thermostat-24,thermostat,0.72,6.2,4014,0.40,2,0.75,0.25,0.239,0.012
plug-22,smart_plug,0.50,3.6,1292,0.07,2,0.48,0.52,0.307,0.009
cam-005,camera,1.12,57.2,73054,1.89,7,0.63,0.35,0.094,0.024
sensor-07,sensor,0.63,3.5,1568,0.12,2,0.82,0.17,0.292,0.009
router-08,router,0.98,26.9,49390,1.60,7,0.60,0.38,0.160,0.027
nvr-01,nvr,0.89,26.1,55661,1.38,5,0.73,0.26,0.179,0.019
access-ctrl-06,access_controller,0.69,8.2,11595,0.85,4,0.87,0.12,0.245,0.014
thermostat-04,thermostat,0.76,5.7,5055,0.44,2,0.68,0.30,0.218,0.013
plug-19,smart_plug,0.49,2.3,1043,0.17,2,0.45,0.52,0.357,0.013
cam-003,camera,1.18,51.7,76930,1.91,12,0.60,0.37,0.113,0.029
sensor-30,sensor,0.55,4.0,2239,0.12,2,0.88,0.11,0.279,0.009
router-17,router,1.03,44.3,53054,2.15,10,0.66,0.32,0.153,0.025
nvr-01,nvr,1.14,24.8,49391,1.44,4,0.69,0.29,0.206,0.018
access-ctrl-03,access_controller,0.58,11.3,10013,0.55,2,0.77,0.20,0.225,0.009
thermostat-16,thermostat,0.63,8.4,4044,0.30,4,0.66,0.32,0.221,0.012
plug-14,smart_plug,0.37,3.0,709,0.10,1,0.48,0.49,0.308,0.008
cam-004,camera,1.38,42.9,94286,1.74,13,0.57,0.43,0.087,0.038
sensor-07,sensor,0.66,5.5,2551,0.19,2,0.87,0.11,0.309,0.010
router-02,router,1.00,28.5,44942,1.61,8,0.72,0.28,0.128,0.018
nvr-02,nvr,1.16,25.4,48256,1.46,3,0.81,0.19,0.208,0.017
access-ctrl-07,access_controller,0.55,11.8,10379,0.63,2,0.78,0.19,0.229,0.009
thermostat-16,thermostat,0.65,8.2,4238,0.48,3,0.76,0.22,0.216,0.014
plug-25,smart_plug,0.40,2.4,708,0.11,1,0.48,0.50,0.312,0.009
cam-005,camera,1.47,44.8,98785,1.72,7,0.59,0.38,0.077,0.023
sensor-27,sensor,0.58,4.6,1554,0.27,2,0.89,0.09,0.311,0.011
router-11,router,0.91,26.6,72087,2.10,8,0.70,0.29,0.121,0.017
nvr-02,nvr,1.15,18.9,43306,1.53,3,0.81,0.18,0.167,0.012
access-ctrl-01,access_controller,0.56,9.9,13689,0.68,2,0.85,0.14,0.250,0.012
thermostat-04,thermostat,0.86,7.4,5356,0.43,4,0.71,0.28,0.214,0.014
plug-22,smart_plug,0.45,3.8,1316,0.16,1,0.53,0.46,0.319,0.014
cam-006,camera,1.25,43.8,86987,2.83,7,0.63,0.35,0.080,0.027
sensor-07,sensor,0.57,3.0,1878,0.20,1,0.88,0.11,0.277,0.011
router-02,router,1.02,43.7,66186,2.06,7,0.60,0.39,0.122,0.018
nvr-01,nvr,1.21,17.5,40602,1.78,6,0.82,0.16,0.194,0.011
access-ctrl-05,access_controller,0.77,8.9,9911,0.87,2,0.76,0.23,0.246,0.011
thermostat-04,thermostat,0.79,7.9,4804,0.48,2,0.68,0.32,0.213,0.011
plug-22,smart_plug,0.46,2.2,1289,0.07,2,0.49,0.51,0.314,0.011
cam-003,camera,1.39,57.3,98016,1.80,13,0.59,0.40,0.080,0.041
sensor-27,sensor,0.59,4.4,2291,0.15,1,0.79,0.19,0.274,0.007
router-20,router,1.01,34.0,72727,2.16,8,0.66,0.34,0.138,0.022
nvr-04,nvr,1.17,21.9,43402,1.19,5,0.76,0.23,0.196,0.012
access-ctrl-06,access_controller,0.68,11.3,9032,0.58,2,0.86,0.13,0.238,0.009
thermostat-20,thermostat,0.81,8.2,4702,0.28,4,0.70,0.29,0.218,0.014
plug-11,smart_plug,0.48,3.5,811,0.15,1,0.51,0.48,0.319,0.011
cam-003,camera,1.17,61.7,69978,1.95,12,0.71,0.26,0.091,0.041
sensor-21,sensor,0.62,3.9,1583,0.17,3,0.90,0.09,0.270,0.005
router-05,router,1.01,32.3,71923,1.70,10,0.60,0.39,0.119,0.021
nvr-04,nvr,1.03,27.4,38848,1.70,4,0.72,0.26,0.175,0.018
access-ctrl-05,access_controller,0.71,11.3,12488,0.82,4,0.81,0.16,0.256,0.014
thermostat-09,thermostat,0.71,6.2,4660,0.27,4,0.66,0.31,0.235,0.012
plug-29,smart_plug,0.50,3.6,1284,0.12,1,0.52,0.48,0.322,0.012
cam-001,camera,1.44,56.6,96661,2.05,13,0.66,0.32,0.088,0.039
sensor-12,sensor,0.67,5.2,1214,0.14,2,0.88,0.12,0.268,0.010
router-08,router,0.98,32.3,55199,2.16,10,0.60,0.39,0.141,0.026
nvr-03,nvr,0.97,25.8,38903,1.46,6,0.68,0.31,0.162,0.021
access-ctrl-04,access_controller,0.77,9.6,12456,0.52,4,0.86,0.13,0.224,0.008
thermostat-28,thermostat,0.64,7.0,4879,0.46,4,0.66,0.34,0.204,0.018
plug-22,smart_plug,0.36,2.8,983,0.16,1,0.48,0.51,0.358,0.010
cam-006,camera,1.15,55.8,70250,1.77,12,0.58,0.41,0.093,0.026
sensor-24,sensor,0.64,5.7,1319,0.08,2,0.87,0.11,0.272,0.008
router-14,router,0.84,35.9,55597,2.38,11,0.66,0.33,0.135,0.019
nvr-03,nvr,1.27,21.3,39990,1.55,3,0.70,0.29,0.212,0.010
access-ctrl-05,access_controller,0.70,8.7,14254,0.48,3,0.80,0.17,0.249,0.011
thermostat-04,thermostat,0.88,7.1,4445,0.31,4,0.74,0.23,0.221,0.016
plug-25,smart_plug,0.46,4.0,1186,0.06,1,0.48,0.51,0.367,0.012
cam-005,camera,1.26,47.5,106036,1.92,11,0.71,0.27,0.112,0.038
sensor-30,sensor,0.54,3.7,1110,0.14,1,0.84,0.13,0.318,0.006
router-14,router,0.88,44.2,41594,2.06,11,0.67,0.30,0.132,0.024
nvr-02,nvr,0.95,19.2,56671,1.77,6,0.80,0.17,0.184,0.010
access-ctrl-01,access_controller,0.70,10.0,11690,0.78,4,0.86,0.11,0.253,0.008
thermostat-13,thermostat,0.76,5.2,4971,0.45,2,0.65,0.33,0.214,0.016
plug-19,smart_plug,0.49,3.0,1105,0.09,1,0.52,0.46,0.342,0.009
cam-006,camera,1.24,58.9,94678,2.00,9,0.58,0.40,0.109,0.025
sensor-21,sensor,0.57,3.1,2215,0.13,2,0.87,0.10,0.251,0.010
router-20,router,0.94,39.0,47028,1.88,10,0.65,0.32,0.142,0.016
nvr-03,nvr,1.15,19.1,40904,1.77,3,0.72,0.27,0.202,0.015
access-ctrl-07,access_controller,0.59,9.7,14287,0.54,2,0.83,0.16,0.213,0.013
thermostat-28,thermostat,0.78,6.1,5732,0.36,3,0.70,0.28,0.215,0.014
plug-22,smart_plug,0.39,4.0,1085,0.11,2,0.56,0.42,0.307,0.011
cam-005,camera,1.38,60.0,105992,1.73,8,0.61,0.37,0.094,0.032
sensor-12,sensor,0.62,5.6,2613,0.12,2,0.88,0.09,0.252,0.010
router-02,router,0.76,28.8,49811,2.21,5,0.64,0.34,0.156,0.031
nvr-05,nvr,1.17,19.1,44201,1.17,5,0.76,0.23,0.165,0.011
access-ctrl-03,access_controller,0.60,11.3,13004,0.63,3,0.76,0.22,0.264,0.011
thermostat-04,thermostat,0.87,6.3,5417,0.39,4,0.65,0.35,0.219,0.016
plug-31,smart_plug,0.37,4.2,1023,0.16,1,0.49,0.49,0.319,0.010
cam-006,camera,1.08,50.5,72996,1.93,8,0.72,0.26,0.115,0.043
sensor-24,sensor,0.63,4.3,2834,0.11,2,0.89,0.11,0.295,0.009
router-17,router,0.97,31.5,55961,2.38,7,0.63,0.36,0.140,0.030
nvr-02,nvr,0.98,19.6,38317,1.58,3,0.77,0.21,0.154,0.015
access-ctrl-03,access_controller,0.74,9.0,8863,0.81,2,0.86,0.14,0.256,0.008
thermostat-24,thermostat,0.86,7.5,3550,0.28,2,0.74,0.26,0.239,0.011
plug-22,smart_plug,0.42,2.9,1321,0.12,2,0.54,0.46,0.367,0.012
cam-002,camera,1.15,42.1,106113,2.00,10,0.67,0.30,0.092,0.037
sensor-27,sensor,0.41,4.1,1723,0.08,2,0.82,0.18,0.260,0.012
router-14,router,0.96,34.9,39394,2.30,6,0.65,0.35,0.133,0.022
nvr-02,nvr,1.13,22.6,37681,1.74,6,0.80,0.19,0.198,0.012
access-ctrl-03,access_controller,0.72,11.9,12685,0.79,2,0.79,0.19,0.219,0.009
thermostat-16,thermostat,0.67,7.0,4665,0.28,2,0.73,0.24,0.221,0.019
plug-22,smart_plug,0.48,2.8,1761,0.12,1,0.47,0.52,0.321,0.014
cam-006,camera,1.24,55.8,90521,2.02,13,0.64,0.35,0.080,0.033
sensor-12,sensor,0.42,3.0,2480,0.10,2,0.86,0.14,0.247,0.012
router-08,router,1.06,25.0,68113,2.15,6,0.73,0.26,0.122,0.022
nvr-07,nvr,0.99,20.5,44011,1.70,5,0.68,0.29,0.215,0.014
access-ctrl-07,access_controller,0.62,10.9,13457,0.58,4,0.84,0.16,0.214,0.010
thermostat-13,thermostat,0.74,6.8,4433,0.38,2,0.68,0.30,0.205,0.013
plug-29,smart_plug,0.35,3.7,1186,0.09,2,0.47,0.51,0.366,0.009
cam-003,camera,1.43,60.1,97926,2.75,13,0.70,0.28,0.099,0.043
sensor-30,sensor,0.45,5.8,2579,0.17,2,0.88,0.11,0.300,0.010
router-08,router,0.90,29.8,39064,2.33,10,0.73,0.25,0.142,0.028
nvr-04,nvr,1.09,29.9,35289,1.70,6,0.75,0.22,0.216,0.011
access-ctrl-04,access_controller,0.58,10.3,10702,0.77,4,0.78,0.21,0.243,0.008
thermostat-16,thermostat,0.84,6.6,5167,0.29,2,0.70,0.29,0.226,0.017
plug-31,smart_plug,0.37,3.0,1585,0.15,2,0.51,0.47,0.308,0.013
cam-003,camera,1.41,57.5,99519,1.82,12,0.58,0.39,0.085,0.041
sensor-27,sensor,0.42,3.8,1514,0.09,1,0.93,0.06,0.325,0.006
router-02,router,1.04,41.7,68911,2.08,5,0.59,0.40,0.130,0.027
nvr-06,nvr,1.25,21.1,46124,1.77,4,0.68,0.31,0.172,0.015
access-ctrl-04,access_controller,0.55,11.9,15072,0.81,4,0.82,0.16,0.246,0.009
thermostat-04,thermostat,0.63,6.9,4333,0.42,2,0.68,0.29,0.214,0.015
plug-11,smart_plug,0.49,3.3,816,0.17,1,0.47,0.51,0.310,0.013
cam-002,camera,1.05,62.6,97561,1.84,9,0.70,0.29,0.091,0.036
sensor-18,sensor,0.64,5.6,2370,0.08,3,0.85,0.15,0.271,0.009
router-05,router,0.95,38.3,58345,1.67,10,0.71,0.26,0.134,0.027
nvr-03,nvr,1.26,25.2,32974,1.50,4,0.75,0.24,0.209,0.020
access-ctrl-03,access_controller,0.68,11.8,12144,0.70,2,0.84,0.14,0.221,0.012
thermostat-28,thermostat,0.76,6.3,4952,0.37,2,0.71,0.28,0.215,0.016
plug-22,smart_plug,0.50,2.4,780,0.15,1,0.49,0.51,0.365,0.012
cam-004,camera,1.47,60.7,91158,2.09,9,0.67,0.30,0.092,0.031
sensor-24,sensor,0.58,3.1,1091,0.15,3,0.85,0.15,0.275,0.008
router-08,router,0.86,27.8,61044,2.34,8,0.64,0.36,0.142,0.022
nvr-02,nvr,1.17,18.5,42633,1.76,3,0.79,0.20,0.174,0.015
access-ctrl-03,access_controller,0.58,9.3,12018,0.48,3,0.82,0.15,0.218,0.008
thermostat-04,thermostat,0.78,7.7,5121,0.38,2,0.74,0.25,0.233,0.013
plug-22,smart_plug,0.43,3.0,845,0.10,2,0.49,0.48,0.333,0.013
cam-002,camera,1.10,55.7,78076,2.87,9,0.60,0.38,0.087,0.025
sensor-12,sensor,0.63,2.9,1194,0.15,1,0.90,0.09,0.310,0.007
router-11,router,1.01,43.8,56183,1.82,5,0.60,0.38,0.135,0.023
nvr-06,nvr,0.94,27.4,50625,1.63,5,0.67,0.32,0.153,0.014
access-ctrl-07,access_controller,0.58,9.6,14932,0.71,4,0.86,0.11,0.244,0.009
thermostat-16,thermostat,0.74,5.7,3593,0.46,4,0.73,0.24,0.225,0.016
plug-31,smart_plug,0.39,4.0,1648,0.14,1,0.49,0.51,0.308,0.012
cam-003,camera,1.09,58.1,106656,2.08,12,0.66,0.32,0.115,0.024
sensor-30,sensor,0.43,2.9,2186,0.22,3,0.80,0.18,0.303,0.004
router-05,router,0.98,39.9,66840,2.16,11,0.64,0.34,0.154,0.030
nvr-01,nvr,1.12,22.3,57018,1.47,6,0.73,0.26,0.162,0.013
access-ctrl-07,access_controller,0.57,9.0,14830,0.71,3,0.82,0.17,0.240,0.008
thermostat-20,thermostat,0.67,7.8,5636,0.40,2,0.76,0.24,0.211,0.014
plug-31,smart_plug,0.43,4.0,876,0.11,2,0.46,0.52,0.339,0.009
cam-004,camera,1.44,65.4,77265,2.06,11,0.60,0.38,0.075,0.038
sensor-12,sensor,0.47,3.4,2198,0.22,2,0.85,0.14,0.292,0.005
router-17,router,1.03,30.7,55426,1.73,8,0.64,0.33,0.138,0.031
nvr-06,nvr,1.13,21.8,56991,1.58,5,0.80,0.17,0.162,0.014
access-ctrl-01,access_controller,0.78,9.7,11375,0.85,2,0.79,0.19,0.228,0.008
thermostat-13,thermostat,0.83,8.2,4138,0.49,2,0.66,0.32,0.232,0.015
plug-25,smart_plug,0.38,3.0,875,0.08,2,0.45,0.53,0.312,0.011
cam-007,camera,1.47,61.9,107209,2.78,8,0.69,0.30,0.111,0.032
sensor-07,sensor,0.40,4.1,1914,0.23,3,0.93,0.05,0.270,0.010
router-02,router,0.81,31.0,55528,2.36,6,0.66,0.31,0.151,0.019
nvr-03,nvr,0.93,24.3,47771,1.74,6,0.72,0.26,0.182,0.016
access-ctrl-06,access_controller,0.63,9.4,13170,0.63,4,0.87,0.11,0.233,0.010
thermostat-20,thermostat,0.64,7.6,5715,0.42,3,0.73,0.24,0.195,0.018
plug-11,smart_plug,0.34,3.3,1015,0.12,1,0.49,0.50,0.327,0.010
cam-003,camera,1.25,62.3,83689,2.07,13,0.71,0.29,0.090,0.029
sensor-18,sensor,0.66,4.6,2512,0.09,3,0.92,0.07,0.300,0.007
router-08,router,0.98,38.5,54199,2.05,9,0.60,0.38,0.149,0.024
nvr-06,nvr,1.15,21.4,42222,1.26,3,0.82,0.17,0.210,0.021
access-ctrl-01,access_controller,0.65,9.7,9670,0.56,4,0.87,0.11,0.218,0.011
thermostat-20,thermostat,0.83,4.9,4464,0.50,2,0.71,0.28,0.203,0.012
plug-22,smart_plug,0.35,4.0,1664,0.07,1,0.47,0.52,0.361,0.009
cam-007,camera,1.30,47.7,92435,2.34,8,0.70,0.29,0.096,0.036
sensor-27,sensor,0.58,5.4,943,0.09,1,0.77,0.23,0.289,0.005
router-05,router,0.85,44.3,59416,2.28,11,0.66,0.32,0.116,0.024
nvr-06,nvr,0.97,21.3,33341,1.56,3,0.69,0.28,0.191,0.016
access-ctrl-07,access_controller,0.79,8.8,12596,0.49,3,0.88,0.10,0.246,0.009
thermostat-13,thermostat,0.73,5.4,3561,0.51,4,0.65,0.34,0.197,0.013
plug-31,smart_plug,0.49,3.6,1105,0.17,1,0.55,0.42,0.367,0.013
cam-002,camera,1.43,63.9,77547,1.85,9,0.60,0.39,0.080,0.036
sensor-21,sensor,0.62,3.0,1321,0.22,2,0.87,0.11,0.314,0.007
router-17,router,1.07,33.8,55867,1.63,5,0.72,0.26,0.152,0.031
nvr-01,nvr,0.99,18.3,48959,1.67,6,0.71,0.26,0.175,0.021
access-ctrl-07,access_controller,0.71,11.6,9045,0.73,3,0.86,0.13,0.244,0.010
thermostat-20,thermostat,0.77,7.1,4155,0.46,2,0.75,0.23,0.232,0.012
plug-31,smart_plug,0.41,2.3,787,0.07,2,0.46,0.52,0.324,0.010
cam-001,camera,1.20,60.3,105761,2.73,12,0.64,0.35,0.109,0.031
sensor-24,sensor,0.67,3.6,1646,0.22,3,0.90,0.07,0.261,0.009
router-05,router,0.91,31.4,43992,2.38,11,0.62,0.37,0.118,0.019
nvr-03,nvr,0.89,26.6,33111,1.13,5,0.75,0.22,0.190,0.020
access-ctrl-03,access_controller,0.64,8.3,14449,0.70,2,0.76,0.24,0.260,0.010
thermostat-13,thermostat,0.64,5.4,5517,0.47,3,0.71,0.28,0.234,0.011
plug-31,smart_plug,0.39,3.4,1218,0.13,1,0.54,0.44,0.316,0.010
cam-005,camera,1.25,48.7,70701,2.43,14,0.67,0.30,0.087,0.028
sensor-27,sensor,0.42,3.3,2235,0.07,1,0.90,0.07,0.256,0.012
router-08,router,0.98,27.1,70965,2.27,9,0.71,0.27,0.135,0.027
nvr-06,nvr,1.15,19.3,42296,1.26,4,0.82,0.15,0.194,0.012
access-ctrl-04,access_controller,0.60,10.7,13109,0.66,2,0.84,0.16,0.242,0.013
thermostat-28,thermostat,0.80,8.2,4696,0.39,4,0.74,0.26,0.232,0.015
plug-19,smart_plug,0.36,2.8,828,0.10,2,0.50,0.48,0.356,0.013
cam-007,camera,1.44,57.2,105537,2.77,8,0.59,0.41,0.092,0.032
sensor-27,sensor,0.63,3.5,1067,0.21,1,0.79,0.20,0.264,0.011
router-20,router,0.92,44.3,62707,2.32,11,0.69,0.30,0.129,0.024
nvr-03,nvr,0.92,21.7,36031,1.17,6,0.82,0.16,0.213,0.012
access-ctrl-01,access_controller,0.73,7.4,15084,0.78,2,0.79,0.19,0.224,0.014
thermostat-04,thermostat,0.86,5.2,4676,0.38,3,0.71,0.26,0.219,0.017
plug-19,smart_plug,0.45,3.2,1058,0.14,1,0.47,0.52,0.362,0.011
cam-001,camera,1.30,51.9,73803,2.17,12,0.70,0.29,0.083,0.034
sensor-12,sensor,0.51,5.5,1769,0.25,3,0.82,0.17,0.306,0.008
router-14,router,0.83,27.2,55992,2.40,10,0.60,0.37,0.133,0.028
nvr-01,nvr,1.25,26.5,50864,1.64,5,0.72,0.27,0.164,0.012
access-ctrl-06,access_controller,0.55,10.8,13137,0.86,3,0.85,0.15,0.244,0.010
thermostat-16,thermostat,0.64,6.4,5073,0.47,4,0.73,0.26,0.210,0.014
plug-31,smart_plug,0.47,3.7,887,0.16,1,0.45,0.54,0.333,0.009
cam-007,camera,1.11,45.1,69038,2.78,13,0.63,0.36,0.092,0.029
sensor-30,sensor,0.43,5.5,2372,0.18,3,0.80,0.18,0.306,0.005
router-17,router,1.04,36.3,49569,1.89,6,0.69,0.31,0.128,0.022
nvr-05,nvr,1.14,29.8,51375,1.46,6,0.82,0.16,0.159,0.012
access-ctrl-02,access_controller,0.64,7.7,9381,0.53,4,0.78,0.19,0.216,0.014
thermostat-09,thermostat,0.81,7.3,4357,0.40,3,0.70,0.30,0.197,0.014
plug-19,smart_plug,0.43,3.1,798,0.06,1,0.47,0.52,0.308,0.013
cam-002,camera,1.22,54.6,85008,2.33,11,0.68,0.30,0.105,0.036
sensor-18,sensor,0.44,4.6,1788,0.21,3,0.86,0.13,0.286,0.004
router-20,router,0.81,41.4,72461,1.84,6,0.62,0.36,0.125,0.018
nvr-03,nvr,0.91,16.7,40589,1.23,3,0.68,0.30,0.163,0.021
access-ctrl-03,access_controller,0.64,7.3,9208,0.86,3,0.87,0.12,0.215,0.010
thermostat-20,thermostat,0.88,5.3,5295,0.47,2,0.70,0.30,0.222,0.015
plug-11,smart_plug,0.39,3.4,1177,0.14,2,0.52,0.48,0.309,0.011
cam-004,camera,1.46,61.1,101814,1.79,9,0.70,0.29,0.087,0.040
sensor-18,sensor,0.54,2.9,1353,0.12,3,0.85,0.14,0.302,0.007
router-02,router,1.07,31.6,47830,1.97,10,0.74,0.26,0.130,0.028
nvr-01,nvr,1.29,28.3,39649,1.37,5,0.77,0.22,0.172,0.016
access-ctrl-03,access_controller,0.54,8.5,11703,0.55,3,0.85,0.14,0.252,0.014
thermostat-13,thermostat,0.73,6.4,3919,0.29,2,0.73,0.27,0.234,0.014
plug-29,smart_plug,0.35,3.8,935,0.14,1,0.48,0.49,0.318,0.013
cam-004,camera,1.36,56.0,75143,1.99,13,0.62,0.37,0.109,0.042
sensor-27,sensor,0.57,4.7,1530,0.11,1,0.84,0.16,0.275,0.012
router-02,router,0.75,40.6,71685,2.05,10,0.62,0.35,0.151,0.021
nvr-03,nvr,0.96,24.1,52492,1.15,6,0.77,0.22,0.156,0.011
access-ctrl-02,access_controller,0.76,7.7,9719,0.62,4,0.75,0.23,0.243,0.009
thermostat-04,thermostat,0.83,7.3,4143,0.45,3,0.68,0.29,0.233,0.019
plug-14,smart_plug,0.47,2.4,1564,0.10,2,0.51,0.47,0.340,0.014
cam-004,camera,1.34,62.1,78002,1.85,9,0.61,0.39,0.116,0.038
sensor-24,sensor,0.60,3.3,2746,0.15,3,0.89,0.10,0.288,0.007
router-17,router,1.02,29.2,62519,1.66,8,0.64,0.35,0.145,0.021
nvr-05,nvr,1.24,23.3,45328,1.14,5,0.72,0.27,0.211,0.017
access-ctrl-03,access_controller,0.69,8.2,10452,0.75,4,0.85,0.13,0.238,0.008
thermostat-28,thermostat,0.79,6.2,3809,0.31,3,0.70,0.28,0.226,0.019
plug-11,smart_plug,0.37,2.5,1745,0.16,1,0.48,0.49,0.351,0.013
cam-007,camera,1.40,52.7,102269,1.83,9,0.62,0.36,0.108,0.038
sensor-24,sensor,0.41,3.1,2082,0.16,1,0.86,0.13,0.328,0.011
router-02,router,0.91,38.9,62339,1.90,10,0.62,0.36,0.152,0.019
nvr-06,nvr,1.16,19.5,57422,1.58,3,0.70,0.29,0.166,0.012
access-ctrl-02,access_controller,0.61,11.1,9757,0.88,2,0.84,0.16,0.246,0.009
thermostat-28,thermostat,0.76,5.2,4845,0.44,3,0.71,0.28,0.195,0.012
plug-25,smart_plug,0.45,2.5,1288,0.17,2,0.55,0.43,0.349,0.008
cam-001,camera,1.48,46.6,80580,2.73,7,0.69,0.28,0.108,0.041
sensor-24,sensor,0.60,3.5,1638,0.17,1,0.90,0.08,0.275,0.007
router-14,router,1.05,37.9,57482,2.17,10,0.67,0.31,0.146,0.023
nvr-02,nvr,1.06,24.7,47280,1.74,5,0.82,0.16,0.160,0.016
access-ctrl-04,access_controller,0.60,10.1,8808,0.58,2,0.85,0.14,0.214,0.009
thermostat-13,thermostat,0.88,6.9,4319,0.39,3,0.77,0.21,0.197,0.013
plug-22,smart_plug,0.40,3.7,1067,0.15,1,0.52,0.46,0.361,0.011
cam-007,camera,1.06,47.2,71608,2.33,9,0.61,0.39,0.114,0.035
sensor-18,sensor,0.64,5.7,1796,0.22,3,0.85,0.12,0.317,0.005
router-08,router,0.96,43.1,71334,1.94,6,0.62,0.35,0.126,0.026
nvr-01,nvr,1.20,21.5,41704,1.18,5,0.80,0.18,0.192,0.017
access-ctrl-05,access_controller,0.78,10.9,12675,0.52,4,0.85,0.13,0.213,0.011
thermostat-13,thermostat,0.70,7.3,5775,0.34,2,0.74,0.26,0.236,0.017
plug-25,smart_plug,0.43,3.0,790,0.10,2,0.55,0.42,0.337,0.008
cam-006,camera,1.46,45.0,84607,2.28,7,0.58,0.41,0.115,0.028
sensor-18,sensor,0.53,2.8,1371,0.12,1,0.92,0.08,0.293,0.005
router-17,router,0.90,28.0,48798,2.14,8,0.67,0.32,0.126,0.027
nvr-03,nvr,1.21,26.2,46623,1.21,6,0.75,0.22,0.178,0.017
access-ctrl-06,access_controller,0.64,7.8,9735,0.60,4,0.81,0.18,0.215,0.009
thermostat-20,thermostat,0.69,5.5,5890,0.39,3,0.70,0.29,0.236,0.017
plug-31,smart_plug,0.40,2.7,724,0.10,1,0.56,0.43,0.326,0.014
cam-004,camera,1.15,63.2,102575,2.49,9,0.68,0.32,0.091,0.032
sensor-21,sensor,0.47,4.5,2870,0.12,1,0.85,0.14,0.254,0.012
router-02,router,0.79,29.8,62223,2.01,10,0.73,0.26,0.116,0.019
nvr-07,nvr,1.10,23.1,45336,1.67,6,0.71,0.27,0.194,0.019
access-ctrl-07,access_controller,0.57,11.0,14748,0.47,2,0.84,0.16,0.219,0.009
thermostat-16,thermostat,0.87,6.7,5733,0.40,2,0.75,0.23,0.198,0.012
plug-19,smart_plug,0.39,4.0,1460,0.16,2,0.45,0.53,0.347,0.008
cam-002,camera,1.47,57.7,88444,2.85,12,0.62,0.37,0.090,0.039
sensor-12,sensor,0.54,4.0,2781,0.10,1,0.88,0.10,0.327,0.007
router-17,router,0.96,29.3,48528,1.76,11,0.72,0.25,0.127,0.029
nvr-02,nvr,1.25,22.7,39366,1.58,5,0.78,0.22,0.202,0.019
access-ctrl-02,access_controller,0.71,10.5,12325,0.62,3,0.78,0.22,0.215,0.011
thermostat-20,thermostat,0.65,7.6,4569,0.46,2,0.66,0.33,0.230,0.019
plug-31,smart_plug,0.41,2.5,1752,0.09,2,0.55,0.42,0.314,0.010
cam-005,camera,1.07,62.3,76200,2.31,8,0.60,0.40,0.091,0.041
sensor-30,sensor,0.49,2.7,1636,0.13,1,0.87,0.13,0.265,0.004
router-17,router,0.80,42.9,42998,2.11,10,0.72,0.27,0.141,0.029
nvr-01,nvr,0.90,25.5,46352,1.74,4,0.82,0.18,0.200,0.020
access-ctrl-06,access_controller,0.56,8.7,11762,0.76,4,0.75,0.22,0.253,0.008
thermostat-24,thermostat,0.63,7.1,4128,0.50,4,0.71,0.29,0.220,0.014
plug-22,smart_plug,0.50,2.8,823,0.12,2,0.45,0.53,0.358,0.009
cam-002,camera,1.09,47.4,92489,2.26,12,0.69,0.29,0.113,0.043
sensor-24,sensor,0.47,4.0,2126,0.17,2,0.85,0.13,0.287,0.011
router-02,router,1.03,33.2,53097,2.36,10,0.69,0.29,0.126,0.024
nvr-06,nvr,1.12,28.7,42302,1.50,6,0.67,0.33,0.197,0.014
access-ctrl-05,access_controller,0.76,10.0,12086,0.59,4,0.84,0.15,0.265,0.013
thermostat-16,thermostat,0.81,6.6,5893,0.43,4,0.73,0.26,0.205,0.014
plug-11,smart_plug,0.38,2.2,1511,0.16,1,0.49,0.49,0.363,0.013
cam-001,camera,1.36,51.1,99708,2.86,10,0.67,0.31,0.101,0.029
sensor-24,sensor,0.66,4.1,2266,0.17,1,0.84,0.16,0.282,0.010
router-11,router,1.08,28.9,60934,1.80,10,0.72,0.26,0.158,0.016
nvr-02,nvr,1.15,24.2,40671,1.29,4,0.78,0.20,0.194,0.020
access-ctrl-07,access_controller,0.74,9.7,10862,0.51,3,0.78,0.19,0.230,0.013
thermostat-24,thermostat,0.64,8.0,5364,0.34,2,0.66,0.31,0.237,0.017
plug-31,smart_plug,0.47,3.9,1646,0.12,2,0.50,0.48,0.309,0.014
cam-003,camera,1.47,49.2,71929,2.73,7,0.62,0.37,0.110,0.033
sensor-18,sensor,0.48,5.4,2047,0.27,1,0.82,0.15,0.303,0.006
router-08,router,0.88,41.1,60470,2.26,6,0.65,0.32,0.116,0.022
nvr-04,nvr,0.92,22.5,34188,1.73,3,0.80,0.18,0.209,0.017
access-ctrl-02,access_controller,0.56,11.9,15086,0.73,2,0.82,0.17,0.254,0.008
thermostat-24,thermostat,0.76,6.1,3563,0.36,3,0.77,0.22,0.214,0.012
plug-11,smart_plug,0.46,3.2,706,0.16,2,0.45,0.53,0.340,0.009
cam-003,camera,1.28,55.2,75865,1.81,8,0.57,0.43,0.102,0.030
sensor-27,sensor,0.54,5.1,2797,0.22,2,0.88,0.11,0.241,0.011
router-17,router,0.89,36.0,55045,2.12,9,0.73,0.25,0.130,0.027
nvr-01,nvr,1.08,28.4,50803,1.64,6,0.73,0.25,0.198,0.020
access-ctrl-04,access_controller,0.75,7.7,13090,0.87,3,0.84,0.13,0.259,0.009
thermostat-04,thermostat,0.64,8.0,4994,0.44,2,0.65,0.35,0.206,0.011
plug-29,smart_plug,0.34,2.2,1318,0.11,1,0.50,0.48,0.334,0.014
cam-006,camera,1.29,58.0,74225,2.32,8,0.65,0.34,0.084,0.026
sensor-18,sensor,0.53,2.7,1489,0.27,3,0.86,0.12,0.310,0.007
router-02,router,0.78,30.2,59375,1.80,5,0.67,0.30,0.123,0.016
nvr-01,nvr,1.08,21.9,40773,1.55,5,0.76,0.22,0.191,0.018
access-ctrl-04,access_controller,0.66,10.7,14090,0.72,2,0.86,0.12,0.255,0.008
thermostat-04,thermostat,0.77,5.7,4113,0.41,3,0.68,0.31,0.206,0.013
plug-19,smart_plug,0.49,4.1,1323,0.15,2,0.50,0.48,0.309,0.012
cam-004,camera,1.39,60.6,97220,2.82,10,0.62,0.37,0.099,0.032
sensor-24,sensor,0.51,4.7,1187,0.11,1,0.91,0.08,0.283,0.012
router-17,router,0.99,30.0,40929,2.10,7,0.59,0.39,0.117,0.030
nvr-06,nvr,1.11,20.9,57385,1.77,4,0.67,0.32,0.176,0.018
access-ctrl-01,access_controller,0.68,10.0,10558,0.64,3,0.75,0.23,0.253,0.010
thermostat-13,thermostat,0.71,5.4,5086,0.45,2,0.76,0.22,0.232,0.014
plug-31,smart_plug,0.36,3.6,1722,0.14,2,0.45,0.54,0.349,0.010
cam-007,camera,1.40,47.3,104480,2.84,10,0.63,0.36,0.092,0.028
sensor-12,sensor,0.62,4.3,2734,0.16,3,0.82,0.18,0.293,0.011
router-20,router,0.98,33.8,46173,1.59,7,0.62,0.37,0.145,0.017
nvr-06,nvr,1.25,22.3,37076,1.56,3,0.73,0.24,0.154,0.019
access-ctrl-02,access_controller,0.59,8.2,9269,0.54,3,0.80,0.19,0.234,0.007
thermostat-04,thermostat,0.86,5.1,5619,0.28,2,0.68,0.31,0.235,0.018
plug-29,smart_plug,0.45,3.9,1184,0.16,2,0.53,0.45,0.316,0.011
cam-005,camera,1.45,46.4,75008,2.93,10,0.68,0.31,0.085,0.032
sensor-07,sensor,0.64,3.1,2107,0.11,3,0.79,0.21,0.277,0.008
router-08,router,1.05,26.1,47902,2.24,6,0.60,0.40,0.121,0.023
nvr-06,nvr,1.17,17.9,54648,1.43,5,0.68,0.31,0.158,0.014
access-ctrl-05,access_controller,0.76,9.1,9170,0.61,3,0.88,0.10,0.238,0.010
thermostat-09,thermostat,0.71,8.2,4774,0.43,3,0.75,0.23,0.218,0.013
plug-31,smart_plug,0.45,2.1,1109,0.13,2,0.45,0.52,0.337,0.013
cam-007,camera,1.38,59.9,85455,2.17,10,0.66,0.32,0.085,0.024
sensor-21,sensor,0.63,5.1,2169,0.27,3,0.92,0.07,0.264,0.010
router-05,router,0.98,36.7,56243,2.04,10,0.73,0.26,0.119,0.019
nvr-03,nvr,1.06,19.1,35924,1.10,4,0.80,0.20,0.204,0.011
access-ctrl-02,access_controller,0.66,11.7,9598,0.80,3,0.80,0.19,0.248,0.012
thermostat-09,thermostat,0.81,7.0,4635,0.40,3,0.76,0.22,0.234,0.016
plug-11,smart_plug,0.40,2.8,1090,0.15,1,0.46,0.53,0.324,0.015
cam-006,camera,1.32,62.6,74976,2.03,10,0.59,0.38,0.077,0.026
sensor-30,sensor,0.44,4.5,2399,0.17,2,0.90,0.08,0.264,0.006
router-17,router,0.95,38.7,58139,2.28,10,0.62,0.35,0.123,0.022
nvr-01,nvr,1.14,26.5,40878,1.70,6,0.74,0.26,0.192,0.012
access-ctrl-01,access_controller,0.71,9.3,14456,0.72,4,0.78,0.21,0.210,0.014
thermostat-24,thermostat,0.87,6.0,3849,0.46,4,0.74,0.23,0.223,0.012
plug-29,smart_plug,0.47,3.3,1042,0.12,2,0.48,0.50,0.359,0.015
cam-001,camera,1.22,62.1,107194,2.59,13,0.59,0.40,0.096,0.024
sensor-21,sensor,0.55,5.0,1683,0.27,3,0.85,0.15,0.270,0.005
router-17,router,0.98,33.9,64027,1.64,7,0.70,0.29,0.143,0.027
nvr-06,nvr,1.12,17.7,39204,1.41,6,0.81,0.17,0.192,0.021
access-ctrl-07,access_controller,0.79,9.3,12157,0.58,4,0.78,0.20,0.223,0.009
thermostat-16,thermostat,0.78,5.4,4714,0.34,4,0.67,0.32,0.231,0.019
plug-14,smart_plug,0.47,2.9,1247,0.09,1,0.53,0.47,0.315,0.008
cam-007,camera,1.23,62.3,68006,2.38,10,0.57,0.42,0.114,0.033
sensor-24,sensor,0.64,4.1,1835,0.12,1,0.90,0.08,0.298,0.005
router-02,router,0.75,44.4,50201,2.05,5,0.64,0.34,0.134,0.030
nvr-02,nvr,1.08,23.4,52688,1.60,5,0.77,0.20,0.203,0.013
access-ctrl-04,access_controller,0.68,10.0,9846,0.58,2,0.79,0.20,0.215,0.008
thermostat-28,thermostat,0.74,5.7,4197,0.46,3,0.76,0.22,0.233,0.016
plug-11,smart_plug,0.42,2.8,1737,0.11,1,0.47,0.51,0.364,0.009
cam-006,camera,1.12,62.9,94764,2.94,8,0.60,0.39,0.087,0.036
sensor-27,sensor,0.42,5.6,1802,0.09,2,0.78,0.21,0.274,0.011
router-20,router,0.98,30.0,46685,1.59,8,0.66,0.33,0.130,0.023
nvr-06,nvr,1.26,27.5,58178,1.26,4,0.71,0.26,0.200,0.013
access-ctrl-04,access_controller,0.73,9.6,13628,0.63,4,0.81,0.17,0.230,0.012
thermostat-04,thermostat,0.77,8.1,5024,0.45,2,0.67,0.32,0.238,0.015
plug-22,smart_plug,0.34,4.0,1779,0.07,1,0.56,0.43,0.339,0.013
cam-007,camera,1.13,43.4,98180,2.90,8,0.67,0.33,0.106,0.034
sensor-30,sensor,0.61,4.9,1108,0.08,3,0.92,0.05,0.303,0.005
router-17,router,0.87,35.3,44123,1.81,8,0.59,0.39,0.116,0.023
nvr-01,nvr,0.95,21.9,37897,1.51,4,0.74,0.24,0.167,0.014
access-ctrl-03,access_controller,0.58,10.3,14276,0.87,3,0.76,0.22,0.234,0.013
thermostat-13,thermostat,0.81,7.7,3646,0.46,2,0.70,0.27,0.205,0.013
plug-29,smart_plug,0.50,2.7,831,0.10,1,0.52,0.46,0.330,0.008
cam-004,camera,1.10,58.8,94528,2.89,7,0.58,0.41,0.081,0.029
sensor-24,sensor,0.60,5.8,1873,0.11,1,0.80,0.19,0.240,0.011
router-08,router,0.88,30.3,54768,2.04,10,0.66,0.33,0.126,0.017
nvr-01,nvr,0.94,18.2,44862,1.34,6,0.71,0.28,0.184,0.020
access-ctrl-07,access_controller,0.74,9.5,11016,0.74,2,0.79,0.19,0.218,0.007
thermostat-24,thermostat,0.74,5.2,4459,0.39,2,0.72,0.25,0.219,0.015
plug-29,smart_plug,0.39,3.6,1501,0.06,1,0.49,0.51,0.338,0.011
cam-001,camera,1.25,51.7,95659,2.03,7,0.69,0.29,0.091,0.025
sensor-18,sensor,0.46,4.5,1968,0.17,2,0.88,0.10,0.327,0.005
router-08,router,0.72,36.6,62269,2.38,10,0.71,0.28,0.155,0.024
nvr-06,nvr,1.14,25.6,49095,1.26,6,0.70,0.29,0.190,0.017
access-ctrl-07,access_controller,0.60,9.9,12992,0.53,4,0.79,0.18,0.249,0.013
thermostat-24,thermostat,0.71,5.2,4636,0.32,2,0.74,0.26,0.230,0.013
plug-29,smart_plug,0.38,2.1,800,0.07,2,0.52,0.47,0.317,0.010
cam-005,camera,1.20,61.7,93197,2.87,8,0.58,0.39,0.082,0.030
sensor-18,sensor,0.65,5.2,2520,0.25,3,0.79,0.18,0.255,0.007
router-02,router,0.80,29.2,64059,2.17,11,0.64,0.35,0.158,0.018
nvr-01,nvr,1.16,16.4,58268,1.48,4,0.75,0.23,0.208,0.014
access-ctrl-06,access_controller,0.56,10.4,13868,0.84,2,0.76,0.22,0.255,0.010
thermostat-04,thermostat,0.82,7.5,4339,0.37,4,0.72,0.27,0.217,0.020
plug-14,smart_plug,0.41,3.2,1474,0.06,2,0.47,0.51,0.325,0.013
cam-005,camera,1.47,46.9,102773,2.74,7,0.69,0.29,0.113,0.036
sensor-27,sensor,0.40,4.5,2491,0.11,3,0.85,0.13,0.270,0.005
router-02,router,1.02,26.9,68903,1.91,5,0.65,0.34,0.148,0.016
nvr-05,nvr,1.09,22.1,58516,1.72,3,0.82,0.18,0.215,0.019
access-ctrl-07,access_controller,0.61,8.2,10286,0.75,4,0.87,0.11,0.243,0.010
thermostat-04,thermostat,0.79,5.5,4938,0.37,4,0.71,0.26,0.220,0.012
plug-29,smart_plug,0.45,3.0,1242,0.11,1,0.55,0.44,0.346,0.011
cam-005,camera,1.35,56.0,83767,1.94,10,0.70,0.29,0.108,0.039
sensor-21,sensor,0.56,5.6,1714,0.07,2,0.87,0.13,0.261,0.010
router-20,router,0.86,28.7,53690,2.30,11,0.64,0.36,0.138,0.021
nvr-05,nvr,1.14,21.2,43758,1.57,4,0.69,0.28,0.181,0.017
access-ctrl-03,access_controller,0.59,9.5,14315,0.81,2,0.80,0.19,0.219,0.007
thermostat-28,thermostat,0.69,6.5,4980,0.46,4,0.76,0.23,0.219,0.012
plug-11,smart_plug,0.44,3.3,965,0.15,1,0.51,0.47,0.310,0.014
cam-005,camera,1.34,58.9,79576,2.20,11,0.64,0.36,0.108,0.030
sensor-18,sensor,0.63,2.6,2812,0.09,3,0.85,0.13,0.281,0.007
router-20,router,0.99,28.7,69227,1.86,8,0.59,0.39,0.140,0.023
nvr-04,nvr,0.98,16.9,37321,1.53,5,0.76,0.24,0.167,0.018
access-ctrl-04,access_controller,0.66,10.1,10842,0.54,3,0.75,0.24,0.263,0.011
thermostat-04,thermostat,0.69,5.0,4127,0.29,2,0.74,0.24,0.212,0.014
plug-31,smart_plug,0.34,2.7,999,0.13,2,0.55,0.43,0.354,0.008
cam-003,camera,1.32,50.3,96821,2.24,9,0.70,0.27,0.099,0.030
sensor-30,sensor,0.42,3.6,1723,0.21,3,0.89,0.08,0.303,0.010
router-11,router,0.99,31.2,50051,1.95,10,0.63,0.37,0.136,0.018
nvr-03,nvr,1.21,26.8,54342,1.10,6,0.68,0.32,0.216,0.014
access-ctrl-07,access_controller,0.73,7.4,12656,0.78,4,0.88,0.11,0.243,0.010
thermostat-13,thermostat,0.72,7.9,5036,0.35,4,0.75,0.22,0.239,0.018
plug-31,smart_plug,0.48,2.1,1650,0.09,2,0.51,0.47,0.362,0.010
cam-003,camera,1.15,61.1,71562,2.60,8,0.67,0.30,0.106,0.040
sensor-18,sensor,0.62,3.5,1128,0.10,1,0.91,0.09,0.249,0.009
router-05,router,1.02,37.0,68358,2.31,10,0.67,0.33,0.160,0.017
nvr-03,nvr,1.06,19.5,56006,1.40,3,0.70,0.28,0.162,0.018
access-ctrl-02,access_controller,0.78,9.9,13526,0.50,2,0.88,0.10,0.211,0.014
thermostat-28,thermostat,0.66,6.9,5503,0.39,3,0.76,0.21,0.210,0.012
plug-14,smart_plug,0.40,2.9,1139,0.11,2,0.49,0.49,0.354,0.014
cam-002,camera,1.32,45.7,86578,2.94,8,0.68,0.30,0.090,0.027
sensor-18,sensor,0.54,5.2,1682,0.09,1,0.85,0.13,0.239,0.012
router-20,router,0.80,37.1,63807,1.59,6,0.68,0.32,0.160,0.025
nvr-03,nvr,1.23,18.1,55436,1.13,4,0.70,0.28,0.192,0.011
access-ctrl-06,access_controller,0.64,9.0,13133,0.83,3,0.77,0.22,0.234,0.007
thermostat-20,thermostat,0.70,7.4,5561,0.40,2,0.73,0.27,0.231,0.019
plug-31,smart_plug,0.48,2.6,1673,0.16,1,0.50,0.47,0.323,0.010
cam-001,camera,1.46,57.9,91958,2.10,8,0.66,0.33,0.108,0.032
sensor-27,sensor,0.46,5.5,1176,0.18,3,0.78,0.20,0.290,0.009
router-14,router,0.85,27.6,60862,2.29,5,0.68,0.29,0.159,0.019
nvr-04,nvr,0.91,28.6,56794,1.11,6,0.73,0.26,0.179,0.015
access-ctrl-07,access_controller,0.75,8.5,11060,0.61,2,0.80,0.19,0.264,0.008
thermostat-16,thermostat,0.80,6.1,4827,0.41,2,0.66,0.34,0.217,0.014
plug-25,smart_plug,0.50,2.1,1508,0.12,1,0.48,0.52,0.343,0.013
cam-007,camera,1.08,42.5,98070,2.56,9,0.69,0.30,0.076,0.039
sensor-30,sensor,0.66,4.3,2302,0.07,3,0.89,0.11,0.291,0.012
router-11,router,0.95,32.0,39645,2.27,9,0.74,0.24,0.155,0.026
nvr-05,nvr,1.01,19.4,35530,1.15,4,0.71,0.28,0.161,0.010
access-ctrl-05,access_controller,0.68,7.9,14473,0.61,2,0.76,0.24,0.264,0.011
thermostat-13,thermostat,0.77,7.8,5479,0.49,3,0.72,0.26,0.231,0.012
plug-22,smart_plug,0.46,2.8,1669,0.11,2,0.48,0.51,0.338,0.010
cam-005,camera,1.32,44.4,104685,1.78,14,0.64,0.35,0.092,0.026
sensor-24,sensor,0.42,3.4,1001,0.14,2,0.89,0.09,0.292,0.009
router-08,router,0.91,43.8,57096,2.34,8,0.63,0.37,0.147,0.018
nvr-02,nvr,1.22,21.1,43861,1.75,5,0.70,0.27,0.182,0.016
access-ctrl-02,access_controller,0.58,11.6,9225,0.49,3,0.84,0.14,0.216,0.010
thermostat-28,thermostat,0.84,5.9,5471,0.35,2,0.66,0.33,0.226,0.011
plug-14,smart_plug,0.46,2.8,1106,0.05,1,0.52,0.47,0.346,0.014
cam-002,camera,1.31,43.2,76634,2.38,10,0.67,0.32,0.089,0.025
sensor-24,sensor,0.52,5.8,1855,0.19,2,0.82,0.18,0.288,0.011
router-11,router,1.08,32.4,54814,1.98,9,0.62,0.35,0.145,0.022
nvr-07,nvr,1.07,21.1,57529,1.71,4,0.80,0.18,0.175,0.015
access-ctrl-07,access_controller,0.76,7.7,9005,0.77,3,0.78,0.19,0.226,0.013
thermostat-20,thermostat,0.73,7.5,4457,0.33,4,0.73,0.25,0.207,0.017
plug-29,smart_plug,0.47,2.3,950,0.09,2,0.48,0.50,0.346,0.010
cam-001,camera,1.11,61.6,98592,2.67,11,0.67,0.31,0.113,0.032
sensor-07,sensor,0.52,4.8,1518,0.11,3,0.81,0.17,0.301,0.005
router-20,router,0.95,44.4,55391,1.90,5,0.62,0.36,0.159,0.019
nvr-06,nvr,1.25,21.2,40862,1.63,5,0.80,0.19,0.163,0.011
access-ctrl-06,access_controller,0.77,7.9,11182,0.49,2,0.77,0.22,0.220,0.010
thermostat-04,thermostat,0.71,6.5,4430,0.43,4,0.70,0.27,0.201,0.019
plug-14,smart_plug,0.40,3.0,1368,0.06,1,0.50,0.48,0.326,0.009
cam-001,camera,1.39,58.0,73368,2.70,10,0.68,0.32,0.112,0.036
sensor-24,sensor,0.43,4.3,1904,0.21,3,0.79,0.20,0.265,0.004
router-11,router,0.80,36.7,44840,2.21,9,0.75,0.24,0.157,0.023
nvr-03,nvr,0.88,18.9,54279,1.61,5,0.69,0.31,0.209,0.020
access-ctrl-03,access_controller,0.56,7.6,12446,0.84,2,0.77,0.22,0.213,0.009
thermostat-04,thermostat,0.76,8.1,5549,0.36,2,0.70,0.29,0.229,0.016
plug-14,smart_plug,0.36,2.4,1447,0.15,2,0.48,0.52,0.318,0.014
cam-003,camera,1.35,45.7,97599,2.53,8,0.65,0.34,0.099,0.040
sensor-07,sensor,0.58,5.7,2676,0.19,3,0.81,0.18,0.305,0.008
router-05,router,0.90,43.3,39185,1.81,6,0.72,0.26,0.121,0.023
nvr-03,nvr,1.23,29.6,57712,1.17,5,0.73,0.24,0.160,0.018
access-ctrl-07,access_controller,0.68,11.0,11290,0.49,2,0.81,0.17,0.227,0.007
thermostat-28,thermostat,0.73,5.8,4426,0.28,4,0.75,0.23,0.240,0.016
plug-31,smart_plug,0.33,3.4,1513,0.07,1,0.54,0.46,0.356,0.009
cam-003,camera,1.47,62.4,105809,2.70,10,0.67,0.30,0.103,0.024
sensor-24,sensor,0.66,5.2,2778,0.27,3,0.93,0.06,0.278,0.008
router-08,router,0.75,39.8,65724,2.32,10,0.60,0.39,0.133,0.028
nvr-05,nvr,1.08,19.5,38119,1.31,6,0.74,0.25,0.170,0.010
access-ctrl-07,access_controller,0.70,9.3,12759,0.84,2,0.84,0.15,0.241,0.012
thermostat-24,thermostat,0.80,5.9,5337,0.48,4,0.75,0.25,0.230,0.019
plug-11,smart_plug,0.37,2.6,1755,0.13,2,0.49,0.49,0.308,0.012
cam-007,camera,1.43,48.9,90256,2.86,13,0.65,0.35,0.098,0.032
sensor-18,sensor,0.47,3.5,1745,0.21,2,0.87,0.10,0.322,0.006
router-20,router,0.88,28.1,58590,1.99,11,0.70,0.30,0.126,0.031
nvr-03,nvr,0.90,17.3,42001,1.51,3,0.74,0.24,0.205,0.012
access-ctrl-07,access_controller,0.64,11.8,11252,0.59,3,0.83,0.17,0.250,0.010
thermostat-20,thermostat,0.86,6.7,3994,0.51,4,0.66,0.32,0.213,0.013
plug-11,smart_plug,0.34,2.9,817,0.14,1,0.46,0.52,0.311,0.013
cam-006,camera,1.47,51.3,101724,2.79,10,0.58,0.40,0.092,0.037
sensor-30,sensor,0.63,3.1,2483,0.28,2,0.84,0.14,0.283,0.009
router-17,router,0.95,44.5,54838,1.90,8,0.66,0.32,0.118,0.017
nvr-02,nvr,1.04,24.1,50175,1.28,6,0.72,0.25,0.163,0.017
access-ctrl-01,access_controller,0.54,7.4,13790,0.62,3,0.82,0.17,0.230,0.014
thermostat-28,thermostat,0.71,6.0,3655,0.33,2,0.67,0.30,0.197,0.012
plug-25,smart_plug,0.46,3.0,924,0.15,2,0.54,0.45,0.346,0.011
cam-004,camera,1.08,61.6,72139,2.17,11,0.68,0.29,0.097,0.041
sensor-07,sensor,0.52,4.9,2751,0.24,3,0.89,0.10,0.299,0.005
router-20,router,0.85,29.9,50307,2.41,5,0.68,0.31,0.160,0.029
nvr-05,nvr,0.94,23.7,37357,1.29,6,0.72,0.28,0.185,0.020
access-ctrl-04,access_controller,0.62,8.4,10582,0.60,4,0.83,0.15,0.248,0.012
thermostat-04,thermostat,0.76,8.4,4760,0.39,4,0.74,0.26,0.225,0.017
plug-31,smart_plug,0.47,4.1,1525,0.10,1,0.50,0.50,0.325,0.010
cam-002,camera,1.09,62.8,70192,2.23,12,0.72,0.26,0.076,0.034
sensor-21,sensor,0.62,5.6,2134,0.20,1,0.79,0.19,0.325,0.007
router-20,router,1.07,25.3,63338,2.37,6,0.65,0.33,0.119,0.023
nvr-06,nvr,0.98,28.1,32895,1.55,3,0.76,0.22,0.157,0.011
access-ctrl-06,access_controller,0.78,10.4,9731,0.73,3,0.75,0.24,0.249,0.009
thermostat-16,thermostat,0.64,6.1,5507,0.29,4,0.73,0.25,0.224,0.020
plug-11,smart_plug,0.36,3.6,1086,0.13,1,0.46,0.53,0.364,0.013
cam-005,camera,1.25,48.3,68858,2.08,14,0.62,0.37,0.090,0.026
sensor-18,sensor,0.41,5.3,1994,0.26,1,0.87,0.10,0.254,0.006
router-08,router,0.74,37.6,53358,2.32,11,0.74,0.26,0.138,0.027
nvr-02,nvr,0.98,26.7,33702,1.72,4,0.70,0.30,0.163,0.019
access-ctrl-05,access_controller,0.69,7.9,12646,0.74,4,0.88,0.10,0.212,0.009
thermostat-13,thermostat,0.83,5.9,5063,0.46,2,0.75,0.23,0.203,0.019
plug-25,smart_plug,0.42,2.2,1591,0.14,2,0.53,0.45,0.340,0.009
cam-007,camera,1.20,54.2,88086,2.70,8,0.67,0.33,0.105,0.030
sensor-27,sensor,0.51,5.8,2112,0.27,3,0.81,0.16,0.244,0.005
router-02,router,0.86,42.2,62908,1.92,8,0.65,0.32,0.147,0.023
nvr-02,nvr,1.25,25.7,49142,1.26,3,0.72,0.26,0.153,0.017
access-ctrl-07,access_controller,0.76,9.9,13484,0.51,2,0.81,0.19,0.247,0.012
thermostat-20,thermostat,0.84,7.9,3779,0.45,2,0.71,0.28,0.211,0.013
plug-25,smart_plug,0.38,2.1,1752,0.12,2,0.48,0.49,0.323,0.014
cam-005,camera,1.20,62.3,88155,1.97,13,0.58,0.40,0.080,0.026
sensor-24,sensor,0.64,5.4,2478,0.11,3,0.89,0.10,0.285,0.005
router-05,router,0.94,41.8,48042,1.91,11,0.71,0.28,0.156,0.015
nvr-03,nvr,1.26,28.7,51193,1.78,6,0.79,0.19,0.194,0.018
access-ctrl-05,access_controller,0.79,10.3,8998,0.51,3,0.83,0.15,0.263,0.012
thermostat-24,thermostat,0.62,7.1,5320,0.34,2,0.66,0.31,0.235,0.017
plug-22,smart_plug,0.41,3.2,1634,0.14,2,0.53,0.44,0.306,0.012
cam-003,camera,1.16,59.3,69738,2.23,13,0.58,0.40,0.075,0.028
sensor-18,sensor,0.63,5.8,2914,0.08,1,0.88,0.10,0.249,0.009
router-02,router,0.90,27.9,49245,2.00,7,0.67,0.31,0.153,0.024
nvr-06,nvr,1.27,26.8,38475,1.69,3,0.74,0.25,0.171,0.017
access-ctrl-01,access_controller,0.69,8.0,12060,0.49,2,0.83,0.17,0.227,0.008
thermostat-04,thermostat,0.85,6.1,3971,0.32,3,0.70,0.27,0.232,0.016
plug-19,smart_plug,0.35,2.6,1140,0.12,1,0.56,0.42,0.346,0.013
cam-006,camera,1.27,56.5,93229,2.69,10,0.66,0.33,0.083,0.025
sensor-27,sensor,0.41,4.8,2692,0.28,2,0.93,0.06,0.310,0.011
router-05,router,1.07,26.8,64194,1.69,5,0.75,0.25,0.148,0.020
nvr-04,nvr,1.23,19.3,39189,1.26,3,0.81,0.18,0.163,0.014
access-ctrl-03,access_controller,0.70,12.1,13933,0.50,4,0.81,0.19,0.215,0.011
thermostat-13,thermostat,0.78,5.8,3769,0.28,3,0.69,0.29,0.225,0.016
plug-22,smart_plug,0.42,3.5,1053,0.09,2,0.50,0.48,0.331,0.009
cam-005,camera,1.24,46.2,100593,2.36,13,0.58,0.40,0.105,0.029
sensor-12,sensor,0.45,4.1,1488,0.10,1,0.77,0.23,0.294,0.010
router-14,router,1.03,26.3,69942,2.05,6,0.71,0.27,0.138,0.018
nvr-04,nvr,1.23,18.9,56789,1.40,6,0.79,0.20,0.157,0.015
access-ctrl-05,access_controller,0.77,7.5,14733,0.79,4,0.75,0.23,0.229,0.013
thermostat-24,thermostat,0.80,7.0,3507,0.30,4,0.66,0.31,0.239,0.017
plug-29,smart_plug,0.41,3.0,1118,0.14,2,0.49,0.50,0.323,0.014
cam-006,camera,1.20,48.9,106457,2.65,8,0.61,0.37,0.096,0.023
sensor-24,sensor,0.62,2.8,1413,0.09,2,0.85,0.14,0.314,0.004
router-05,router,0.78,36.1,56695,1.77,10,0.65,0.32,0.131,0.022
nvr-03,nvr,0.93,26.3,50832,1.69,3,0.71,0.26,0.197,0.019
access-ctrl-03,access_controller,0.55,8.5,9744,0.49,3,0.80,0.18,0.253,0.008
thermostat-09,thermostat,0.83,6.2,5591,0.28,2,0.71,0.27,0.200,0.015
plug-14,smart_plug,0.49,2.4,1376,0.16,2,0.55,0.43,0.324,0.012
cam-005,camera,1.36,47.8,88427,2.08,11,0.64,0.35,0.103,0.023
sensor-07,sensor,0.58,4.0,2509,0.22,3,0.88,0.10,0.274,0.007
router-20,router,0.82,44.9,72905,1.68,8,0.68,0.32,0.157,0.030
nvr-02,nvr,1.13,30.0,58971,1.71,6,0.75,0.22,0.192,0.017
access-ctrl-01,access_controller,0.68,11.2,12901,0.87,2,0.85,0.14,0.257,0.013
thermostat-24,thermostat,0.75,5.5,3805,0.35,4,0.73,0.26,0.206,0.014
plug-29,smart_plug,0.46,2.8,722,0.16,1,0.51,0.48,0.356,0.010
cam-004,camera,1.40,42.4,74547,2.79,9,0.58,0.41,0.081,0.031
sensor-30,sensor,0.42,3.0,2015,0.08,1,0.81,0.17,0.294,0.006
router-11,router,0.77,38.8,53845,2.04,10,0.63,0.35,0.126,0.030
nvr-05,nvr,0.90,21.2,42057,1.27,4,0.82,0.16,0.193,0.017
access-ctrl-05,access_controller,0.63,9.4,14507,0.69,4,0.78,0.21,0.232,0.012
thermostat-16,thermostat,0.84,7.6,5680,0.49,3,0.65,0.32,0.231,0.015
plug-11,smart_plug,0.45,2.7,1582,0.11,2,0.47,0.52,0.313,0.013
cam-002,camera,1.34,61.6,74660,2.45,14,0.58,0.40,0.108,0.042
sensor-12,sensor,0.64,3.5,1402,0.19,2,0.84,0.16,0.262,0.006
router-17,router,0.77,30.8,67075,1.89,11,0.68,0.30,0.133,0.019
nvr-02,nvr,1.01,19.4,40483,1.33,5,0.76,0.23,0.167,0.013
access-ctrl-05,access_controller,0.57,11.8,11025,0.68,4,0.85,0.13,0.238,0.013
thermostat-04,thermostat,0.63,5.0,4923,0.32,4,0.71,0.27,0.200,0.016
plug-11,smart_plug,0.45,2.6,1710,0.09,2,0.44,0.56,0.341,0.011
cam-006,camera,1.18,61.8,84742,2.51,10,0.58,0.41,0.109,0.040
sensor-18,sensor,0.53,3.8,2148,0.19,3,0.82,0.16,0.257,0.009
router-20,router,0.84,40.2,70188,2.02,5,0.73,0.27,0.143,0.020
nvr-04,nvr,1.16,19.7,32373,1.09,5,0.79,0.19,0.160,0.019
access-ctrl-06,access_controller,0.68,9.5,12552,0.84,4,0.76,0.23,0.236,0.008
thermostat-04,thermostat,0.84,5.3,4097,0.48,3,0.76,0.23,0.230,0.017
plug-29,smart_plug,0.38,3.7,1235,0.11,1,0.49,0.49,0.350,0.013
cam-004,camera,1.22,43.5,81861,2.47,12,0.69,0.29,0.106,0.037
sensor-12,sensor,0.61,3.8,2768,0.10,1,0.88,0.12,0.300,0.010
router-05,router,0.98,33.4,39548,1.98,5,0.63,0.37,0.115,0.019
nvr-06,nvr,1.14,21.5,49738,1.38,4,0.82,0.16,0.215,0.012
access-ctrl-07,access_controller,0.73,11.7,10169,0.66,3,0.86,0.13,0.236,0.012
thermostat-16,thermostat,0.72,8.2,5229,0.34,3,0.75,0.23,0.241,0.018
plug-14,smart_plug,0.46,2.4,1456,0.06,1,0.49,0.51,0.318,0.011
cam-007,camera,1.43,46.3,90001,1.97,8,0.56,0.43,0.080,0.024
sensor-07,sensor,0.44,3.5,1031,0.18,2,0.79,0.19,0.320,0.006
router-08,router,1.05,33.9,42746,2.24,10,0.61,0.39,0.140,0.016
nvr-04,nvr,1.02,29.3,44216,1.33,3,0.82,0.16,0.170,0.017
access-ctrl-07,access_controller,0.63,7.9,13214,0.52,2,0.76,0.22,0.216,0.009
thermostat-20,thermostat,0.75,5.9,4536,0.47,3,0.68,0.30,0.232,0.015
plug-14,smart_plug,0.36,3.8,737,0.09,1,0.52,0.46,0.309,0.009
cam-005,camera,1.14,64.9,85156,2.64,10,0.57,0.41,0.108,0.038
sensor-21,sensor,0.49,5.4,1501,0.23,2,0.79,0.19,0.318,0.012
router-17,router,1.01,35.0,41654,1.91,6,0.70,0.30,0.114,0.029
nvr-04,nvr,1.17,21.9,39617,1.74,6,0.80,0.19,0.203,0.013
access-ctrl-03,access_controller,0.68,9.3,8887,0.73,4,0.79,0.20,0.264,0.008
thermostat-24,thermostat,0.66,7.1,4748,0.33,2,0.67,0.32,0.227,0.015
plug-25,smart_plug,0.48,3.2,1449,0.13,1,0.46,0.53,0.346,0.014
cam-001,camera,1.38,64.6,78452,2.10,11,0.68,0.31,0.091,0.028
sensor-07,sensor,0.43,3.3,1383,0.22,2,0.89,0.11,0.276,0.005
router-08,router,1.01,39.1,56779,2.36,11,0.73,0.26,0.160,0.022
nvr-02,nvr,1.02,26.2,51014,1.36,5,0.71,0.29,0.214,0.019
access-ctrl-06,access_controller,0.73,8.5,11260,0.50,3,0.86,0.13,0.264,0.008
thermostat-09,thermostat,0.72,6.7,4626,0.31,2,0.75,0.25,0.219,0.015
plug-22,smart_plug,0.45,3.5,1037,0.08,1,0.46,0.52,0.342,0.010
cam-003,camera,1.26,66.0,87420,1.97,11,0.58,0.40,0.078,0.040
sensor-21,sensor,0.42,5.6,1772,0.11,2,0.85,0.15,0.297,0.007
router-02,router,1.07,36.5,44994,1.78,7,0.75,0.22,0.146,0.019
nvr-06,nvr,1.26,16.9,37511,1.13,4,0.73,0.25,0.184,0.011
access-ctrl-04,access_controller,0.60,8.8,14534,0.62,4,0.77,0.21,0.228,0.012
thermostat-20,thermostat,0.65,6.8,5359,0.47,3,0.72,0.26,0.211,0.019
plug-11,smart_plug,0.50,2.4,721,0.08,1,0.52,0.48,0.367,0.011
cam-004,camera,1.10,49.7,71693,2.12,8,0.58,0.41,0.105,0.028
sensor-12,sensor,0.60,4.3,1135,0.09,2,0.79,0.19,0.280,0.011
router-02,router,0.85,28.9,52833,2.06,6,0.72,0.27,0.158,0.021
nvr-02,nvr,1.28,26.9,42353,1.31,6,0.68,0.30,0.197,0.013
access-ctrl-06,access_controller,0.68,10.5,10253,0.71,4,0.79,0.20,0.222,0.012
thermostat-13,thermostat,0.86,7.4,3735,0.35,2,0.69,0.28,0.222,0.016
plug-25,smart_plug,0.45,2.6,1789,0.12,1,0.45,0.54,0.329,0.009
cam-001,camera,1.05,53.3,74703,2.77,7,0.58,0.40,0.100,0.037
sensor-07,sensor,0.41,4.7,2781,0.13,2,0.87,0.10,0.246,0.005
router-11,router,0.91,39.7,72401,1.59,6,0.65,0.33,0.119,0.023
nvr-03,nvr,1.07,27.5,46009,1.25,5,0.69,0.31,0.174,0.010
access-ctrl-01,access_controller,0.64,9.6,9780,0.83,2,0.80,0.19,0.244,0.009
thermostat-13,thermostat,0.81,8.1,5607,0.34,2,0.68,0.30,0.205,0.016
plug-11,smart_plug,0.48,2.2,1365,0.10,2,0.49,0.50,0.344,0.014
cam-002,camera,1.22,46.6,79494,2.12,12,0.61,0.37,0.078,0.043
sensor-30,sensor,0.45,5.0,1048,0.07,2,0.81,0.17,0.274,0.008
router-17,router,1.01,29.7,48058,2.23,6,0.70,0.29,0.131,0.023
nvr-06,nvr,1.07,16.7,53304,1.11,5,0.76,0.22,0.171,0.013
access-ctrl-01,access_controller,0.55,7.8,13604,0.69,4,0.85,0.13,0.243,0.012
thermostat-24,thermostat,0.74,7.6,4321,0.39,4,0.70,0.28,0.197,0.015
plug-19,smart_plug,0.39,3.4,875,0.17,1,0.49,0.49,0.342,0.013
cam-004,camera,1.45,53.0,89027,2.14,14,0.59,0.39,0.087,0.027
sensor-24,sensor,0.63,4.8,2791,0.08,2,0.82,0.18,0.310,0.009
router-05,router,0.92,34.8,47253,1.60,5,0.61,0.38,0.143,0.023
nvr-02,nvr,1.13,25.2,57363,1.15,5,0.79,0.21,0.158,0.020
access-ctrl-07,access_controller,0.65,9.2,14990,0.72,4,0.88,0.12,0.240,0.010
thermostat-13,thermostat,0.71,7.8,4876,0.30,2,0.68,0.29,0.209,0.016
plug-29,smart_plug,0.44,3.3,983,0.10,2,0.52,0.48,0.351,0.012
cam-003,camera,1.21,56.5,77807,2.37,14,0.63,0.36,0.113,0.032
sensor-27,sensor,0.58,3.5,1826,0.08,3,0.83,0.17,0.239,0.007
router-14,router,1.08,43.3,61992,2.06,11,0.68,0.30,0.139,0.018
nvr-06,nvr,0.92,21.2,57956,1.44,5,0.75,0.22,0.169,0.015
access-ctrl-03,access_controller,0.78,9.0,11778,0.48,2,0.83,0.15,0.265,0.012
thermostat-16,thermostat,0.74,7.5,5758,0.31,4,0.77,0.22,0.200,0.011
plug-22,smart_plug,0.38,3.0,1044,0.10,2,0.50,0.47,0.356,0.009
cam-007,camera,1.17,46.5,77579,1.85,13,0.57,0.42,0.089,0.025
sensor-30,sensor,0.64,4.6,1865,0.28,1,0.86,0.11,0.252,0.009
router-05,router,0.79,43.2,66127,2.09,11,0.62,0.36,0.123,0.017
nvr-01,nvr,1.28,18.4,32287,1.24,3,0.82,0.18,0.209,0.016
access-ctrl-07,access_controller,0.65,10.7,13649,0.86,3,0.80,0.18,0.231,0.014
thermostat-28,thermostat,0.74,7.9,5395,0.44,2,0.74,0.24,0.224,0.015
plug-31,smart_plug,0.41,3.4,1556,0.08,2,0.45,0.53,0.356,0.011
cam-007,camera,1.18,47.6,86587,1.85,8,0.58,0.41,0.093,0.036
sensor-07,sensor,0.57,4.3,1389,0.25,1,0.83,0.15,0.327,0.009
router-05,router,0.74,40.4,49943,1.62,7,0.63,0.35,0.148,0.025
nvr-03,nvr,1.01,18.5,55301,1.36,3,0.69,0.31,0.176,0.015
access-ctrl-02,access_controller,0.76,7.8,13335,0.74,2,0.85,0.13,0.251,0.010
thermostat-20,thermostat,0.66,6.2,4201,0.42,4,0.69,0.28,0.213,0.018
plug-31,smart_plug,0.33,2.8,1627,0.09,1,0.47,0.52,0.358,0.014
cam-005,camera,1.17,65.0,102333,2.80,8,0.61,0.37,0.092,0.026
sensor-30,sensor,0.51,3.8,2488,0.10,1,0.89,0.09,0.288,0.006
router-17,router,0.86,34.2,61944,2.15,6,0.71,0.28,0.156,0.023
nvr-06,nvr,1.19,22.0,37257,1.15,3,0.71,0.27,0.175,0.018
access-ctrl-02,access_controller,0.62,11.2,9260,0.78,3,0.87,0.11,0.218,0.011
thermostat-13,thermostat,0.66,7.7,4840,0.40,3,0.67,0.31,0.241,0.019
plug-14,smart_plug,0.36,3.5,743,0.11,1,0.50,0.49,0.313,0.015
cam-001,camera,1.15,48.6,74847,2.32,14,0.65,0.34,0.109,0.027
sensor-21,sensor,0.48,4.0,2564,0.07,3,0.79,0.18,0.317,0.008
router-05,router,0.80,40.6,68847,1.71,7,0.68,0.29,0.151,0.016
nvr-01,nvr,1.20,19.4,46245,1.38,6,0.75,0.25,0.155,0.011
access-ctrl-07,access_controller,0.58,7.4,11162,0.46,3,0.78,0.21,0.260,0.010
thermostat-13,thermostat,0.64,5.9,5164,0.44,2,0.75,0.24,0.197,0.019
plug-31,smart_plug,0.48,2.5,1384,0.10,1,0.48,0.50,0.314,0.013
cam-005,camera,1.20,46.4,81122,2.83,13,0.58,0.40,0.105,0.033
sensor-18,sensor,0.65,3.6,1990,0.17,1,0.89,0.09,0.305,0.011
router-05,router,0.91,26.9,56771,1.83,5,0.68,0.30,0.126,0.015
nvr-02,nvr,1.20,26.6,55822,1.56,3,0.68,0.31,0.213,0.018
access-ctrl-05,access_controller,0.67,11.6,14882,0.51,3,0.75,0.22,0.233,0.009
thermostat-28,thermostat,0.76,7.6,3978,0.29,3,0.76,0.23,0.198,0.011
plug-29,smart_plug,0.43,2.1,814,0.11,1,0.47,0.51,0.311,0.011
cam-001,camera,1.22,46.6,104486,2.79,11,0.71,0.26,0.083,0.041
sensor-12,sensor,0.52,5.6,1892,0.20,2,0.85,0.14,0.277,0.006
router-05,router,0.79,30.2,40305,1.94,5,0.66,0.32,0.139,0.031
nvr-04,nvr,0.92,28.9,49050,1.38,4,0.80,0.19,0.214,0.020
access-ctrl-05,access_controller,0.70,7.9,9028,0.72,2,0.79,0.20,0.260,0.013
thermostat-20,thermostat,0.76,7.2,3656,0.30,4,0.77,0.21,0.239,0.016
plug-31,smart_plug,0.43,3.3,1202,0.09,1,0.45,0.53,0.322,0.009
cam-002,camera,1.16,50.0,104288,2.60,10,0.61,0.38,0.098,0.041
sensor-12,sensor,0.60,3.6,2249,0.12,1,0.80,0.19,0.294,0.011
router-05,router,1.03,32.0,66047,1.86,9,0.71,0.27,0.160,0.025
nvr-04,nvr,1.24,26.8,51513,1.59,6,0.83,0.15,0.165,0.018
access-ctrl-02,access_controller,0.71,10.5,13309,0.57,3,0.76,0.22,0.259,0.013
thermostat-09,thermostat,0.77,7.5,4652,0.40,2,0.76,0.23,0.233,0.019
plug-31,smart_plug,0.36,3.3,1490,0.09,1,0.52,0.46,0.330,0.012
cam-007,camera,1.11,65.2,87170,2.31,12,0.71,0.27,0.100,0.036
sensor-21,sensor,0.57,5.7,1862,0.14,1,0.88,0.10,0.271,0.004
router-05,router,1.07,30.3,58267,1.89,11,0.64,0.36,0.154,0.027
nvr-04,nvr,0.88,24.1,57777,1.22,3,0.73,0.25,0.174,0.021
access-ctrl-05,access_controller,0.63,10.9,9005,0.51,2,0.87,0.12,0.244,0.013
thermostat-28,thermostat,0.74,7.8,5363,0.30,3,0.67,0.30,0.220,0.020
plug-14,smart_plug,0.46,3.4,1299,0.11,2,0.55,0.44,0.331,0.012
cam-002,camera,1.13,53.1,103864,2.06,7,0.68,0.30,0.083,0.029
sensor-30,sensor,0.56,3.8,1045,0.09,1,0.84,0.16,0.265,0.007
router-02,router,1.02,39.6,56246,2.42,10,0.74,0.24,0.115,0.022
nvr-03,nvr,1.14,21.5,41067,1.58,3,0.73,0.26,0.198,0.012
access-ctrl-02,access_controller,0.62,9.0,11844,0.56,4,0.87,0.13,0.213,0.012
thermostat-20,thermostat,0.86,5.8,4580,0.50,4,0.67,0.33,0.224,0.017
plug-19,smart_plug,0.50,3.9,1769,0.16,2,0.44,0.56,0.337,0.013
cam-007,camera,1.32,53.2,91019,2.83,9,0.69,0.29,0.095,0.039
sensor-30,sensor,0.67,5.6,2722,0.24,3,0.93,0.06,0.284,0.007
router-20,router,0.84,33.3,56372,1.97,5,0.63,0.35,0.146,0.023
nvr-01,nvr,1.28,16.9,46853,1.16,6,0.78,0.21,0.204,0.012
access-ctrl-01,access_controller,0.64,9.0,12821,0.51,4,0.78,0.20,0.224,0.014
thermostat-13,thermostat,0.70,6.1,4914,0.29,3,0.69,0.30,0.225,0.019
plug-25,smart_plug,0.39,2.2,1672,0.07,1,0.44,0.54,0.355,0.014
cam-004,camera,1.30,50.1,99201,2.92,8,0.62,0.36,0.092,0.036
sensor-27,sensor,0.66,2.9,931,0.12,1,0.83,0.16,0.270,0.010
router-08,router,0.72,38.7,51878,1.58,10,0.67,0.30,0.117,0.023
nvr-02,nvr,1.25,17.5,52346,1.63,6,0.78,0.22,0.191,0.011
access-ctrl-02,access_controller,0.73,7.8,11198,0.66,3,0.80,0.17,0.210,0.009
thermostat-04,thermostat,0.82,7.4,4890,0.34,2,0.71,0.28,0.200,0.013
plug-11,smart_plug,0.43,3.1,1559,0.14,2,0.49,0.51,0.307,0.012
cam-007,camera,1.06,54.4,84204,1.72,7,0.58,0.41,0.086,0.038
sensor-07,sensor,0.54,4.7,2494,0.22,1,0.92,0.06,0.260,0.010
router-08,router,1.05,43.4,48543,2.31,6,0.71,0.28,0.150,0.028
nvr-04,nvr,1.24,22.2,50677,1.25,4,0.79,0.18,0.170,0.020
access-ctrl-03,access_controller,0.57,11.8,10896,0.81,3,0.81,0.18,0.233,0.010
thermostat-09,thermostat,0.64,5.7,4966,0.36,2,0.76,0.21,0.225,0.019
plug-29,smart_plug,0.40,2.8,969,0.14,2,0.51,0.48,0.350,0.013
cam-006,camera,1.12,43.0,93502,2.48,12,0.70,0.28,0.086,0.031
sensor-24,sensor,0.40,5.1,2095,0.24,3,0.87,0.10,0.309,0.009
router-20,router,0.81,33.7,46715,1.89,8,0.72,0.25,0.142,0.021
nvr-05,nvr,1.09,16.2,57761,1.55,3,0.71,0.27,0.215,0.013
access-ctrl-04,access_controller,0.58,8.8,9809,0.57,3,0.87,0.12,0.234,0.008
thermostat-13,thermostat,0.65,6.5,5794,0.37,3,0.74,0.24,0.196,0.017
plug-11,smart_plug,0.39,2.8,840,0.14,1,0.48,0.51,0.355,0.011
cam-007,camera,1.13,60.1,89271,2.52,12,0.64,0.35,0.090,0.025
sensor-12,sensor,0.58,5.2,1091,0.10,1,0.90,0.07,0.258,0.008
router-08,router,0.92,27.0,71870,2.41,6,0.74,0.26,0.124,0.017
nvr-05,nvr,1.25,29.1,35525,1.30,4,0.81,0.16,0.191,0.021
access-ctrl-04,access_controller,0.54,11.8,10986,0.81,3,0.83,0.15,0.263,0.011
thermostat-04,thermostat,0.73,6.5,3930,0.42,2,0.75,0.25,0.232,0.018
plug-31,smart_plug,0.35,4.2,807,0.16,1,0.48,0.51,0.360,0.011
cam-001,camera,1.21,60.8,71962,1.93,13,0.60,0.40,0.093,0.034
sensor-21,sensor,0.65,4.5,1034,0.13,2,0.91,0.07,0.285,0.006
router-17,router,0.90,29.0,39354,1.88,10,0.60,0.40,0.137,0.018
nvr-03,nvr,1.13,18.1,55545,1.72,6,0.79,0.20,0.186,0.010
access-ctrl-02,access_controller,0.65,10.3,9322,0.54,2,0.80,0.19,0.245,0.010
thermostat-13,thermostat,0.76,5.8,5612,0.41,4,0.71,0.28,0.199,0.017
plug-22,smart_plug,0.40,2.9,1558,0.14,2,0.44,0.55,0.323,0.015
cam-004,camera,1.21,49.3,105651,2.45,7,0.70,0.28,0.108,0.030
sensor-21,sensor,0.60,4.3,2166,0.12,2,0.87,0.13,0.295,0.011
router-02,router,1.05,27.1,70517,1.88,10,0.70,0.30,0.148,0.020
nvr-01,nvr,0.94,27.0,37776,1.68,4,0.70,0.27,0.210,0.017
access-ctrl-02,access_controller,0.73,9.8,9482,0.77,4,0.79,0.20,0.232,0.014
thermostat-09,thermostat,0.80,7.1,5375,0.46,3,0.74,0.23,0.213,0.015
plug-25,smart_plug,0.41,3.6,1215,0.12,2,0.47,0.52,0.316,0.012
cam-005,camera,1.21,53.7,107021,2.31,9,0.72,0.25,0.090,0.032
sensor-27,sensor,0.48,3.3,2263,0.19,3,0.78,0.20,0.288,0.005
router-17,router,1.01,25.8,42046,2.05,8,0.70,0.28,0.122,0.024
nvr-05,nvr,0.98,20.3,52858,1.16,5,0.80,0.19,0.197,0.018
access-ctrl-05,access_controller,0.73,9.8,14009,0.54,2,0.83,0.15,0.252,0.009
thermostat-13,thermostat,0.81,6.5,5570,0.34,4,0.71,0.29,0.228,0.019
plug-14,smart_plug,0.40,3.3,1064,0.07,2,0.52,0.45,0.316,0.014
cam-006,camera,1.07,64.2,73840,1.87,8,0.67,0.32,0.110,0.025
sensor-24,sensor,0.67,2.9,1391,0.26,1,0.89,0.09,0.260,0.007
router-05,router,0.97,42.4,48490,2.15,6,0.62,0.37,0.145,0.018
nvr-01,nvr,1.16,25.8,58038,1.43,4,0.72,0.25,0.206,0.014
access-ctrl-05,access_controller,0.75,10.9,12960,0.87,2,0.87,0.11,0.232,0.011
thermostat-04,thermostat,0.84,5.9,5650,0.46,3,0.67,0.32,0.214,0.015
plug-22,smart_plug,0.38,2.0,771,0.08,1,0.56,0.42,0.331,0.009
cam-006,camera,1.32,62.7,97744,2.23,12,0.72,0.25,0.092,0.042
sensor-24,sensor,0.62,4.1,1246,0.10,2,0.78,0.22,0.257,0.004
router-20,router,0.91,41.1,66411,2.36,6,0.62,0.37,0.119,0.017
nvr-05,nvr,1.06,17.9,53015,1.58,4,0.67,0.30,0.207,0.010
access-ctrl-06,access_controller,0.71,9.8,14799,0.82,3,0.81,0.17,0.227,0.012
thermostat-04,thermostat,0.75,5.9,5153,0.41,4,0.66,0.34,0.215,0.020
plug-14,smart_plug,0.39,2.9,939,0.17,2,0.47,0.51,0.354,0.014
cam-002,camera,1.43,43.0,94944,1.97,8,0.62,0.38,0.087,0.032
sensor-30,sensor,0.52,5.3,2601,0.10,3,0.87,0.11,0.245,0.007
router-17,router,1.04,41.4,43032,1.78,7,0.64,0.36,0.151,0.016
nvr-03,nvr,1.11,19.7,57268,1.76,5,0.67,0.30,0.171,0.013
access-ctrl-07,access_controller,0.55,10.9,9767,0.55,2,0.83,0.15,0.215,0.010
thermostat-28,thermostat,0.76,5.2,3901,0.49,3,0.76,0.21,0.227,0.015
plug-25,smart_plug,0.40,4.2,1311,0.07,1,0.51,0.48,0.323,0.011
cam-006,camera,1.19,59.3,71984,2.77,13,0.64,0.34,0.087,0.040
sensor-30,sensor,0.47,3.2,1906,0.25,2,0.90,0.10,0.311,0.011
router-20,router,0.74,29.8,66583,1.84,11,0.64,0.34,0.120,0.028
nvr-03,nvr,0.88,20.5,35235,1.17,4,0.72,0.28,0.159,0.015
access-ctrl-01,access_controller,0.56,8.3,10852,0.80,3,0.87,0.12,0.220,0.014
thermostat-28,thermostat,0.67,7.9,4762,0.33,3,0.66,0.33,0.207,0.016
plug-25,smart_plug,0.47,2.7,1526,0.11,2,0.52,0.46,0.312,0.014
cam-005,camera,1.29,54.3,69792,1.99,13,0.66,0.34,0.102,0.027
sensor-12,sensor,0.44,4.2,2340,0.24,1,0.88,0.10,0.257,0.012
router-11,router,0.74,31.1,46798,2.24,10,0.62,0.35,0.133,0.031
nvr-03,nvr,1.08,27.3,35704,1.14,3,0.71,0.28,0.154,0.020
access-ctrl-02,access_controller,0.58,9.7,13687,0.70,4,0.77,0.21,0.221,0.012
thermostat-28,thermostat,0.65,6.8,3823,0.31,3,0.68,0.30,0.198,0.019
plug-14,smart_plug,0.41,2.2,1702,0.15,1,0.50,0.50,0.353,0.015
cam-001,camera,1.12,64.0,75182,2.74,12,0.72,0.27,0.088,0.041
sensor-30,sensor,0.46,5.1,2496,0.27,1,0.91,0.06,0.273,0.011
router-20,router,1.06,40.9,39810,1.77,7,0.62,0.37,0.142,0.027
nvr-05,nvr,1.26,21.6,35040,1.24,4,0.80,0.19,0.161,0.011
access-ctrl-02,access_controller,0.71,9.9,9416,0.84,4,0.79,0.20,0.230,0.008
thermostat-16,thermostat,0.82,5.4,5426,0.41,4,0.65,0.33,0.227,0.019
plug-11,smart_plug,0.50,2.3,1762,0.16,1,0.49,0.50,0.362,0.014
cam-002,camera,1.22,44.6,107580,1.96,9,0.69,0.31,0.078,0.036
sensor-07,sensor,0.61,3.1,2704,0.28,1,0.92,0.08,0.295,0.008
router-20,router,0.97,40.3,52565,1.58,7,0.74,0.24,0.129,0.023
nvr-01,nvr,1.10,22.2,41317,1.19,3,0.72,0.26,0.181,0.019
access-ctrl-06,access_controller,0.72,9.7,14490,0.54,4,0.86,0.14,0.246,0.010
thermostat-04,thermostat,0.87,5.3,4715,0.47,3,0.67,0.31,0.230,0.015
plug-25,smart_plug,0.36,3.4,1349,0.12,2,0.54,0.44,0.330,0.012
cam-007,camera,1.37,42.0,105275,2.42,7,0.61,0.37,0.089,0.024
sensor-21,sensor,0.54,4.1,1670,0.08,3,0.83,0.15,0.259,0.007
router-17,router,0.89,28.8,57422,2.11,10,0.64,0.36,0.157,0.022
nvr-07,nvr,1.11,16.8,46824,1.13,3,0.69,0.28,0.202,0.018
access-ctrl-04,access_controller,0.64,10.3,8899,0.79,4,0.82,0.17,0.242,0.009
thermostat-13,thermostat,0.65,7.0,5367,0.43,3,0.69,0.29,0.208,0.016
plug-19,smart_plug,0.47,2.4,1288,0.13,2,0.47,0.53,0.325,0.010
cam-007,camera,1.36,42.9,92154,2.36,7,0.68,0.31,0.085,0.042
sensor-07,sensor,0.55,4.1,1982,0.27,3,0.86,0.13,0.302,0.012
router-11,router,0.91,29.4,41895,1.69,8,0.61,0.37,0.143,0.021
nvr-05,nvr,0.95,16.7,57264,1.16,3,0.68,0.31,0.195,0.019
access-ctrl-01,access_controller,0.58,9.0,13847,0.75,3,0.82,0.15,0.220,0.014
thermostat-24,thermostat,0.79,6.6,4885,0.37,2,0.70,0.28,0.218,0.011
plug-14,smart_plug,0.36,2.4,1551,0.10,1,0.49,0.49,0.341,0.012
cam-001,camera,1.18,50.3,93342,2.55,7,0.66,0.32,0.103,0.036
sensor-30,sensor,0.62,5.7,1928,0.28,3,0.91,0.09,0.307,0.012
router-11,router,0.88,27.4,71272,2.04,11,0.60,0.38,0.151,0.027
nvr-07,nvr,0.88,24.6,49548,1.22,3,0.79,0.18,0.200,0.014
access-ctrl-05,access_controller,0.75,10.1,9650,0.85,2,0.77,0.23,0.229,0.008
thermostat-28,thermostat,0.78,5.2,4806,0.31,2,0.71,0.29,0.204,0.014
plug-22,smart_plug,0.39,2.7,1673,0.15,1,0.50,0.50,0.312,0.014
cam-007,camera,1.47,59.1,97064,2.43,9,0.68,0.29,0.086,0.028
sensor-30,sensor,0.47,2.8,2291,0.20,2,0.80,0.19,0.301,0.008
router-02,router,0.82,39.8,63492,2.10,9,0.70,0.29,0.146,0.026
nvr-01,nvr,1.03,28.2,52279,1.65,5,0.76,0.23,0.214,0.010
access-ctrl-03,access_controller,0.72,9.4,9881,0.69,3,0.79,0.21,0.254,0.007
thermostat-24,thermostat,0.75,7.9,4742,0.38,4,0.66,0.31,0.226,0.015
plug-25,smart_plug,0.47,2.1,952,0.09,2,0.45,0.54,0.311,0.014
cam-004,camera,1.30,51.7,101307,2.82,10,0.56,0.42,0.100,0.024
sensor-24,sensor,0.61,4.3,2764,0.20,2,0.82,0.16,0.327,0.012
router-02,router,0.80,29.0,68635,1.61,11,0.66,0.31,0.118,0.030
nvr-04,nvr,0.97,16.9,41333,1.31,6,0.76,0.23,0.202,0.021
access-ctrl-03,access_controller,0.75,9.1,8955,0.59,4,0.79,0.19,0.216,0.010
thermostat-16,thermostat,0.68,7.6,4441,0.43,3,0.66,0.32,0.196,0.017
plug-11,smart_plug,0.49,2.2,1157,0.12,2,0.50,0.50,0.345,0.014
cam-004,camera,1.40,59.3,101458,1.75,14,0.56,0.43,0.092,0.028
sensor-30,sensor,0.53,5.4,1021,0.15,2,0.92,0.07,0.254,0.010
router-11,router,0.94,29.0,51069,1.99,5,0.71,0.27,0.150,0.019
nvr-06,nvr,1.24,21.9,50929,1.53,3,0.75,0.25,0.205,0.021
access-ctrl-02,access_controller,0.68,9.8,14298,0.75,2,0.78,0.20,0.254,0.011
thermostat-13,thermostat,0.72,7.6,4001,0.43,2,0.66,0.33,0.220,0.018
plug-25,smart_plug,0.51,3.2,771,0.09,2,0.53,0.45,0.345,0.008
cam-004,camera,1.11,49.8,101465,1.83,10,0.69,0.28,0.083,0.024
sensor-07,sensor,0.51,4.2,1144,0.20,2,0.84,0.15,0.256,0.009
router-14,router,0.77,32.6,61640,1.71,11,0.74,0.23,0.147,0.029
nvr-02,nvr,1.03,29.4,39463,1.30,6,0.76,0.21,0.156,0.017
access-ctrl-07,access_controller,0.72,11.9,14438,0.54,4,0.75,0.23,0.253,0.011
thermostat-16,thermostat,0.73,7.8,3770,0.50,3,0.70,0.28,0.198,0.013
plug-31,smart_plug,0.39,3.6,710,0.11,1,0.55,0.43,0.338,0.014
cam-004,camera,1.30,61.9,84186,2.06,7,0.64,0.36,0.089,0.035
sensor-07,sensor,0.53,5.7,972,0.21,3,0.92,0.07,0.278,0.009
router-05,router,0.77,27.2,69693,2.07,11,0.66,0.32,0.159,0.024
nvr-06,nvr,0.94,26.2,46770,1.15,3,0.68,0.30,0.204,0.020
access-ctrl-02,access_controller,0.79,11.8,9105,0.82,3,0.85,0.14,0.235,0.008
thermostat-13,thermostat,0.73,7.5,4843,0.33,3,0.69,0.29,0.240,0.018
plug-19,smart_plug,0.37,2.5,1754,0.16,2,0.49,0.50,0.351,0.015
cam-005,camera,1.32,63.0,95129,2.94,9,0.64,0.33,0.078,0.026
sensor-27,sensor,0.65,4.9,1578,0.27,3,0.92,0.05,0.252,0.008
router-02,router,0.80,26.2,50756,1.61,8,0.69,0.29,0.125,0.016
nvr-05,nvr,1.10,20.4,58836,1.45,6,0.76,0.24,0.211,0.020
access-ctrl-04,access_controller,0.63,10.4,8950,0.79,3,0.79,0.19,0.263,0.013
thermostat-16,thermostat,0.63,6.0,5417,0.41,2,0.67,0.30,0.211,0.012
plug-22,smart_plug,0.34,3.1,1070,0.05,2,0.53,0.46,0.365,0.009
cam-004,camera,1.14,45.7,91378,2.88,10,0.62,0.37,0.104,0.042
sensor-12,sensor,0.66,3.1,2859,0.09,2,0.80,0.17,0.324,0.007
router-20,router,0.80,27.1,53481,1.64,8,0.73,0.26,0.120,0.017
nvr-01,nvr,0.87,16.5,39863,1.37,4,0.70,0.29,0.162,0.014
access-ctrl-04,access_controller,0.75,8.3,11813,0.75,3,0.81,0.18,0.265,0.013
thermostat-13,thermostat,0.77,5.0,4419,0.33,2,0.73,0.27,0.212,0.015
plug-14,smart_plug,0.44,3.0,1252,0.11,2,0.53,0.46,0.311,0.012
cam-002,camera,1.16,52.9,88836,2.00,13,0.61,0.39,0.092,0.042
sensor-21,sensor,0.63,3.4,2402,0.17,2,0.79,0.19,0.309,0.011
router-05,router,0.99,36.4,70034,1.73,6,0.59,0.40,0.117,0.022
nvr-04,nvr,0.89,27.9,34736,1.36,5,0.75,0.23,0.152,0.015
access-ctrl-04,access_controller,0.65,10.1,12674,0.72,3,0.86,0.11,0.210,0.010
thermostat-04,thermostat,0.63,5.2,4940,0.34,4,0.75,0.23,0.229,0.014
plug-31,smart_plug,0.34,2.8,855,0.06,1,0.50,0.49,0.310,0.011
cam-007,camera,1.26,55.9,78188,2.81,9,0.71,0.27,0.100,0.036
sensor-21,sensor,0.43,4.9,2010,0.08,3,0.91,0.07,0.313,0.006
router-14,router,1.06,35.5,66434,2.04,10,0.62,0.37,0.149,0.020
nvr-03,nvr,1.19,24.4,33174,1.76,4,0.80,0.17,0.160,0.020
access-ctrl-06,access_controller,0.64,11.2,11315,0.61,4,0.87,0.11,0.232,0.011
thermostat-28,thermostat,0.80,6.9,4329,0.48,3,0.70,0.28,0.212,0.015
plug-19,smart_plug,0.46,3.9,1198,0.08,2,0.51,0.49,0.321,0.011
cam-006,camera,1.29,46.6,83733,2.68,13,0.60,0.40,0.080,0.025
sensor-18,sensor,0.57,4.0,2715,0.21,1,0.88,0.11,0.247,0.005
router-08,router,0.81,44.1,62178,2.25,7,0.73,0.26,0.142,0.022
nvr-04,nvr,1.26,23.9,52168,1.44,3,0.81,0.19,0.173,0.018
access-ctrl-01,access_controller,0.78,10.1,11328,0.55,4,0.77,0.21,0.228,0.013
thermostat-28,thermostat,0.63,6.7,3982,0.30,3,0.77,0.21,0.239,0.014
plug-14,smart_plug,0.40,2.3,1016,0.15,2,0.55,0.43,0.323,0.014
cam-004,camera,1.46,50.8,94714,2.78,7,0.63,0.37,0.104,0.028
sensor-12,sensor,0.66,4.5,1074,0.14,3,0.78,0.20,0.261,0.012
router-05,router,0.98,43.9,42537,1.70,9,0.63,0.34,0.120,0.017
nvr-06,nvr,0.97,24.1,48851,1.62,5,0.82,0.17,0.202,0.015
access-ctrl-02,access_controller,0.69,10.8,14823,0.68,2,0.78,0.21,0.215,0.010
thermostat-16,thermostat,0.82,7.1,5499,0.36,3,0.71,0.29,0.236,0.017
plug-31,smart_plug,0.45,4.0,743,0.12,1,0.45,0.55,0.349,0.010
cam-006,camera,1.24,50.5,88495,2.38,14,0.58,0.42,0.098,0.039
sensor-21,sensor,0.48,3.7,1439,0.25,1,0.91,0.09,0.248,0.008
router-17,router,1.04,34.0,62521,2.14,5,0.70,0.28,0.115,0.017
nvr-02,nvr,1.06,19.7,39555,1.41,4,0.72,0.26,0.208,0.010
access-ctrl-03,access_controller,0.68,11.7,8993,0.66,4,0.84,0.14,0.260,0.013
thermostat-24,thermostat,0.76,5.6,4866,0.50,4,0.74,0.25,0.194,0.015
plug-25,smart_plug,0.43,2.4,1704,0.10,2,0.48,0.51,0.311,0.010
cam-003,camera,1.11,61.0,103907,2.70,8,0.60,0.39,0.089,0.023
sensor-07,sensor,0.62,3.0,1403,0.26,2,0.87,0.12,0.258,0.005
router-02,router,1.04,36.6,46112,2.41,6,0.72,0.26,0.145,0.020
nvr-01,nvr,1.03,26.3,48390,1.77,6,0.70,0.29,0.180,0.021
access-ctrl-02,access_controller,0.70,12.0,10491,0.74,3,0.80,0.17,0.219,0.012
thermostat-24,thermostat,0.87,5.7,3816,0.45,4,0.73,0.25,0.240,0.019
plug-25,smart_plug,0.48,2.5,1699,0.14,2,0.53,0.44,0.313,0.012
cam-002,camera,1.12,43.4,93539,2.86,14,0.68,0.32,0.092,0.032
sensor-30,sensor,0.60,3.8,1638,0.25,1,0.89,0.08,0.314,0.008
router-17,router,0.99,34.0,71447,1.79,8,0.73,0.26,0.155,0.018
nvr-05,nvr,1.04,21.0,46931,1.61,4,0.73,0.27,0.171,0.014
access-ctrl-01,access_controller,0.69,7.6,14930,0.58,3,0.76,0.23,0.221,0.013
thermostat-28,thermostat,0.67,6.2,4226,0.47,3,0.74,0.25,0.208,0.016
plug-19,smart_plug,0.47,3.5,1298,0.13,2,0.46,0.54,0.337,0.012
cam-002,camera,1.43,53.4,104037,2.40,12,0.57,0.43,0.081,0.029
sensor-27,sensor,0.59,5.1,2125,0.23,2,0.82,0.16,0.241,0.004
router-17,router,0.89,39.4,54701,2.34,11,0.73,0.24,0.143,0.030
nvr-02,nvr,0.92,20.5,36179,1.71,4,0.78,0.22,0.186,0.013
access-ctrl-07,access_controller,0.67,9.5,13190,0.58,3,0.87,0.13,0.229,0.007
thermostat-13,thermostat,0.65,8.3,5172,0.28,4,0.73,0.24,0.205,0.012
plug-29,smart_plug,0.34,4.0,1685,0.14,1,0.48,0.50,0.323,0.009
cam-007,camera,1.32,50.6,106274,2.41,11,0.58,0.40,0.084,0.030
sensor-12,sensor,0.67,5.1,2616,0.17,1,0.89,0.10,0.279,0.004
router-05,router,0.76,29.7,47723,2.26,7,0.67,0.30,0.134,0.025
nvr-01,nvr,0.94,18.1,38183,1.57,3,0.77,0.20,0.173,0.020
access-ctrl-02,access_controller,0.57,7.8,14010,0.63,3,0.83,0.15,0.213,0.007
thermostat-20,thermostat,0.69,6.0,3653,0.34,2,0.67,0.31,0.202,0.014
plug-29,smart_plug,0.38,3.7,1233,0.12,1,0.46,0.52,0.330,0.010
cam-001,camera,1.10,44.6,74011,1.85,12,0.67,0.32,0.109,0.034
sensor-12,sensor,0.41,3.4,1990,0.21,1,0.90,0.10,0.282,0.006
router-11,router,0.73,40.0,61299,2.21,5,0.61,0.38,0.138,0.031
nvr-06,nvr,0.90,29.1,45266,1.43,3,0.78,0.19,0.186,0.015
access-ctrl-03,access_controller,0.71,11.8,13399,0.46,2,0.87,0.12,0.220,0.009
thermostat-13,thermostat,0.79,5.8,3884,0.39,3,0.75,0.24,0.218,0.013
plug-11,smart_plug,0.46,3.2,808,0.15,2,0.51,0.48,0.316,0.012
cam-006,camera,1.22,53.3,75888,2.25,11,0.70,0.29,0.074,0.037
sensor-30,sensor,0.44,3.0,1626,0.11,1,0.82,0.18,0.317,0.010
router-17,router,1.07,40.4,51460,1.60,8,0.64,0.36,0.134,0.021
nvr-06,nvr,1.25,24.0,50092,1.72,5,0.80,0.18,0.165,0.018
access-ctrl-05,access_controller,0.79,10.3,10046,0.77,4,0.86,0.12,0.261,0.010
thermostat-20,thermostat,0.74,6.2,5881,0.45,2,0.65,0.34,0.235,0.015
plug-25,smart_plug,0.43,2.2,912,0.16,1,0.52,0.48,0.315,0.012
cam-005,camera,1.23,50.7,95625,1.78,9,0.67,0.31,0.114,0.028
sensor-18,sensor,0.46,3.7,2869,0.08,2,0.87,0.13,0.287,0.006
router-17,router,0.75,28.7,59075,1.88,6,0.65,0.33,0.144,0.029
nvr-01,nvr,1.18,26.7,53719,1.17,4,0.69,0.28,0.193,0.013
access-ctrl-05,access_controller,0.60,10.4,12430,0.64,4,0.88,0.09,0.227,0.009
thermostat-20,thermostat,0.78,7.5,5542,0.47,4,0.72,0.27,0.225,0.012
plug-25,smart_plug,0.36,2.1,712,0.15,1,0.45,0.52,0.343,0.009
cam-002,camera,1.21,53.9,92750,2.46,9,0.62,0.37,0.111,0.029
sensor-27,sensor,0.61,5.5,2453,0.20,2,0.83,0.15,0.306,0.009
router-17,router,0.73,29.5,64027,1.63,9,0.59,0.39,0.127,0.022
nvr-07,nvr,1.11,23.1,57508,1.54,5,0.74,0.25,0.155,0.020
access-ctrl-04,access_controller,0.54,10.6,12323,0.69,2,0.85,0.14,0.228,0.011
thermostat-13,thermostat,0.65,7.3,5281,0.29,3,0.68,0.32,0.235,0.011
plug-14,smart_plug,0.45,2.5,1225,0.13,1,0.48,0.50,0.345,0.014
cam-003,camera,1.21,51.4,85559,2.09,14,0.68,0.29,0.112,0.026
sensor-24,sensor,0.63,2.9,2919,0.10,1,0.92,0.06,0.302,0.012
router-20,router,0.89,29.8,52506,1.60,9,0.66,0.32,0.123,0.025
nvr-06,nvr,1.13,22.4,34186,1.20,3,0.75,0.24,0.159,0.013
access-ctrl-07,access_controller,0.63,10.9,14812,0.76,3,0.84,0.15,0.216,0.008
thermostat-24,thermostat,0.70,5.9,3547,0.35,3,0.75,0.24,0.199,0.018
plug-29,smart_plug,0.46,2.2,1233,0.16,2,0.51,0.48,0.308,0.012
cam-001,camera,1.35,63.2,87419,2.79,12,0.60,0.37,0.094,0.026
sensor-27,sensor,0.46,2.7,2763,0.21,1,0.80,0.19,0.295,0.010
router-08,router,0.87,39.2,61543,2.39,10,0.70,0.29,0.125,0.020
nvr-05,nvr,1.08,16.3,50673,1.10,6,0.81,0.16,0.182,0.015
access-ctrl-07,access_controller,0.71,9.2,12575,0.49,2,0.76,0.24,0.253,0.012
thermostat-28,thermostat,0.70,6.0,4037,0.32,2,0.69,0.30,0.221,0.019
plug-11,smart_plug,0.35,3.4,1474,0.08,2,0.51,0.47,0.325,0.011
cam-004,camera,1.46,53.2,72591,1.79,12,0.70,0.28,0.112,0.033
sensor-27,sensor,0.63,5.8,2209,0.23,3,0.88,0.11,0.311,0.008
router-02,router,1.07,28.1,61859,1.59,7,0.68,0.30,0.120,0.016
nvr-07,nvr,0.88,20.6,36508,1.69,6,0.77,0.21,0.210,0.019
access-ctrl-05,access_controller,0.55,10.2,11009,0.80,2,0.83,0.15,0.250,0.010
thermostat-20,thermostat,0.67,6.7,5878,0.51,4,0.67,0.33,0.227,0.018
plug-25,smart_plug,0.33,3.1,940,0.09,1,0.51,0.46,0.309,0.013
cam-001,camera,1.27,53.0,107367,1.75,7,0.72,0.27,0.097,0.032
sensor-27,sensor,0.51,2.8,1746,0.15,1,0.84,0.13,0.280,0.007
router-08,router,0.98,34.6,65353,2.14,5,0.64,0.33,0.152,0.019
nvr-02,nvr,0.96,28.3,32377,1.55,3,0.80,0.18,0.155,0.016
access-ctrl-04,access_controller,0.76,9.7,12485,0.62,4,0.86,0.13,0.214,0.013
thermostat-20,thermostat,0.76,8.2,5706,0.34,2,0.69,0.28,0.219,0.015
plug-19,smart_plug,0.34,3.6,869,0.15,2,0.45,0.53,0.344,0.015
cam-002,camera,1.15,52.3,75169,2.57,12,0.71,0.28,0.077,0.025
sensor-18,sensor,0.47,4.0,1788,0.11,1,0.81,0.18,0.305,0.011
router-11,router,0.94,39.8,49495,1.91,9,0.72,0.26,0.152,0.028
nvr-05,nvr,1.00,26.2,32830,1.28,5,0.81,0.17,0.160,0.014
access-ctrl-01,access_controller,0.61,8.1,11746,0.83,4,0.86,0.14,0.244,0.012
thermostat-24,thermostat,0.74,5.3,5597,0.39,2,0.74,0.26,0.219,0.015
plug-19,smart_plug,0.47,3.1,1049,0.09,2,0.52,0.48,0.360,0.008
cam-007,camera,1.10,63.4,97631,2.61,12,0.60,0.38,0.076,0.024
sensor-12,sensor,0.58,3.9,2431,0.12,3,0.92,0.07,0.246,0.010
router-17,router,0.99,33.0,68391,1.77,6,0.71,0.26,0.151,0.029
nvr-04,nvr,0.97,23.4,46819,1.64,6,0.71,0.27,0.160,0.016
access-ctrl-01,access_controller,0.65,11.4,11402,0.49,3,0.82,0.15,0.214,0.014
thermostat-13,thermostat,0.80,7.6,4611,0.27,4,0.70,0.28,0.207,0.014
plug-19,smart_plug,0.39,2.2,722,0.14,2,0.52,0.47,0.368,0.014
cam-001,camera,1.12,52.7,96174,2.71,13,0.61,0.37,0.116,0.031
sensor-27,sensor,0.56,3.8,1884,0.20,1,0.78,0.20,0.255,0.006
router-20,router,0.83,31.6,69572,1.62,11,0.60,0.37,0.154,0.022
nvr-06,nvr,1.26,26.5,43939,1.64,3,0.80,0.19,0.190,0.012
access-ctrl-03,access_controller,0.68,9.5,9622,0.79,2,0.75,0.22,0.257,0.010
thermostat-16,thermostat,0.68,8.3,5090,0.51,3,0.71,0.29,0.225,0.015
plug-29,smart_plug,0.49,3.1,1571,0.16,2,0.45,0.54,0.362,0.014
cam-004,camera,1.15,44.9,94907,2.60,10,0.58,0.41,0.079,0.032
sensor-27,sensor,0.66,3.5,2156,0.19,1,0.78,0.19,0.306,0.005
router-20,router,1.08,37.0,41391,1.96,6,0.70,0.28,0.159,0.020
nvr-06,nvr,1.06,23.8,36150,1.72,3,0.74,0.23,0.193,0.014
access-ctrl-02,access_controller,0.61,8.8,12509,0.47,4,0.81,0.17,0.264,0.008
thermostat-16,thermostat,0.69,6.1,4419,0.42,3,0.70,0.30,0.227,0.019
plug-14,smart_plug,0.42,2.3,1545,0.05,2,0.49,0.48,0.331,0.015
cam-002,camera,1.15,58.9,69303,1.72,7,0.67,0.32,0.116,0.027
sensor-07,sensor,0.65,5.8,1246,0.22,2,0.84,0.14,0.316,0.006
router-14,router,0.86,34.0,70403,2.01,5,0.62,0.38,0.153,0.021
nvr-06,nvr,1.04,21.6,46458,1.36,6,0.72,0.27,0.175,0.020
access-ctrl-05,access_controller,0.63,11.3,10394,0.71,2,0.80,0.18,0.260,0.010
thermostat-24,thermostat,0.63,6.2,5513,0.45,4,0.67,0.31,0.214,0.017
plug-31,smart_plug,0.44,3.3,1170,0.11,2,0.50,0.48,0.357,0.015
cam-007,camera,1.27,48.9,83796,2.57,13,0.61,0.36,0.094,0.034
sensor-12,sensor,0.65,3.5,1868,0.21,2,0.77,0.23,0.303,0.007
router-20,router,0.74,42.7,41823,1.74,11,0.69,0.29,0.118,0.029
nvr-03,nvr,1.12,29.6,34406,1.41,5,0.70,0.28,0.175,0.018
access-ctrl-04,access_controller,0.68,11.0,12114,0.50,2,0.77,0.21,0.224,0.010
thermostat-16,thermostat,0.68,5.3,5084,0.32,4,0.72,0.27,0.208,0.018
plug-19,smart_plug,0.46,2.1,1753,0.06,1,0.56,0.44,0.315,0.015
cam-004,camera,1.38,44.9,94342,2.49,7,0.68,0.29,0.111,0.025
sensor-07,sensor,0.65,5.5,2073,0.11,3,0.81,0.17,0.303,0.009
router-02,router,0.76,37.6,58254,1.68,7,0.70,0.28,0.136,0.027
nvr-07,nvr,0.92,28.7,54217,1.13,4,0.73,0.24,0.182,0.019
access-ctrl-04,access_controller,0.76,9.2,14652,0.47,2,0.85,0.13,0.245,0.013
thermostat-09,thermostat,0.63,8.2,5443,0.33,3,0.74,0.23,0.222,0.019
plug-25,smart_plug,0.49,3.7,753,0.15,1,0.49,0.51,0.351,0.010
cam-003,camera,1.39,44.6,76002,2.33,7,0.70,0.30,0.111,0.034
sensor-21,sensor,0.65,5.7,1831,0.18,1,0.78,0.19,0.246,0.011
router-14,router,0.79,38.1,49977,1.82,10,0.69,0.31,0.118,0.028
nvr-06,nvr,1.23,21.4,40069,1.16,5,0.80,0.20,0.175,0.019
access-ctrl-02,access_controller,0.64,9.8,9364,0.80,3,0.78,0.20,0.218,0.010
thermostat-16,thermostat,0.72,7.7,4245,0.32,4,0.77,0.22,0.225,0.016
plug-22,smart_plug,0.38,2.8,1659,0.08,1,0.53,0.45,0.353,0.010
cam-007,camera,1.09,65.1,93363,2.61,8,0.63,0.36,0.076,0.036
sensor-18,sensor,0.54,3.1,2718,0.11,1,0.83,0.14,0.304,0.009
router-14,router,0.89,36.8,47599,2.12,7,0.63,0.34,0.159,0.023
nvr-01,nvr,1.13,17.2,47461,1.74,3,0.81,0.18,0.215,0.012
access-ctrl-06,access_controller,0.74,10.6,9427,0.78,3,0.83,0.16,0.259,0.007
thermostat-28,thermostat,0.62,6.3,3539,0.34,3,0.69,0.28,0.237,0.017
plug-22,smart_plug,0.38,3.9,1600,0.17,2,0.46,0.53,0.319,0.013
cam-007,camera,1.45,49.0,91365,2.16,9,0.64,0.34,0.075,0.041
sensor-07,sensor,0.50,5.2,2186,0.19,1,0.87,0.11,0.249,0.011
router-20,router,0.76,37.8,54329,2.01,11,0.68,0.30,0.160,0.017
nvr-03,nvr,0.89,29.1,41593,1.68,5,0.82,0.18,0.166,0.017
access-ctrl-03,access_controller,0.67,7.6,11393,0.54,2,0.77,0.21,0.261,0.013
thermostat-13,thermostat,0.79,7.0,4165,0.47,2,0.67,0.31,0.200,0.014
plug-14,smart_plug,0.49,3.9,1046,0.13,2,0.51,0.47,0.357,0.014
cam-004,camera,1.27,63.7,81851,2.66,12,0.65,0.32,0.114,0.030
sensor-07,sensor,0.57,5.6,1391,0.14,3,0.85,0.13,0.302,0.005
router-20,router,0.98,32.5,62339,1.81,5,0.65,0.34,0.128,0.029
nvr-05,nvr,1.27,21.9,48192,1.73,5,0.80,0.20,0.177,0.020
access-ctrl-07,access_controller,0.78,8.9,14648,0.68,2,0.78,0.22,0.247,0.010
thermostat-13,thermostat,0.69,6.8,4533,0.39,4,0.71,0.28,0.224,0.015
plug-31,smart_plug,0.46,2.2,1666,0.13,2,0.51,0.49,0.366,0.012
cam-005,camera,1.10,46.5,99513,2.89,7,0.69,0.28,0.085,0.038
sensor-21,sensor,0.40,4.0,2461,0.12,2,0.82,0.17,0.313,0.010
router-14,router,1.02,33.1,45856,2.05,5,0.75,0.24,0.125,0.025
nvr-01,nvr,1.16,28.1,37912,1.66,5,0.80,0.20,0.192,0.012
access-ctrl-07,access_controller,0.76,10.3,14289,0.70,3,0.81,0.17,0.236,0.009
thermostat-09,thermostat,0.62,8.1,4421,0.47,3,0.75,0.24,0.201,0.012
plug-19,smart_plug,0.42,3.7,712,0.08,1,0.50,0.48,0.349,0.014
cam-001,camera,1.21,56.5,106107,2.39,8,0.61,0.38,0.103,0.024
sensor-24,sensor,0.45,3.6,1375,0.27,2,0.82,0.16,0.272,0.008
router-20,router,0.88,36.9,46810,1.97,8,0.63,0.35,0.146,0.028
nvr-07,nvr,1.29,21.9,35271,1.64,5,0.74,0.24,0.179,0.011
access-ctrl-01,access_controller,0.59,8.1,11642,0.47,2,0.87,0.10,0.261,0.012
thermostat-13,thermostat,0.77,8.2,5347,0.31,3,0.74,0.23,0.197,0.016
plug-25,smart_plug,0.45,2.7,1355,0.09,2,0.53,0.46,0.362,0.015
cam-006,camera,1.35,61.3,78616,2.03,10,0.56,0.43,0.090,0.029
sensor-21,sensor,0.51,3.1,973,0.17,3,0.85,0.13,0.312,0.008
router-20,router,0.86,31.5,43931,1.86,10,0.60,0.39,0.126,0.022
nvr-02,nvr,1.11,17.7,53596,1.53,5,0.73,0.26,0.214,0.011
access-ctrl-01,access_controller,0.70,8.0,14910,0.65,3,0.82,0.16,0.251,0.009
thermostat-04,thermostat,0.75,6.6,5122,0.48,3,0.77,0.21,0.228,0.016
plug-11,smart_plug,0.43,3.0,1275,0.09,2,0.56,0.43,0.316,0.013
cam-007,camera,1.40,60.2,89520,2.49,10,0.63,0.36,0.083,0.026
sensor-07,sensor,0.45,4.1,1647,0.28,3,0.79,0.20,0.249,0.007
router-20,router,0.81,34.3,45078,1.93,11,0.73,0.27,0.159,0.019
nvr-04,nvr,1.02,29.0,38939,1.23,6,0.72,0.27,0.208,0.013
access-ctrl-02,access_controller,0.65,10.9,12110,0.84,4,0.85,0.15,0.220,0.009
thermostat-13,thermostat,0.81,5.8,4820,0.29,4,0.68,0.29,0.230,0.013
plug-25,smart_plug,0.39,3.1,963,0.14,1,0.49,0.49,0.324,0.012
cam-002,camera,1.05,42.5,107234,1.82,9,0.63,0.35,0.106,0.039
sensor-24,sensor,0.40,3.8,2844,0.14,3,0.86,0.12,0.324,0.005
router-14,router,1.05,27.6,51484,1.74,9,0.69,0.28,0.129,0.028
nvr-04,nvr,1.11,27.9,50286,1.11,4,0.67,0.30,0.196,0.017
access-ctrl-03,access_controller,0.71,7.9,14702,0.66,4,0.82,0.16,0.234,0.008
thermostat-20,thermostat,0.73,5.0,3770,0.28,2,0.76,0.23,0.218,0.017
plug-19,smart_plug,0.41,2.7,784,0.08,1,0.45,0.53,0.310,0.012
cam-002,camera,1.36,50.5,89229,2.19,8,0.67,0.33,0.080,0.035
sensor-07,sensor,0.66,3.5,962,0.08,2,0.90,0.08,0.285,0.008
router-11,router,0.76,31.0,67586,1.85,11,0.64,0.35,0.148,0.023
nvr-01,nvr,1.24,24.3,45123,1.14,5,0.68,0.30,0.179,0.020
access-ctrl-02,access_controller,0.76,7.3,10345,0.86,3,0.83,0.16,0.234,0.008
thermostat-20,thermostat,0.70,4.9,3810,0.29,4,0.76,0.23,0.239,0.016
plug-22,smart_plug,0.34,3.8,1340,0.07,1,0.52,0.48,0.347,0.013
cam-001,camera,1.27,61.8,83871,2.55,14,0.71,0.28,0.084,0.042
sensor-27,sensor,0.65,4.9,966,0.10,2,0.88,0.11,0.294,0.006
router-11,router,1.07,29.3,40164,2.26,6,0.66,0.32,0.118,0.030
nvr-07,nvr,1.23,21.3,56045,1.18,5,0.73,0.26,0.159,0.019
access-ctrl-07,access_controller,0.57,11.1,13184,0.68,2,0.81,0.17,0.250,0.011
thermostat-04,thermostat,0.84,7.7,5032,0.38,4,0.72,0.27,0.223,0.018
plug-29,smart_plug,0.47,3.2,1026,0.07,1,0.49,0.49,0.344,0.010
cam-001,camera,1.39,61.6,99904,2.41,12,0.56,0.44,0.088,0.025
sensor-24,sensor,0.63,5.1,1947,0.18,1,0.77,0.22,0.244,0.005
router-11,router,0.88,29.4,42252,2.33,6,0.73,0.25,0.152,0.026
nvr-01,nvr,1.26,24.7,54413,1.35,3,0.83,0.16,0.195,0.015
access-ctrl-02,access_controller,0.62,9.6,9956,0.86,4,0.79,0.19,0.236,0.008
thermostat-04,thermostat,0.75,7.8,3577,0.28,4,0.75,0.24,0.238,0.012
plug-22,smart_plug,0.48,2.2,1669,0.17,1,0.48,0.50,0.343,0.010
cam-006,camera,1.28,54.4,97333,2.14,12,0.59,0.40,0.087,0.029
sensor-30,sensor,0.52,4.6,2186,0.10,3,0.86,0.11,0.326,0.007
router-08,router,0.81,28.2,41679,2.38,7,0.73,0.26,0.123,0.025
nvr-02,nvr,1.21,22.0,48958,1.74,3,0.83,0.16,0.154,0.016
access-ctrl-04,access_controller,0.60,9.0,10061,0.72,3,0.84,0.15,0.240,0.008
thermostat-20,thermostat,0.70,5.6,5695,0.42,2,0.72,0.28,0.232,0.014
plug-25,smart_plug,0.37,4.0,1667,0.05,2,0.47,0.52,0.366,0.008
cam-002,camera,1.38,42.8,102254,1.95,8,0.70,0.29,0.081,0.028
sensor-12,sensor,0.65,4.4,1357,0.09,1,0.84,0.14,0.253,0.011
router-08,router,0.84,29.1,47721,2.01,10,0.60,0.40,0.128,0.025
nvr-01,nvr,0.91,29.7,53615,1.58,5,0.74,0.25,0.197,0.012
access-ctrl-03,access_controller,0.77,8.0,10735,0.74,3,0.84,0.14,0.214,0.008
thermostat-13,thermostat,0.68,8.2,5246,0.51,4,0.69,0.31,0.230,0.016
plug-11,smart_plug,0.33,2.5,1452,0.13,2,0.53,0.47,0.333,0.013
cam-007,camera,1.11,51.7,100425,2.54,14,0.65,0.33,0.101,0.033
sensor-07,sensor,0.48,3.1,1762,0.08,1,0.89,0.08,0.318,0.009
router-08,router,0.90,42.7,55761,1.84,7,0.70,0.29,0.154,0.019
nvr-02,nvr,1.27,28.1,39984,1.75,6,0.76,0.22,0.199,0.013
access-ctrl-04,access_controller,0.55,11.4,13266,0.82,4,0.82,0.17,0.212,0.012
thermostat-28,thermostat,0.65,6.2,5618,0.36,2,0.73,0.26,0.210,0.018
plug-11,smart_plug,0.42,2.8,948,0.08,1,0.52,0.45,0.367,0.012
cam-007,camera,1.29,47.5,82506,2.44,11,0.66,0.31,0.088,0.040
sensor-27,sensor,0.59,5.6,2199,0.23,1,0.78,0.19,0.316,0.007
router-05,router,0.97,38.2,56802,1.59,9,0.62,0.37,0.122,0.022
nvr-07,nvr,1.09,25.9,34645,1.57,4,0.79,0.21,0.159,0.019
access-ctrl-07,access_controller,0.70,7.7,11450,0.73,2,0.77,0.20,0.238,0.012
thermostat-09,thermostat,0.81,7.0,5633,0.39,2,0.69,0.30,0.195,0.020
plug-14,smart_plug,0.49,3.0,1077,0.16,2,0.47,0.51,0.323,0.008
cam-004,camera,1.16,48.2,85947,1.98,8,0.66,0.34,0.083,0.027
sensor-18,sensor,0.54,3.4,2261,0.21,3,0.92,0.07,0.254,0.006
router-11,router,0.97,28.1,45195,1.73,6,0.61,0.38,0.124,0.015
nvr-02,nvr,1.14,27.3,39215,1.23,5,0.72,0.27,0.165,0.017
access-ctrl-02,access_controller,0.61,9.0,10232,0.60,4,0.80,0.18,0.227,0.011
thermostat-04,thermostat,0.67,5.6,3712,0.44,4,0.73,0.26,0.228,0.019
plug-14,smart_plug,0.38,2.4,1678,0.10,2,0.46,0.52,0.313,0.008
cam-001,camera,1.41,50.1,75002,2.13,11,0.58,0.40,0.116,0.032
sensor-21,sensor,0.55,3.0,1394,0.16,2,0.86,0.13,0.326,0.009
router-11,router,0.74,25.8,68519,1.94,9,0.64,0.34,0.124,0.030
nvr-04,nvr,1.16,26.7,40711,1.77,4,0.78,0.20,0.166,0.020
access-ctrl-06,access_controller,0.76,10.0,14980,0.64,2,0.78,0.19,0.249,0.008
thermostat-13,thermostat,0.62,7.3,4382,0.39,3,0.76,0.22,0.216,0.015
plug-31,smart_plug,0.48,2.9,906,0.14,1,0.44,0.55,0.347,0.010
cam-002,camera,1.24,61.5,69588,2.06,11,0.59,0.41,0.109,0.032
sensor-27,sensor,0.43,5.8,989,0.19,1,0.87,0.11,0.312,0.011
router-14,router,0.86,42.1,61883,2.32,9,0.70,0.29,0.135,0.026
nvr-01,nvr,1.07,21.9,50807,1.32,4,0.83,0.15,0.181,0.018
access-ctrl-03,access_controller,0.67,11.0,8930,0.79,4,0.78,0.21,0.221,0.009
thermostat-13,thermostat,0.64,6.2,3632,0.46,2,0.70,0.29,0.229,0.012
plug-11,smart_plug,0.46,2.2,869,0.16,1,0.49,0.50,0.344,0.011
cam-004,camera,1.33,54.0,79123,2.10,8,0.62,0.36,0.081,0.027
sensor-21,sensor,0.48,3.0,2648,0.27,1,0.78,0.19,0.289,0.010
router-20,router,0.75,27.6,67434,2.32,11,0.74,0.25,0.129,0.024
nvr-04,nvr,1.03,17.2,48786,1.43,4,0.74,0.25,0.211,0.018
access-ctrl-04,access_controller,0.60,9.8,11599,0.65,4,0.86,0.12,0.240,0.008
thermostat-20,thermostat,0.64,7.4,3732,0.46,3,0.73,0.26,0.221,0.017
plug-25,smart_plug,0.45,2.6,1351,0.16,2,0.47,0.51,0.354,0.010
cam-002,camera,1.30,65.6,85760,2.69,7,0.65,0.34,0.086,0.026
sensor-27,sensor,0.48,5.6,1462,0.26,3,0.84,0.14,0.291,0.009
router-17,router,1.03,38.1,52058,1.77,10,0.73,0.25,0.144,0.027
nvr-06,nvr,1.11,23.6,51388,1.30,5,0.71,0.27,0.177,0.012
access-ctrl-07,access_controller,0.63,11.5,10777,0.79,4,0.79,0.21,0.259,0.013
thermostat-20,thermostat,0.84,5.0,4043,0.35,4,0.72,0.26,0.219,0.011
plug-14,smart_plug,0.42,3.3,803,0.09,1,0.55,0.45,0.307,0.013
cam-002,camera,1.08,47.0,88371,2.19,9,0.71,0.29,0.078,0.037
sensor-07,sensor,0.41,3.6,2548,0.16,2,0.91,0.09,0.239,0.006
router-05,router,1.06,32.6,69847,1.88,8,0.60,0.39,0.146,0.023
nvr-07,nvr,1.09,30.0,45408,1.73,6,0.77,0.23,0.206,0.012
access-ctrl-01,access_controller,0.65,9.1,12800,0.60,3,0.77,0.20,0.251,0.010
thermostat-09,thermostat,0.77,6.0,5179,0.39,4,0.73,0.25,0.214,0.017
plug-14,smart_plug,0.39,2.7,830,0.07,1,0.52,0.48,0.333,0.010
cam-006,camera,1.30,49.7,96749,1.84,13,0.65,0.33,0.114,0.039
sensor-18,sensor,0.58,3.1,1629,0.21,2,0.84,0.15,0.296,0.010
router-14,router,1.01,25.2,64819,1.85,7,0.69,0.30,0.147,0.015
nvr-05,nvr,1.26,23.0,41406,1.69,3,0.74,0.25,0.189,0.018
access-ctrl-03,access_controller,0.71,11.5,10694,0.77,4,0.76,0.23,0.220,0.007
thermostat-13,thermostat,0.75,6.4,5101,0.50,2,0.66,0.33,0.199,0.019
plug-29,smart_plug,0.49,2.1,1482,0.09,1,0.49,0.51,0.332,0.012
cam-004,camera,1.44,57.8,105231,2.16,7,0.71,0.29,0.081,0.027
sensor-18,sensor,0.62,4.0,1064,0.08,2,0.84,0.15,0.258,0.008
router-08,router,0.96,33.2,49856,1.83,6,0.60,0.37,0.156,0.022
nvr-03,nvr,1.08,23.6,40036,1.09,3,0.79,0.20,0.155,0.020
access-ctrl-02,access_controller,0.58,7.5,10393,0.64,2,0.87,0.11,0.257,0.008
thermostat-28,thermostat,0.62,7.4,5348,0.50,4,0.77,0.22,0.232,0.017
plug-19,smart_plug,0.35,4.1,1679,0.09,2,0.56,0.42,0.341,0.012
cam-001,camera,1.14,52.5,75797,2.94,9,0.57,0.43,0.083,0.041
sensor-18,sensor,0.64,5.7,2765,0.24,1,0.91,0.06,0.267,0.005
router-20,router,0.99,33.4,57848,1.65,6,0.65,0.34,0.150,0.027
nvr-06,nvr,1.22,26.8,51248,1.53,4,0.70,0.28,0.171,0.016
access-ctrl-06,access_controller,0.57,9.2,14901,0.73,2,0.84,0.14,0.263,0.011
thermostat-24,thermostat,0.77,8.3,5782,0.40,3,0.66,0.32,0.200,0.019
plug-19,smart_plug,0.49,2.8,1212,0.17,1,0.54,0.44,0.352,0.010
cam-005,camera,1.46,46.7,98628,2.81,9,0.62,0.37,0.104,0.030
sensor-21,sensor,0.42,5.7,1594,0.13,3,0.86,0.13,0.320,0.011
router-14,router,0.93,28.2,51273,2.10,8,0.69,0.30,0.143,0.019
nvr-06,nvr,1.28,24.4,42754,1.10,6,0.72,0.25,0.173,0.016
access-ctrl-03,access_controller,0.68,7.9,9628,0.77,3,0.81,0.16,0.240,0.013
thermostat-04,thermostat,0.66,6.7,4018,0.38,4,0.76,0.23,0.213,0.016
plug-22,smart_plug,0.50,3.6,1325,0.13,1,0.53,0.46,0.315,0.010
cam-006,camera,1.39,52.8,80499,2.39,14,0.71,0.29,0.108,0.042
sensor-18,sensor,0.59,2.8,1222,0.28,1,0.88,0.11,0.253,0.011
router-08,router,0.80,31.8,48794,1.86,7,0.68,0.30,0.122,0.028
nvr-05,nvr,1.19,23.0,40743,1.50,5,0.80,0.18,0.168,0.016
access-ctrl-03,access_controller,0.69,7.7,14577,0.79,2,0.81,0.17,0.237,0.010
thermostat-04,thermostat,0.77,7.7,4613,0.44,2,0.73,0.25,0.224,0.015
plug-11,smart_plug,0.40,3.5,1750,0.08,1,0.50,0.47,0.360,0.011
cam-003,camera,1.32,59.0,78610,2.19,14,0.59,0.41,0.079,0.030
sensor-21,sensor,0.52,5.7,2293,0.07,1,0.89,0.11,0.298,0.008
router-14,router,0.80,39.5,50606,2.18,8,0.65,0.33,0.150,0.026
nvr-02,nvr,1.18,22.0,48064,1.59,3,0.83,0.14,0.200,0.011
access-ctrl-04,access_controller,0.68,9.0,14838,0.54,3,0.88,0.10,0.257,0.007
thermostat-28,thermostat,0.75,8.1,4503,0.33,4,0.74,0.24,0.206,0.020
plug-31,smart_plug,0.41,2.8,1439,0.09,2,0.45,0.54,0.340,0.010
cam-005,camera,1.06,62.7,96804,2.39,9,0.70,0.30,0.096,0.025
sensor-21,sensor,0.41,3.3,2079,0.26,3,0.78,0.20,0.283,0.008
router-08,router,1.08,31.9,59302,1.89,6,0.74,0.23,0.138,0.018
nvr-03,nvr,0.90,23.4,52763,1.53,4,0.67,0.31,0.167,0.015
access-ctrl-07,access_controller,0.56,11.8,9046,0.79,2,0.80,0.18,0.241,0.008
thermostat-13,thermostat,0.76,5.6,4157,0.44,4,0.75,0.23,0.201,0.018
plug-31,smart_plug,0.37,3.7,1443,0.08,1,0.51,0.47,0.367,0.010
cam-006,camera,1.39,63.2,75578,2.78,10,0.60,0.40,0.114,0.030
sensor-07,sensor,0.62,4.1,2381,0.11,3,0.83,0.14,0.276,0.010
router-20,router,1.03,25.8,47390,2.31,10,0.65,0.35,0.148,0.026
nvr-01,nvr,1.20,16.8,41022,1.69,6,0.80,0.19,0.205,0.021
access-ctrl-03,access_controller,0.72,9.9,10627,0.59,4,0.83,0.14,0.221,0.013
thermostat-20,thermostat,0.78,6.1,3530,0.30,2,0.69,0.28,0.237,0.015
plug-22,smart_plug,0.37,3.2,856,0.07,2,0.48,0.50,0.330,0.008
cam-004,camera,1.32,53.1,95616,2.81,10,0.57,0.43,0.115,0.042
sensor-12,sensor,0.44,4.4,2586,0.17,1,0.89,0.11,0.256,0.010
router-05,router,1.02,33.9,49115,2.05,5,0.67,0.30,0.122,0.016
nvr-04,nvr,0.95,23.7,36985,1.22,6,0.71,0.28,0.163,0.012
access-ctrl-07,access_controller,0.61,10.4,10055,0.62,4,0.76,0.22,0.264,0.009
thermostat-20,thermostat,0.67,5.8,5851,0.40,4,0.75,0.24,0.215,0.012
plug-14,smart_plug,0.35,2.7,964,0.06,1,0.46,0.52,0.363,0.009
cam-004,camera,1.31,66.0,79572,2.13,7,0.65,0.35,0.102,0.043
sensor-24,sensor,0.56,4.4,2365,0.23,3,0.92,0.07,0.281,0.006
router-20,router,0.84,39.3,45615,2.29,7,0.75,0.23,0.161,0.017
nvr-05,nvr,1.14,19.3,55810,1.66,5,0.71,0.28,0.209,0.020
access-ctrl-02,access_controller,0.55,10.6,13567,0.71,4,0.84,0.16,0.251,0.011
thermostat-24,thermostat,0.67,5.6,5537,0.30,4,0.72,0.27,0.237,0.015
plug-14,smart_plug,0.48,2.2,822,0.12,1,0.53,0.47,0.332,0.010
cam-001,camera,1.47,55.6,87723,2.71,10,0.59,0.38,0.088,0.031
sensor-18,sensor,0.44,5.7,2562,0.20,3,0.82,0.17,0.255,0.006
router-20,router,1.00,29.0,43091,2.17,10,0.68,0.31,0.120,0.016
nvr-05,nvr,0.86,29.3,39588,1.59,6,0.76,0.23,0.173,0.011
access-ctrl-02,access_controller,0.64,7.8,10866,0.76,4,0.77,0.22,0.244,0.008
thermostat-09,thermostat,0.67,7.9,5432,0.46,4,0.74,0.24,0.214,0.013
plug-31,smart_plug,0.39,4.1,1368,0.11,2,0.53,0.47,0.349,0.012
cam-001,camera,1.45,50.5,97560,2.62,9,0.67,0.31,0.102,0.042
sensor-18,sensor,0.51,4.9,1852,0.18,3,0.85,0.15,0.277,0.011
router-05,router,0.96,27.5,40880,1.64,7,0.73,0.27,0.114,0.027
nvr-01,nvr,1.01,23.3,49271,1.16,6,0.80,0.18,0.213,0.016
access-ctrl-01,access_controller,0.74,8.9,13583,0.77,4,0.80,0.19,0.223,0.012
thermostat-16,thermostat,0.75,7.5,4231,0.27,3,0.74,0.24,0.207,0.011
plug-25,smart_plug,0.35,3.5,1670,0.13,2,0.45,0.52,0.360,0.009
cam-005,camera,1.46,42.2,90374,2.09,7,0.60,0.38,0.081,0.027
sensor-07,sensor,0.42,4.2,1441,0.27,2,0.81,0.16,0.268,0.010
router-08,router,0.84,44.8,58402,2.08,8,0.69,0.30,0.142,0.030
nvr-04,nvr,0.96,27.2,53259,1.53,4,0.67,0.33,0.164,0.016
access-ctrl-07,access_controller,0.64,8.7,11153,0.71,2,0.87,0.13,0.239,0.009
thermostat-16,thermostat,0.71,7.5,5856,0.37,3,0.73,0.25,0.237,0.020
plug-29,smart_plug,0.36,3.1,1221,0.11,2,0.52,0.46,0.335,0.010
cam-004,camera,1.34,65.8,76215,2.35,11,0.70,0.29,0.096,0.029
sensor-21,sensor,0.55,3.7,1874,0.26,2,0.90,0.09,0.239,0.011
router-17,router,1.03,25.4,54657,2.37,9,0.70,0.30,0.150,0.024
nvr-07,nvr,0.87,28.6,56345,1.14,6,0.80,0.18,0.211,0.018
access-ctrl-03,access_controller,0.73,12.0,13048,0.55,4,0.80,0.19,0.238,0.010
thermostat-20,thermostat,0.87,7.0,3753,0.31,2,0.69,0.28,0.217,0.011
plug-22,smart_plug,0.43,2.9,965,0.11,2,0.55,0.43,0.362,0.014
cam-004,camera,1.10,52.2,102614,1.80,12,0.57,0.41,0.079,0.040
sensor-21,sensor,0.41,3.2,2071,0.09,1,0.84,0.14,0.278,0.007
router-02,router,1.00,26.7,46796,1.67,11,0.72,0.28,0.138,0.020
nvr-07,nvr,1.28,20.8,50722,1.36,6,0.74,0.24,0.159,0.016
access-ctrl-04,access_controller,0.77,7.9,12878,0.84,3,0.82,0.17,0.221,0.007
thermostat-20,thermostat,0.68,6.5,4432,0.50,2,0.72,0.26,0.218,0.017
plug-11,smart_plug,0.46,2.0,1258,0.15,2,0.52,0.46,0.354,0.014
cam-002,camera,1.32,50.8,107066,2.22,9,0.62,0.36,0.102,0.040
sensor-07,sensor,0.55,5.7,2224,0.19,2,0.83,0.16,0.246,0.005
router-17,router,0.73,25.4,53351,1.64,6,0.66,0.32,0.160,0.029
nvr-02,nvr,0.88,27.2,40172,1.32,4,0.77,0.21,0.203,0.015
access-ctrl-07,access_controller,0.73,10.1,14284,0.65,4,0.82,0.16,0.227,0.009
thermostat-16,thermostat,0.81,5.5,5211,0.33,2,0.74,0.24,0.217,0.014
plug-31,smart_plug,0.50,2.8,1624,0.07,2,0.52,0.48,0.340,0.010
cam-005,camera,1.26,47.7,106361,2.15,8,0.68,0.30,0.098,0.032
sensor-18,sensor,0.62,5.4,2397,0.10,3,0.84,0.15,0.309,0.004
router-11,router,0.92,35.4,51331,2.29,6,0.60,0.37,0.156,0.028
nvr-01,nvr,1.27,24.0,45965,1.13,3,0.78,0.19,0.205,0.011
access-ctrl-02,access_controller,0.60,9.4,13399,0.73,2,0.83,0.15,0.217,0.009
thermostat-24,thermostat,0.85,7.8,3694,0.37,2,0.73,0.26,0.215,0.019
plug-31,smart_plug,0.41,3.3,872,0.05,2,0.53,0.47,0.366,0.010
cam-007,camera,1.08,42.8,78020,1.71,13,0.57,0.40,0.111,0.042
sensor-30,sensor,0.66,5.5,1160,0.27,2,0.84,0.15,0.319,0.008
router-14,router,0.81,28.3,52698,2.13,7,0.73,0.24,0.114,0.024
nvr-04,nvr,1.15,21.6,34394,1.65,4,0.78,0.21,0.199,0.016
access-ctrl-06,access_controller,0.65,9.1,12850,0.87,3,0.78,0.21,0.262,0.008
thermostat-16,thermostat,0.83,6.7,5827,0.37,3,0.69,0.31,0.201,0.019
plug-11,smart_plug,0.48,4.1,1375,0.10,2,0.48,0.51,0.337,0.011
cam-003,camera,1.05,63.5,81741,2.33,12,0.67,0.32,0.113,0.043
sensor-24,sensor,0.46,3.3,2301,0.14,1,0.93,0.05,0.325,0.008
router-20,router,0.82,39.7,54060,1.82,9,0.60,0.39,0.138,0.029
nvr-06,nvr,1.08,19.5,40537,1.30,5,0.82,0.17,0.196,0.018
access-ctrl-02,access_controller,0.57,8.2,10230,0.72,4,0.85,0.12,0.212,0.014
thermostat-09,thermostat,0.82,6.4,3532,0.50,2,0.74,0.26,0.195,0.014
plug-14,smart_plug,0.43,2.8,1066,0.12,1,0.54,0.45,0.342,0.009
cam-002,camera,1.15,52.7,100723,2.40,10,0.61,0.37,0.112,0.027
sensor-18,sensor,0.43,4.3,2213,0.27,2,0.85,0.13,0.264,0.011
router-14,router,1.04,32.1,61587,1.84,8,0.66,0.32,0.133,0.021
nvr-06,nvr,0.91,24.7,57720,1.18,6,0.68,0.32,0.212,0.011
access-ctrl-06,access_controller,0.63,10.9,9645,0.73,3,0.77,0.22,0.244,0.008
thermostat-24,thermostat,0.80,6.2,5014,0.39,2,0.73,0.25,0.220,0.017
plug-11,smart_plug,0.35,3.1,703,0.10,1,0.55,0.44,0.310,0.011
cam-005,camera,1.09,43.5,76634,2.45,7,0.60,0.38,0.078,0.024
sensor-12,sensor,0.56,3.4,2411,0.12,1,0.83,0.16,0.306,0.011
router-17,router,0.94,25.9,58952,2.27,9,0.60,0.38,0.133,0.025
nvr-03,nvr,1.23,26.9,33852,1.43,4,0.83,0.17,0.180,0.017
access-ctrl-05,access_controller,0.56,10.8,13083,0.49,3,0.79,0.19,0.219,0.011
thermostat-04,thermostat,0.67,5.3,4886,0.31,2,0.66,0.34,0.211,0.018
plug-19,smart_plug,0.43,2.4,1062,0.09,1,0.52,0.47,0.348,0.010
cam-003,camera,1.28,59.7,87690,2.24,14,0.59,0.39,0.108,0.029
sensor-30,sensor,0.57,3.4,2108,0.21,3,0.89,0.10,0.314,0.011
router-05,router,0.75,30.5,68201,2.25,11,0.63,0.37,0.134,0.015
nvr-06,nvr,1.22,18.1,39873,1.08,3,0.74,0.24,0.206,0.016
access-ctrl-06,access_controller,0.69,10.0,11388,0.58,2,0.82,0.17,0.254,0.009
thermostat-24,thermostat,0.77,8.2,3582,0.44,2,0.71,0.29,0.220,0.017
plug-14,smart_plug,0.34,3.6,1396,0.16,2,0.55,0.43,0.329,0.011
cam-006,camera,1.12,46.0,81853,2.16,9,0.56,0.42,0.096,0.043
sensor-24,sensor,0.59,5.8,2397,0.25,3,0.90,0.08,0.256,0.005
router-05,router,0.79,44.4,62420,1.63,10,0.69,0.30,0.126,0.022
nvr-07,nvr,1.02,20.4,32341,1.53,3,0.81,0.18,0.211,0.012
access-ctrl-07,access_controller,0.66,10.6,9916,0.53,4,0.80,0.17,0.216,0.008
thermostat-20,thermostat,0.84,7.7,5458,0.31,4,0.76,0.24,0.237,0.016
plug-19,smart_plug,0.39,2.2,716,0.08,2,0.52,0.46,0.333,0.014
cam-002,camera,1.06,43.4,102514,2.50,11,0.69,0.29,0.105,0.037
sensor-24,sensor,0.48,5.5,1329,0.12,3,0.92,0.07,0.241,0.004
router-11,router,0.92,30.2,65274,1.67,10,0.66,0.32,0.147,0.017
nvr-06,nvr,0.93,24.7,39032,1.78,6,0.77,0.20,0.214,0.018
access-ctrl-05,access_controller,0.55,9.6,9783,0.88,3,0.87,0.12,0.215,0.011
thermostat-09,thermostat,0.85,5.4,4844,0.39,4,0.74,0.26,0.209,0.012
plug-25,smart_plug,0.40,4.0,1390,0.06,2,0.53,0.47,0.306,0.011
cam-001,camera,1.06,61.9,89603,2.17,12,0.58,0.41,0.105,0.026
sensor-30,sensor,0.41,5.1,1224,0.11,1,0.84,0.15,0.245,0.008
router-08,router,0.88,34.7,63527,1.68,9,0.65,0.34,0.153,0.019
nvr-07,nvr,1.14,16.4,41227,1.53,5,0.71,0.26,0.216,0.019
access-ctrl-04,access_controller,0.77,11.9,11263,0.73,3,0.88,0.12,0.222,0.008
thermostat-28,thermostat,0.76,7.5,4122,0.38,3,0.70,0.28,0.197,0.012
plug-31,smart_plug,0.46,2.1,1598,0.13,1,0.55,0.43,0.357,0.009
cam-005,camera,1.45,64.7,98584,1.91,12,0.56,0.44,0.098,0.031
sensor-27,sensor,0.56,3.6,2156,0.18,3,0.79,0.19,0.284,0.007
router-08,router,0.73,28.0,69324,2.00,11,0.69,0.29,0.152,0.018
nvr-04,nvr,0.98,21.9,55159,1.21,4,0.81,0.17,0.179,0.018
access-ctrl-03,access_controller,0.70,8.3,11968,0.61,3,0.81,0.18,0.261,0.014
thermostat-16,thermostat,0.86,7.2,3882,0.32,3,0.66,0.32,0.194,0.019
plug-11,smart_plug,0.34,3.4,853,0.09,2,0.46,0.53,0.335,0.012
cam-004,camera,1.34,64.6,107749,1.75,10,0.63,0.36,0.113,0.027
sensor-18,sensor,0.67,4.0,1182,0.20,1,0.78,0.21,0.254,0.011
router-14,router,0.97,42.6,56988,2.13,6,0.72,0.27,0.131,0.027
nvr-04,nvr,1.13,23.3,53436,1.20,5,0.81,0.16,0.190,0.020
access-ctrl-04,access_controller,0.78,12.0,8995,0.52,3,0.87,0.10,0.251,0.014
thermostat-13,thermostat,0.74,5.0,4349,0.33,2,0.75,0.23,0.217,0.012
plug-11,smart_plug,0.38,3.5,807,0.08,2,0.50,0.48,0.316,0.014
cam-003,camera,1.17,46.7,95153,2.02,9,0.68,0.30,0.086,0.030
sensor-07,sensor,0.46,4.3,1450,0.26,2,0.79,0.20,0.280,0.010
router-17,router,0.99,42.8,41892,2.27,8,0.61,0.38,0.151,0.030
nvr-03,nvr,1.08,27.7,45687,1.30,5,0.80,0.17,0.159,0.018
access-ctrl-04,access_controller,0.75,11.4,11154,0.74,4,0.82,0.16,0.221,0.008
thermostat-04,thermostat,0.76,7.0,4220,0.44,3,0.73,0.25,0.239,0.017
plug-22,smart_plug,0.41,3.9,1074,0.05,2,0.51,0.46,0.311,0.011
cam-002,camera,1.25,43.5,71437,2.41,9,0.59,0.39,0.083,0.042
sensor-30,sensor,0.53,4.1,2665,0.08,2,0.88,0.10,0.268,0.004
router-14,router,0.94,25.5,71139,2.03,7,0.65,0.32,0.120,0.026
nvr-02,nvr,1.17,28.8,39192,1.58,3,0.67,0.31,0.161,0.021
access-ctrl-06,access_controller,0.73,11.3,11335,0.55,3,0.84,0.15,0.262,0.013
thermostat-20,thermostat,0.72,7.1,3869,0.29,2,0.69,0.29,0.237,0.018
plug-31,smart_plug,0.43,2.1,1430,0.11,2,0.50,0.49,0.364,0.009
cam-006,camera,1.26,46.7,82124,2.71,10,0.70,0.28,0.097,0.041
sensor-30,sensor,0.64,5.9,2861,0.22,1,0.90,0.08,0.253,0.009
router-05,router,1.07,32.5,57218,1.62,6,0.68,0.30,0.123,0.029
nvr-01,nvr,1.22,19.3,58564,1.50,4,0.74,0.25,0.166,0.019
access-ctrl-03,access_controller,0.78,10.0,12322,0.51,4,0.88,0.11,0.244,0.008
thermostat-28,thermostat,0.88,8.0,5532,0.41,3,0.67,0.33,0.224,0.017
plug-11,smart_plug,0.36,2.1,1709,0.08,2,0.50,0.49,0.318,0.012
cam-006,camera,1.38,54.2,100067,1.99,10,0.70,0.28,0.109,0.035
sensor-18,sensor,0.45,4.5,1368,0.21,2,0.88,0.12,0.247,0.006
router-08,router,0.75,36.2,71336,1.90,9,0.70,0.29,0.137,0.030
nvr-03,nvr,0.93,17.4,45336,1.59,6,0.76,0.22,0.178,0.020
access-ctrl-07,access_controller,0.77,7.4,10111,0.49,2,0.84,0.16,0.229,0.008
thermostat-24,thermostat,0.73,5.8,5207,0.27,3,0.69,0.29,0.218,0.016
plug-19,smart_plug,0.44,2.8,1332,0.10,1,0.52,0.47,0.341,0.014
cam-004,camera,1.20,54.3,72300,2.59,7,0.69,0.30,0.086,0.024
sensor-24,sensor,0.63,5.1,1656,0.11,1,0.93,0.05,0.285,0.005
router-17,router,0.92,27.4,49262,2.16,5,0.72,0.28,0.118,0.016
nvr-07,nvr,0.92,29.5,58752,1.54,4,0.69,0.28,0.202,0.020
access-ctrl-04,access_controller,0.55,7.9,10148,0.78,4,0.82,0.18,0.248,0.008
thermostat-13,thermostat,0.80,7.5,5371,0.47,3,0.66,0.34,0.218,0.017
plug-14,smart_plug,0.42,2.9,1466,0.08,1,0.52,0.48,0.306,0.009
cam-002,camera,1.24,52.0,83991,2.42,11,0.70,0.28,0.087,0.035
sensor-30,sensor,0.44,5.8,1653,0.17,1,0.85,0.12,0.257,0.010
router-11,router,0.81,36.1,48881,2.05,6,0.66,0.32,0.143,0.017
nvr-04,nvr,0.91,26.2,42386,1.41,6,0.73,0.26,0.204,0.020
access-ctrl-06,access_controller,0.55,7.5,9059,0.77,3,0.80,0.17,0.251,0.011
thermostat-28,thermostat,0.87,7.7,4082,0.40,4,0.70,0.30,0.238,0.018
plug-22,smart_plug,0.47,2.2,1422,0.06,2,0.53,0.45,0.311,0.013
cam-007,camera,1.23,53.0,93803,2.38,8,0.72,0.27,0.097,0.031
sensor-12,sensor,0.49,3.3,2646,0.14,3,0.84,0.13,0.305,0.009
router-17,router,0.92,39.1,65324,1.73,10,0.64,0.36,0.122,0.023
nvr-07,nvr,0.96,29.2,47899,1.40,4,0.71,0.29,0.213,0.015
access-ctrl-02,access_controller,0.65,10.7,12437,0.77,4,0.82,0.16,0.223,0.007
thermostat-04,thermostat,0.86,6.1,4311,0.39,2,0.69,0.29,0.226,0.017
plug-11,smart_plug,0.37,3.5,1332,0.15,1,0.55,0.45,0.363,0.015
cam-006,camera,1.17,57.9,103753,1.76,11,0.69,0.30,0.102,0.039
sensor-21,sensor,0.44,3.0,1032,0.07,1,0.90,0.09,0.252,0.007
router-17,router,1.04,34.8,44309,2.37,8,0.64,0.35,0.157,0.030
nvr-03,nvr,0.98,21.7,36611,1.09,6,0.78,0.21,0.163,0.016
access-ctrl-02,access_controller,0.69,11.5,9555,0.58,4,0.76,0.23,0.247,0.010
thermostat-04,thermostat,0.84,5.1,5082,0.28,2,0.67,0.30,0.195,0.020
plug-29,smart_plug,0.37,3.5,737,0.11,1,0.50,0.48,0.320,0.011
cam-001,camera,1.43,45.4,97821,2.00,10,0.67,0.30,0.085,0.034
sensor-21,sensor,0.51,5.2,1569,0.13,1,0.90,0.10,0.250,0.012
router-17,router,0.74,43.8,43559,2.33,7,0.66,0.31,0.138,0.030
nvr-07,nvr,1.13,27.6,43493,1.62,5,0.75,0.24,0.162,0.020
access-ctrl-06,access_controller,0.73,8.1,9689,0.84,4,0.84,0.14,0.230,0.012
thermostat-16,thermostat,0.83,5.8,5463,0.35,3,0.69,0.29,0.213,0.015
plug-14,smart_plug,0.49,2.8,728,0.15,1,0.48,0.51,0.314,0.010
cam-004,camera,1.33,44.4,93071,2.72,14,0.64,0.35,0.094,0.032
sensor-24,sensor,0.62,5.7,1243,0.26,1,0.90,0.08,0.321,0.012
router-20,router,0.93,29.3,62005,1.92,8,0.71,0.27,0.148,0.016
nvr-03,nvr,0.88,21.5,50302,1.77,3,0.77,0.22,0.162,0.016
access-ctrl-03,access_controller,0.69,9.4,10569,0.74,3,0.79,0.18,0.253,0.012
thermostat-13,thermostat,0.68,6.8,4148,0.39,4,0.67,0.32,0.213,0.014
plug-14,smart_plug,0.33,3.3,1131,0.07,1,0.48,0.50,0.340,0.014
cam-006,camera,1.31,46.8,73434,1.95,11,0.68,0.31,0.092,0.030
sensor-07,sensor,0.52,5.5,2084,0.27,1,0.89,0.10,0.259,0.011
router-02,router,1.00,41.3,42704,2.33,8,0.60,0.39,0.117,0.020
nvr-05,nvr,1.26,25.4,53788,1.60,5,0.80,0.20,0.186,0.017
access-ctrl-04,access_controller,0.77,8.3,9044,0.50,4,0.76,0.21,0.211,0.011
thermostat-04,thermostat,0.86,7.7,5058,0.40,3,0.65,0.34,0.215,0.019
plug-19,smart_plug,0.46,2.4,1179,0.14,2,0.53,0.46,0.353,0.008
cam-004,camera,1.36,45.2,69937,1.91,12,0.68,0.29,0.082,0.025
sensor-21,sensor,0.61,4.8,995,0.15,3,0.86,0.12,0.241,0.005
router-17,router,0.74,40.0,64740,1.67,5,0.70,0.28,0.131,0.022
nvr-01,nvr,1.03,21.6,38962,1.23,6,0.83,0.15,0.211,0.016
access-ctrl-02,access_controller,0.77,11.7,9113,0.60,2,0.84,0.15,0.247,0.012
thermostat-04,thermostat,0.77,6.2,5663,0.47,2,0.68,0.32,0.228,0.018
plug-11,smart_plug,0.38,4.0,1193,0.14,2,0.50,0.47,0.318,0.014
cam-003,camera,1.30,48.6,91043,1.98,11,0.68,0.30,0.077,0.024
sensor-27,sensor,0.43,3.6,1441,0.21,2,0.87,0.12,0.297,0.010
router-14,router,0.81,29.8,48649,2.40,5,0.74,0.25,0.133,0.021
nvr-04,nvr,1.07,25.6,39519,1.22,6,0.83,0.14,0.185,0.017
access-ctrl-01,access_controller,0.75,8.2,14223,0.61,3,0.75,0.25,0.247,0.007
thermostat-09,thermostat,0.62,7.8,4901,0.28,4,0.71,0.27,0.198,0.012
plug-29,smart_plug,0.49,3.7,1441,0.16,2,0.45,0.54,0.311,0.014
cam-006,camera,1.46,59.0,104318,1.91,7,0.72,0.26,0.076,0.032
sensor-12,sensor,0.66,2.7,2379,0.09,2,0.92,0.07,0.294,0.012
router-20,router,0.80,44.5,65397,1.94,6,0.69,0.30,0.114,0.023
nvr-02,nvr,0.91,25.6,57955,1.73,4,0.69,0.30,0.200,0.012
access-ctrl-03,access_controller,0.64,12.1,11013,0.53,4,0.82,0.18,0.237,0.008
thermostat-20,thermostat,0.72,7.8,5290,0.27,4,0.75,0.23,0.204,0.015
plug-31,smart_plug,0.40,3.1,1724,0.11,2,0.53,0.46,0.323,0.012
cam-004,camera,1.19,50.0,92879,2.24,9,0.70,0.29,0.107,0.040
sensor-18,sensor,0.50,5.4,2820,0.10,2,0.78,0.19,0.306,0.005
router-17,router,0.85,38.2,72059,1.74,8,0.65,0.33,0.141,0.024
nvr-06,nvr,1.08,23.4,36355,1.37,5,0.74,0.25,0.194,0.019
access-ctrl-06,access_controller,0.78,8.3,13502,0.70,4,0.82,0.18,0.263,0.008
thermostat-09,thermostat,0.76,6.0,4265,0.39,2,0.72,0.25,0.211,0.012
plug-25,smart_plug,0.35,2.1,770,0.12,2,0.56,0.41,0.354,0.010
cam-006,camera,1.33,47.4,70544,2.84,11,0.65,0.33,0.104,0.042
sensor-07,sensor,0.44,4.0,2184,0.19,3,0.82,0.17,0.280,0.009
router-08,router,1.00,44.6,50461,2.33,8,0.64,0.34,0.158,0.026
nvr-04,nvr,1.21,20.2,34661,1.42,4,0.72,0.28,0.212,0.016
access-ctrl-03,access_controller,0.55,9.4,14877,0.61,2,0.81,0.18,0.230,0.013
thermostat-24,thermostat,0.75,5.2,5670,0.48,4,0.73,0.25,0.237,0.015
plug-22,smart_plug,0.36,3.5,710,0.11,1,0.53,0.45,0.333,0.008
cam-007,camera,1.19,57.9,81393,2.76,10,0.57,0.43,0.114,0.025
sensor-21,sensor,0.50,5.2,2448,0.24,2,0.86,0.11,0.240,0.006
router-02,router,1.02,44.5,40818,1.91,6,0.68,0.30,0.130,0.028
nvr-01,nvr,1.16,27.2,43707,1.72,5,0.69,0.30,0.192,0.011
access-ctrl-03,access_controller,0.59,11.0,9730,0.55,2,0.86,0.12,0.257,0.012
thermostat-13,thermostat,0.66,6.4,5433,0.47,4,0.65,0.35,0.205,0.014
plug-29,smart_plug,0.47,3.0,1694,0.07,1,0.52,0.47,0.321,0.013
cam-004,camera,1.11,50.4,75482,2.45,11,0.62,0.35,0.101,0.041
sensor-30,sensor,0.59,5.1,2428,0.27,3,0.86,0.12,0.313,0.009
router-20,router,0.91,33.4,64024,2.16,5,0.59,0.40,0.131,0.023
nvr-05,nvr,1.15,16.9,58310,1.26,5,0.80,0.17,0.180,0.020
access-ctrl-01,access_controller,0.70,8.2,10618,0.81,4,0.79,0.19,0.254,0.011
thermostat-09,thermostat,0.84,6.5,5375,0.46,4,0.71,0.28,0.227,0.016
plug-11,smart_plug,0.46,3.3,1200,0.06,2,0.47,0.51,0.366,0.012
cam-006,camera,1.45,58.2,89343,2.15,10,0.57,0.43,0.093,0.043
sensor-07,sensor,0.43,2.7,1742,0.08,2,0.92,0.05,0.311,0.007
router-11,router,0.89,43.0,56907,1.91,5,0.60,0.38,0.155,0.030
nvr-07,nvr,1.21,28.9,40250,1.75,4,0.71,0.27,0.209,0.020
access-ctrl-07,access_controller,0.66,9.2,9543,0.52,2,0.86,0.13,0.258,0.008
thermostat-24,thermostat,0.74,5.1,4676,0.40,2,0.73,0.26,0.210,0.019
plug-19,smart_plug,0.40,2.2,1644,0.10,1,0.46,0.54,0.329,0.015
cam-002,camera,1.14,56.2,87820,1.82,7,0.67,0.31,0.102,0.040
sensor-24,sensor,0.62,5.4,2653,0.12,3,0.79,0.21,0.299,0.008
router-11,router,0.92,34.0,59246,1.83,7,0.64,0.35,0.150,0.016
nvr-06,nvr,0.96,24.5,43392,1.58,5,0.76,0.22,0.194,0.020
access-ctrl-06,access_controller,0.61,10.7,9081,0.52,4,0.86,0.13,0.229,0.010
thermostat-28,thermostat,0.80,6.3,4192,0.43,4,0.70,0.29,0.227,0.012
plug-11,smart_plug,0.47,3.2,1368,0.08,1,0.45,0.53,0.308,0.012
cam-006,camera,1.42,53.1,86682,2.04,12,0.59,0.41,0.110,0.030
sensor-27,sensor,0.57,4.6,1566,0.18,1,0.87,0.11,0.240,0.010
router-02,router,1.05,28.2,52549,2.31,5,0.65,0.34,0.146,0.018
nvr-07,nvr,1.03,18.5,33868,1.66,3,0.68,0.31,0.187,0.012
access-ctrl-03,access_controller,0.62,10.8,10295,0.52,2,0.87,0.13,0.242,0.009
thermostat-04,thermostat,0.75,7.5,4877,0.45,4,0.72,0.28,0.208,0.018
plug-31,smart_plug,0.42,3.5,1528,0.13,1,0.49,0.48,0.339,0.012
cam-006,camera,1.26,59.9,79111,2.33,8,0.59,0.39,0.091,0.032
sensor-30,sensor,0.56,5.8,983,0.13,3,0.83,0.16,0.253,0.005
router-08,router,1.03,34.7,69292,2.05,7,0.66,0.33,0.120,0.026
nvr-04,nvr,1.09,18.4,49071,1.08,6,0.68,0.32,0.171,0.016
access-ctrl-06,access_controller,0.66,9.4,12850,0.73,3,0.80,0.19,0.241,0.008
thermostat-20,thermostat,0.81,8.3,4373,0.30,2,0.66,0.34,0.235,0.015
plug-19,smart_plug,0.35,2.3,1496,0.08,1,0.46,0.53,0.343,0.011
cam-005,camera,1.41,55.1,87844,2.46,8,0.62,0.36,0.101,0.028
sensor-27,sensor,0.55,4.8,2344,0.09,1,0.77,0.20,0.316,0.006
router-05,router,0.89,37.1,68275,2.33,7,0.72,0.25,0.140,0.031
nvr-07,nvr,1.10,24.0,36180,1.48,6,0.70,0.28,0.191,0.020
access-ctrl-03,access_controller,0.77,8.6,11339,0.81,3,0.85,0.15,0.213,0.009
thermostat-20,thermostat,0.73,6.5,4602,0.40,3,0.66,0.32,0.236,0.014
plug-22,smart_plug,0.44,3.4,727,0.12,2,0.44,0.54,0.342,0.013
cam-004,camera,1.17,60.3,92956,2.19,10,0.60,0.37,0.077,0.030
sensor-24,sensor,0.49,4.4,1387,0.16,3,0.87,0.12,0.264,0.008
router-02,router,1.04,38.5,59657,1.67,8,0.71,0.28,0.141,0.028
nvr-06,nvr,1.17,23.0,45476,1.40,5,0.68,0.31,0.186,0.013
access-ctrl-04,access_controller,0.60,11.1,8879,0.87,2,0.85,0.12,0.242,0.012
thermostat-24,thermostat,0.87,5.9,3706,0.41,4,0.76,0.23,0.199,0.019
plug-25,smart_plug,0.50,4.1,1262,0.10,2,0.50,0.47,0.353,0.013
cam-004,camera,1.40,56.6,105019,1.87,7,0.65,0.34,0.098,0.026
sensor-27,sensor,0.41,5.7,2507,0.08,1,0.91,0.07,0.275,0.008
router-11,router,0.82,41.3,56105,1.82,11,0.61,0.39,0.147,0.019
nvr-01,nvr,0.94,20.3,56509,1.72,4,0.75,0.24,0.168,0.011
access-ctrl-01,access_controller,0.75,7.5,14888,0.66,3,0.86,0.12,0.259,0.007
thermostat-28,thermostat,0.88,6.5,3896,0.37,4,0.74,0.24,0.215,0.013
plug-22,smart_plug,0.42,2.5,868,0.11,1,0.51,0.48,0.311,0.010
cam-005,camera,1.17,61.0,82164,2.86,7,0.68,0.31,0.098,0.029
sensor-24,sensor,0.45,3.2,1826,0.20,3,0.90,0.08,0.306,0.007
router-05,router,0.89,28.1,53724,1.95,11,0.69,0.30,0.137,0.017
nvr-03,nvr,0.88,27.7,39123,1.48,5,0.78,0.20,0.174,0.018
access-ctrl-04,access_controller,0.57,11.5,12045,0.83,3,0.83,0.17,0.265,0.013
thermostat-28,thermostat,0.73,6.3,5814,0.36,3,0.74,0.26,0.227,0.016
plug-22,smart_plug,0.36,3.9,972,0.11,2,0.51,0.46,0.346,0.015
cam-003,camera,1.16,56.6,77100,2.84,14,0.59,0.41,0.104,0.032
sensor-21,sensor,0.47,3.1,2798,0.14,2,0.81,0.17,0.259,0.012
router-20,router,0.77,28.0,52125,2.29,5,0.66,0.32,0.119,0.023
nvr-02,nvr,0.92,21.2,52817,1.75,5,0.79,0.21,0.172,0.021
access-ctrl-01,access_controller,0.67,8.8,12413,0.55,3,0.84,0.14,0.247,0.011
thermostat-28,thermostat,0.81,7.6,4268,0.40,4,0.68,0.29,0.213,0.012
plug-31,smart_plug,0.48,3.8,1734,0.16,2,0.49,0.50,0.343,0.014
cam-002,camera,1.28,61.1,95720,2.17,9,0.67,0.32,0.100,0.040
sensor-18,sensor,0.55,4.0,1520,0.14,2,0.79,0.20,0.289,0.011
router-14,router,1.06,31.5,53694,2.33,9,0.68,0.31,0.141,0.019
nvr-02,nvr,1.17,19.0,42464,1.16,4,0.79,0.19,0.176,0.015
access-ctrl-06,access_controller,0.71,10.0,13743,0.64,2,0.87,0.11,0.246,0.014
thermostat-16,thermostat,0.69,6.5,4305,0.44,4,0.71,0.27,0.216,0.016
plug-22,smart_plug,0.50,2.4,1027,0.11,1,0.52,0.48,0.331,0.014
cam-005,camera,1.11,65.4,88724,1.80,13,0.58,0.40,0.085,0.035
sensor-12,sensor,0.55,4.9,1532,0.20,3,0.85,0.13,0.293,0.006
router-02,router,0.81,27.6,55844,2.39,8,0.64,0.34,0.152,0.024
nvr-06,nvr,1.06,28.6,44452,1.58,6,0.83,0.15,0.154,0.018
access-ctrl-07,access_controller,0.73,11.0,9692,0.54,2,0.78,0.21,0.233,0.009
thermostat-24,thermostat,0.63,7.6,4888,0.27,3,0.77,0.21,0.210,0.016
plug-14,smart_plug,0.50,3.2,1518,0.17,1,0.45,0.52,0.321,0.014
cam-002,camera,1.44,60.6,96747,2.23,10,0.66,0.34,0.094,0.039
sensor-21,sensor,0.46,5.2,2448,0.18,2,0.86,0.12,0.240,0.009
router-17,router,0.98,28.2,58385,1.95,5,0.62,0.36,0.115,0.024
nvr-06,nvr,1.11,18.1,50427,1.45,6,0.79,0.21,0.206,0.020
access-ctrl-03,access_controller,0.78,10.4,10782,0.64,3,0.86,0.14,0.227,0.007
thermostat-28,thermostat,0.76,6.9,5540,0.41,4,0.68,0.32,0.223,0.014
plug-31,smart_plug,0.50,2.7,1119,0.10,2,0.49,0.50,0.343,0.012
cam-007,camera,1.07,48.8,73062,1.77,9,0.64,0.33,0.106,0.037
sensor-07,sensor,0.64,2.6,2757,0.13,3,0.82,0.16,0.288,0.009
router-05,router,0.89,38.2,59011,1.72,5,0.62,0.37,0.156,0.028
nvr-01,nvr,1.28,25.7,57881,1.47,5,0.71,0.28,0.199,0.019
access-ctrl-02,access_controller,0.56,7.6,10373,0.82,2,0.87,0.10,0.215,0.007
thermostat-24,thermostat,0.62,5.6,5876,0.34,4,0.73,0.26,0.220,0.014
plug-25,smart_plug,0.40,3.1,750,0.10,2,0.51,0.46,0.350,0.012
cam-006,camera,1.34,56.9,69652,2.88,11,0.70,0.28,0.095,0.033
sensor-18,sensor,0.66,3.8,2099,0.27,3,0.82,0.17,0.309,0.006
router-08,router,0.94,35.3,71349,2.22,6,0.66,0.33,0.161,0.018
nvr-06,nvr,1.24,27.0,50526,1.54,6,0.68,0.30,0.204,0.016
access-ctrl-06,access_controller,0.66,9.0,9642,0.79,3,0.78,0.19,0.225,0.009
thermostat-28,thermostat,0.70,5.0,3687,0.38,4,0.71,0.28,0.241,0.020
plug-29,smart_plug,0.42,4.1,837,0.12,2,0.48,0.51,0.365,0.015
cam-001,camera,1.21,54.4,102785,1.74,8,0.68,0.32,0.082,0.035
sensor-21,sensor,0.61,4.5,2267,0.22,1,0.81,0.19,0.264,0.011
router-17,router,0.83,29.4,54986,2.25,11,0.72,0.25,0.131,0.024
nvr-06,nvr,1.07,21.5,39912,1.58,5,0.79,0.21,0.176,0.020
access-ctrl-02,access_controller,0.75,11.2,14311,0.68,3,0.78,0.22,0.242,0.014
thermostat-16,thermostat,0.69,7.8,5798,0.48,4,0.77,0.23,0.222,0.019
plug-29,smart_plug,0.37,2.3,1749,0.14,2,0.54,0.44,0.334,0.012
cam-003,camera,1.28,43.5,90266,2.07,14,0.65,0.34,0.097,0.029
sensor-18,sensor,0.53,3.9,2133,0.17,2,0.92,0.05,0.291,0.009
router-11,router,1.02,29.3,49847,2.12,9,0.64,0.34,0.144,0.018
nvr-02,nvr,1.23,24.8,44253,1.34,6,0.81,0.18,0.166,0.011
access-ctrl-03,access_controller,0.72,9.0,10174,0.85,4,0.82,0.17,0.241,0.011
thermostat-16,thermostat,0.67,5.9,4188,0.32,2,0.65,0.33,0.234,0.019
plug-14,smart_plug,0.47,3.1,1183,0.05,1,0.45,0.55,0.349,0.013
cam-001,camera,1.12,49.1,70365,1.88,7,0.72,0.25,0.105,0.024
sensor-12,sensor,0.60,5.3,2571,0.12,3,0.88,0.10,0.292,0.005
router-11,router,0.83,41.2,40402,2.04,6,0.66,0.32,0.157,0.028
nvr-01,nvr,1.19,22.0,41466,1.47,5,0.71,0.29,0.160,0.015
access-ctrl-04,access_controller,0.60,8.5,15010,0.82,3,0.79,0.20,0.245,0.013
thermostat-28,thermostat,0.83,7.3,5531,0.45,3,0.75,0.23,0.219,0.015
plug-19,smart_plug,0.50,2.7,1376,0.15,1,0.48,0.51,0.360,0.012
cam-006,camera,1.41,54.2,70958,2.82,13,0.63,0.35,0.087,0.040
sensor-07,sensor,0.40,5.0,2148,0.16,1,0.83,0.16,0.317,0.007
router-20,router,1.00,33.7,51189,2.02,9,0.66,0.33,0.141,0.020
nvr-03,nvr,1.17,28.6,41362,1.34,3,0.74,0.23,0.174,0.016
access-ctrl-04,access_controller,0.70,8.0,9809,0.60,2,0.83,0.16,0.214,0.013
thermostat-24,thermostat,0.81,7.3,3850,0.35,3,0.65,0.35,0.216,0.015
plug-11,smart_plug,0.39,4.1,1029,0.08,2,0.47,0.51,0.326,0.015
cam-002,camera,1.44,52.6,107783,1.93,7,0.70,0.28,0.089,0.029
sensor-27,sensor,0.51,4.3,1975,0.07,3,0.84,0.15,0.259,0.008
router-11,router,1.03,38.9,69064,1.92,11,0.65,0.35,0.115,0.031
nvr-02,nvr,1.09,16.6,33914,1.22,4,0.79,0.20,0.204,0.010
access-ctrl-02,access_controller,0.71,10.4,9848,0.73,4,0.83,0.15,0.264,0.010
thermostat-16,thermostat,0.63,5.5,4586,0.45,3,0.77,0.23,0.231,0.014
plug-31,smart_plug,0.38,3.2,762,0.16,2,0.49,0.51,0.335,0.010
cam-006,camera,1.39,53.9,94061,2.09,12,0.67,0.33,0.101,0.038
sensor-07,sensor,0.53,5.4,2483,0.28,2,0.78,0.21,0.304,0.005
router-11,router,1.05,30.9,49541,2.38,5,0.72,0.25,0.156,0.031
nvr-02,nvr,1.01,27.8,39581,1.59,4,0.79,0.21,0.195,0.016
access-ctrl-05,access_controller,0.69,10.3,11704,0.63,3,0.76,0.24,0.264,0.009
thermostat-09,thermostat,0.70,8.1,3991,0.44,4,0.74,0.26,0.217,0.018
plug-14,smart_plug,0.37,3.6,789,0.15,1,0.51,0.49,0.318,0.011
cam-002,camera,1.28,54.8,90014,1.92,10,0.70,0.29,0.115,0.027
sensor-30,sensor,0.42,5.2,1686,0.27,2,0.81,0.18,0.307,0.006
router-08,router,0.83,41.0,51509,1.87,6,0.70,0.27,0.153,0.027
nvr-06,nvr,1.00,23.7,45715,1.45,6,0.73,0.27,0.212,0.019
access-ctrl-01,access_controller,0.77,10.3,9228,0.49,4,0.87,0.11,0.261,0.009
thermostat-28,thermostat,0.79,5.8,5210,0.40,4,0.76,0.21,0.206,0.014
plug-31,smart_plug,0.51,3.4,1080,0.17,2,0.45,0.52,0.338,0.011
cam-001,camera,1.06,51.9,70333,2.45,13,0.56,0.43,0.082,0.027
sensor-24,sensor,0.40,3.7,1126,0.23,2,0.90,0.08,0.292,0.006
router-08,router,0.98,31.4,67771,1.83,8,0.73,0.27,0.150,0.026
nvr-01,nvr,1.21,25.8,47800,1.77,6,0.79,0.19,0.197,0.012
access-ctrl-05,access_controller,0.68,8.5,11182,0.58,3,0.77,0.22,0.253,0.009
thermostat-04,thermostat,0.69,5.9,5083,0.36,4,0.75,0.23,0.237,0.013
plug-22,smart_plug,0.50,2.6,1078,0.08,2,0.51,0.49,0.338,0.010
cam-007,camera,1.46,61.1,69820,1.73,10,0.68,0.30,0.105,0.037
sensor-12,sensor,0.52,2.7,1353,0.17,3,0.92,0.07,0.266,0.005
router-02,router,0.79,36.3,43957,1.68,8,0.72,0.26,0.120,0.027
nvr-03,nvr,1.12,20.7,38157,1.59,4,0.67,0.31,0.163,0.015
access-ctrl-04,access_controller,0.63,9.1,9975,0.58,2,0.86,0.13,0.259,0.008
thermostat-28,thermostat,0.87,6.9,5632,0.30,3,0.76,0.24,0.216,0.012
plug-19,smart_plug,0.50,2.8,1666,0.13,1,0.46,0.53,0.315,0.013
cam-003,camera,1.39,49.1,81513,2.15,13,0.57,0.42,0.083,0.036
sensor-30,sensor,0.51,4.7,1304,0.07,1,0.91,0.06,0.252,0.010
router-02,router,0.89,38.2,54326,1.60,8,0.66,0.34,0.152,0.025
nvr-05,nvr,1.18,20.1,34803,1.59,4,0.79,0.19,0.172,0.017
access-ctrl-03,access_controller,0.77,10.2,11146,0.82,4,0.81,0.19,0.216,0.012
thermostat-04,thermostat,0.69,5.4,5734,0.47,3,0.69,0.30,0.199,0.014
plug-22,smart_plug,0.35,2.5,921,0.15,1,0.51,0.47,0.362,0.012
cam-007,camera,1.07,48.4,85823,2.00,11,0.59,0.38,0.082,0.033
sensor-27,sensor,0.45,4.0,1818,0.16,3,0.92,0.08,0.318,0.006
router-14,router,0.87,41.3,42900,2.01,5,0.70,0.27,0.126,0.030
nvr-01,nvr,1.14,28.7,52933,1.29,6,0.83,0.15,0.158,0.018
access-ctrl-07,access_controller,0.71,7.7,14322,0.87,4,0.86,0.11,0.235,0.012
thermostat-28,thermostat,0.68,5.8,4964,0.29,3,0.73,0.27,0.226,0.011
plug-22,smart_plug,0.41,4.2,1426,0.13,2,0.53,0.44,0.314,0.013
cam-006,camera,1.39,43.7,102611,2.65,11,0.62,0.37,0.087,0.041
sensor-12,sensor,0.49,3.0,1895,0.08,2,0.89,0.08,0.246,0.006
router-14,router,1.00,36.6,40181,2.17,11,0.69,0.30,0.139,0.022
nvr-01,nvr,1.22,23.9,51480,1.63,3,0.78,0.19,0.177,0.016
access-ctrl-07,access_controller,0.65,8.4,8889,0.87,3,0.78,0.19,0.225,0.011
thermostat-16,thermostat,0.64,6.2,4726,0.48,2,0.67,0.31,0.211,0.013
plug-25,smart_plug,0.47,3.6,707,0.16,1,0.54,0.46,0.357,0.011
cam-001,camera,1.12,45.5,92568,1.88,12,0.60,0.39,0.078,0.036
sensor-12,sensor,0.42,3.8,1547,0.17,3,0.89,0.09,0.263,0.005
router-11,router,0.93,35.1,63099,1.73,8,0.63,0.34,0.143,0.018
nvr-06,nvr,1.14,22.7,35027,1.35,6,0.82,0.15,0.173,0.012
access-ctrl-04,access_controller,0.62,10.4,15002,0.52,2,0.78,0.21,0.262,0.013
thermostat-28,thermostat,0.87,7.3,4522,0.33,4,0.65,0.35,0.204,0.012
plug-25,smart_plug,0.36,3.6,991,0.08,2,0.46,0.51,0.347,0.013
cam-004,camera,1.39,58.5,101339,2.72,12,0.62,0.35,0.087,0.038
sensor-21,sensor,0.49,4.2,1946,0.16,1,0.81,0.16,0.294,0.006
router-05,router,0.84,41.6,40966,2.15,5,0.71,0.29,0.133,0.024
nvr-01,nvr,1.21,22.6,33504,1.76,5,0.70,0.28,0.207,0.014
access-ctrl-01,access_controller,0.73,7.6,12994,0.56,2,0.81,0.18,0.264,0.013
thermostat-24,thermostat,0.82,8.2,5235,0.37,2,0.71,0.27,0.232,0.012
plug-14,smart_plug,0.47,3.0,1243,0.11,1,0.44,0.54,0.330,0.012
cam-005,camera,1.27,54.3,79697,2.19,8,0.66,0.32,0.088,0.028
sensor-07,sensor,0.58,4.8,2479,0.17,2,0.86,0.13,0.269,0.006
router-11,router,0.96,35.4,40220,2.18,5,0.73,0.27,0.119,0.027
nvr-03,nvr,1.15,16.7,51823,1.54,3,0.70,0.29,0.185,0.019
access-ctrl-06,access_controller,0.78,8.2,12083,0.48,3,0.77,0.21,0.257,0.009
thermostat-13,thermostat,0.82,8.0,4043,0.49,3,0.74,0.26,0.195,0.018
plug-31,smart_plug,0.51,2.6,1145,0.09,2,0.48,0.50,0.363,0.011
cam-002,camera,1.12,59.8,68506,1.76,14,0.67,0.31,0.079,0.032
sensor-12,sensor,0.46,4.1,2550,0.28,2,0.89,0.08,0.243,0.007
router-11,router,0.78,44.6,58709,1.98,6,0.69,0.29,0.119,0.018
nvr-03,nvr,1.08,21.7,35254,1.66,3,0.77,0.22,0.175,0.015
access-ctrl-04,access_controller,0.56,9.9,10317,0.65,3,0.83,0.16,0.236,0.008
thermostat-13,thermostat,0.66,6.2,4525,0.30,3,0.71,0.28,0.212,0.018
plug-31,smart_plug,0.43,2.4,1051,0.07,1,0.46,0.54,0.325,0.012
cam-007,camera,1.14,47.4,102649,1.76,13,0.57,0.40,0.090,0.031
sensor-24,sensor,0.63,3.5,1102,0.21,3,0.78,0.20,0.315,0.007
router-20,router,0.76,40.1,64084,1.71,9,0.61,0.37,0.139,0.027
nvr-05,nvr,1.19,17.2,57288,1.44,6,0.73,0.26,0.182,0.013
access-ctrl-01,access_controller,0.65,7.4,14620,0.75,4,0.88,0.11,0.236,0.013
thermostat-28,thermostat,0.75,5.1,3839,0.37,4,0.71,0.27,0.219,0.012
plug-25,smart_plug,0.40,3.4,1494,0.15,2,0.55,0.44,0.336,0.010
cam-005,camera,1.08,47.0,76258,2.84,8,0.56,0.42,0.074,0.033
sensor-30,sensor,0.47,4.9,1907,0.08,1,0.92,0.06,0.249,0.008
router-17,router,0.77,25.7,53523,1.83,6,0.74,0.25,0.143,0.019
nvr-07,nvr,1.03,21.7,45156,1.49,6,0.75,0.23,0.207,0.019
access-ctrl-06,access_controller,0.78,10.0,12444,0.67,2,0.79,0.19,0.223,0.011
thermostat-13,thermostat,0.76,7.6,5605,0.46,4,0.75,0.23,0.241,0.011
plug-22,smart_plug,0.48,2.2,873,0.14,2,0.52,0.45,0.311,0.010
cam-006,camera,1.25,50.6,78493,2.00,12,0.60,0.38,0.112,0.036
sensor-18,sensor,0.65,4.0,2320,0.15,2,0.81,0.17,0.295,0.007
router-20,router,0.91,28.9,62564,2.03,5,0.66,0.32,0.142,0.031
nvr-01,nvr,1.13,30.0,47271,1.61,3,0.71,0.29,0.197,0.012
access-ctrl-07,access_controller,0.79,9.8,12431,0.53,3,0.84,0.15,0.217,0.009
thermostat-24,thermostat,0.66,8.2,5211,0.30,4,0.74,0.25,0.238,0.014
plug-29,smart_plug,0.44,4.0,1728,0.11,2,0.47,0.50,0.334,0.015
cam-007,camera,1.06,46.6,99236,2.21,10,0.69,0.28,0.105,0.026
sensor-07,sensor,0.67,4.6,2170,0.19,3,0.83,0.14,0.246,0.007
router-20,router,1.04,31.1,58997,2.30,10,0.70,0.28,0.121,0.027
nvr-05,nvr,1.16,28.9,37257,1.24,6,0.75,0.23,0.192,0.011
access-ctrl-07,access_controller,0.63,7.3,12065,0.58,3,0.86,0.13,0.215,0.010
thermostat-13,thermostat,0.62,5.4,3684,0.31,4,0.74,0.25,0.222,0.018
plug-19,smart_plug,0.42,3.7,1701,0.15,2,0.53,0.47,0.318,0.008
cam-005,camera,1.30,62.8,99250,2.81,8,0.64,0.33,0.113,0.029
sensor-27,sensor,0.60,4.2,1216,0.16,1,0.88,0.11,0.307,0.005
router-02,router,0.87,41.3,70534,1.95,5,0.73,0.25,0.145,0.026
nvr-01,nvr,0.89,27.0,58874,1.34,6,0.71,0.27,0.196,0.013
access-ctrl-01,access_controller,0.65,7.9,10395,0.72,4,0.79,0.20,0.253,0.007
thermostat-20,thermostat,0.66,7.0,3885,0.50,4,0.75,0.22,0.206,0.015
plug-22,smart_plug,0.35,4.1,858,0.14,2,0.51,0.48,0.333,0.011
cam-007,camera,1.24,49.6,99853,2.16,10,0.69,0.29,0.095,0.032
sensor-12,sensor,0.42,3.6,2377,0.14,1,0.79,0.18,0.292,0.012
router-17,router,0.96,25.9,59498,1.75,8,0.65,0.34,0.143,0.025
nvr-07,nvr,0.98,24.9,52092,1.18,4,0.80,0.18,0.213,0.012
access-ctrl-02,access_controller,0.64,11.0,10555,0.70,2,0.87,0.11,0.232,0.012
thermostat-04,thermostat,0.66,6.9,4559,0.31,4,0.69,0.30,0.204,0.012
plug-11,smart_plug,0.35,2.2,830,0.15,1,0.55,0.44,0.364,0.008
cam-003,camera,1.20,57.6,87048,2.12,13,0.61,0.38,0.090,0.032
sensor-21,sensor,0.46,3.2,1042,0.15,3,0.79,0.20,0.238,0.008
router-20,router,0.89,30.5,64363,2.40,10,0.72,0.26,0.120,0.018
nvr-04,nvr,0.90,23.3,55955,1.48,6,0.83,0.17,0.164,0.014
access-ctrl-07,access_controller,0.63,10.1,12071,0.67,4,0.86,0.12,0.252,0.008
thermostat-20,thermostat,0.71,5.4,4092,0.37,3,0.75,0.22,0.202,0.016
plug-29,smart_plug,0.37,3.3,844,0.15,1,0.51,0.46,0.354,0.012
cam-003,camera,1.38,56.7,68358,2.62,14,0.60,0.39,0.080,0.031
sensor-18,sensor,0.57,3.0,1712,0.11,2,0.88,0.10,0.268,0.008
router-17,router,0.77,32.6,59961,2.26,11,0.64,0.34,0.126,0.022
nvr-05,nvr,1.13,16.4,50308,1.29,6,0.70,0.29,0.174,0.015
access-ctrl-06,access_controller,0.68,7.8,12872,0.72,3,0.88,0.11,0.240,0.012
thermostat-20,thermostat,0.69,5.1,4478,0.36,4,0.73,0.26,0.230,0.014
plug-14,smart_plug,0.34,3.1,780,0.15,1,0.46,0.52,0.333,0.010
cam-003,camera,1.39,50.0,84428,2.33,14,0.63,0.36,0.112,0.029
sensor-24,sensor,0.47,3.8,1621,0.09,3,0.77,0.21,0.307,0.008
router-17,router,0.85,43.5,41970,1.75,5,0.74,0.23,0.121,0.021
nvr-04,nvr,1.19,29.0,54087,1.38,6,0.72,0.28,0.171,0.018
access-ctrl-04,access_controller,0.62,7.3,13776,0.76,4,0.83,0.15,0.231,0.014
thermostat-20,thermostat,0.69,5.2,5158,0.28,4,0.68,0.32,0.200,0.017
plug-25,smart_plug,0.42,4.0,1625,0.15,2,0.47,0.53,0.351,0.013
cam-001,camera,1.13,53.0,104840,1.83,11,0.61,0.36,0.107,0.036
sensor-30,sensor,0.59,4.6,1417,0.07,2,0.85,0.13,0.277,0.007
router-02,router,0.74,44.8,45327,2.27,5,0.63,0.35,0.135,0.015
nvr-01,nvr,1.09,23.3,46992,1.35,5,0.68,0.30,0.171,0.016
access-ctrl-05,access_controller,0.57,8.4,14543,0.62,3,0.80,0.18,0.245,0.012
thermostat-09,thermostat,0.63,4.9,3978,0.38,4,0.66,0.34,0.220,0.016
plug-31,smart_plug,0.51,3.0,1348,0.08,1,0.48,0.52,0.311,0.008
cam-005,camera,1.48,42.7,77680,1.71,8,0.69,0.29,0.101,0.040
sensor-24,sensor,0.61,5.8,1908,0.13,3,0.86,0.12,0.243,0.011
router-14,router,1.04,32.1,58003,2.13,10,0.71,0.28,0.154,0.023
nvr-07,nvr,1.06,20.5,53486,1.75,6,0.81,0.18,0.179,0.018
access-ctrl-05,access_controller,0.60,10.0,12596,0.78,2,0.87,0.11,0.245,0.008
thermostat-09,thermostat,0.86,5.3,3849,0.38,4,0.67,0.30,0.200,0.017
plug-25,smart_plug,0.34,3.7,883,0.14,2,0.45,0.52,0.333,0.012
cam-001,camera,1.14,59.9,104052,2.92,7,0.66,0.33,0.082,0.028
sensor-18,sensor,0.61,2.7,1215,0.27,2,0.82,0.16,0.303,0.006
router-17,router,0.92,42.3,65949,1.74,7,0.61,0.37,0.160,0.022
nvr-06,nvr,1.12,23.9,38872,1.63,5,0.68,0.32,0.197,0.018
access-ctrl-02,access_controller,0.78,7.8,10494,0.78,4,0.78,0.20,0.261,0.008
thermostat-20,thermostat,0.73,8.4,4869,0.50,2,0.76,0.21,0.215,0.013
plug-14,smart_plug,0.50,2.3,1137,0.16,2,0.46,0.53,0.359,0.015
cam-003,camera,1.19,46.6,73884,2.65,11,0.64,0.36,0.076,0.042
sensor-07,sensor,0.44,4.7,2111,0.24,3,0.80,0.18,0.243,0.011
router-08,router,0.89,35.1,43878,1.71,10,0.69,0.31,0.150,0.022
nvr-03,nvr,0.93,24.4,42729,1.09,4,0.82,0.15,0.210,0.021
access-ctrl-01,access_controller,0.65,7.8,11136,0.51,4,0.78,0.21,0.225,0.012
thermostat-16,thermostat,0.67,5.1,3668,0.46,2,0.75,0.23,0.198,0.012
plug-29,smart_plug,0.34,3.9,1337,0.09,2,0.51,0.47,0.316,0.013
cam-003,camera,1.45,65.4,91547,1.96,7,0.58,0.41,0.082,0.036
sensor-21,sensor,0.61,3.8,1968,0.27,3,0.92,0.05,0.298,0.011
router-17,router,0.93,34.7,68500,2.09,6,0.67,0.30,0.140,0.021
nvr-02,nvr,1.02,29.9,46380,1.43,4,0.77,0.23,0.153,0.021
access-ctrl-04,access_controller,0.76,9.6,11627,0.51,2,0.86,0.13,0.254,0.011
thermostat-16,thermostat,0.75,7.2,4406,0.31,4,0.71,0.27,0.210,0.012
plug-25,smart_plug,0.51,2.4,844,0.13,2,0.52,0.46,0.354,0.014
cam-004,camera,1.37,61.4,68734,1.99,14,0.57,0.41,0.113,0.029
sensor-27,sensor,0.58,3.1,1793,0.20,1,0.89,0.10,0.277,0.006
router-14,router,0.78,40.1,65822,2.21,10,0.64,0.35,0.135,0.019
nvr-06,nvr,1.02,18.6,45799,1.49,3,0.78,0.19,0.209,0.011
access-ctrl-03,access_controller,0.64,10.2,14084,0.82,4,0.84,0.16,0.243,0.012
thermostat-20,thermostat,0.65,5.0,4812,0.50,2,0.77,0.20,0.203,0.014
plug-14,smart_plug,0.49,2.1,712,0.16,2,0.54,0.46,0.359,0.008
cam-001,camera,1.36,43.5,71405,2.01,14,0.68,0.30,0.103,0.026
sensor-24,sensor,0.47,5.9,2779,0.24,2,0.89,0.09,0.267,0.006
router-11,router,0.77,34.4,68155,1.67,6,0.69,0.30,0.135,0.016
nvr-01,nvr,1.19,21.8,34792,1.19,5,0.75,0.24,0.152,0.019
access-ctrl-03,access_controller,0.77,9.2,11490,0.67,2,0.88,0.10,0.255,0.009
thermostat-24,thermostat,0.68,7.9,5830,0.45,4,0.72,0.25,0.234,0.012
plug-25,smart_plug,0.41,2.3,1078,0.14,2,0.47,0.51,0.328,0.010
cam-002,camera,1.21,43.5,86813,2.72,8,0.60,0.37,0.075,0.030
sensor-07,sensor,0.65,5.8,2296,0.17,1,0.82,0.18,0.268,0.005
router-17,router,0.84,29.1,62932,1.89,5,0.68,0.31,0.160,0.028
nvr-03,nvr,1.07,23.3,46126,1.37,6,0.78,0.21,0.161,0.013
access-ctrl-05,access_controller,0.78,12.1,13123,0.60,4,0.84,0.15,0.249,0.007
thermostat-24,thermostat,0.76,6.7,4214,0.36,2,0.75,0.24,0.235,0.019
plug-29,smart_plug,0.47,4.1,1737,0.12,2,0.54,0.44,0.352,0.011
cam-001,camera,1.36,49.9,78247,2.78,8,0.71,0.27,0.101,0.024
sensor-21,sensor,0.56,3.6,1060,0.14,3,0.79,0.18,0.298,0.006
router-14,router,0.80,43.0,61978,1.96,8,0.65,0.34,0.136,0.022
nvr-05,nvr,1.26,29.3,58240,1.40,3,0.71,0.27,0.169,0.011
access-ctrl-01,access_controller,0.78,11.8,14795,0.61,4,0.76,0.23,0.212,0.009
thermostat-04,thermostat,0.80,6.8,5129,0.27,4,0.67,0.32,0.218,0.013
plug-19,smart_plug,0.33,3.3,726,0.15,1,0.55,0.45,0.315,0.011
cam-007,camera,1.46,65.9,86243,2.57,14,0.72,0.26,0.111,0.024
sensor-24,sensor,0.50,2.7,2247,0.23,3,0.83,0.16,0.299,0.005
router-05,router,0.95,27.9,62581,2.14,9,0.67,0.30,0.132,0.028
nvr-03,nvr,1.09,19.4,35866,1.12,3,0.74,0.24,0.184,0.021
access-ctrl-07,access_controller,0.73,11.5,12178,0.48,4,0.85,0.13,0.213,0.012
thermostat-20,thermostat,0.70,6.2,5762,0.28,2,0.69,0.29,0.196,0.019
plug-11,smart_plug,0.43,2.9,967,0.11,1,0.47,0.53,0.359,0.012
cam-005,camera,1.10,63.4,96095,2.59,7,0.59,0.38,0.098,0.041
sensor-21,sensor,0.55,3.2,1761,0.13,1,0.88,0.11,0.321,0.011
router-02,router,0.76,32.9,41780,2.19,6,0.65,0.32,0.134,0.031
nvr-03,nvr,1.18,20.3,39536,1.46,5,0.73,0.26,0.163,0.019
access-ctrl-05,access_controller,0.72,10.0,14617,0.61,4,0.84,0.16,0.235,0.011
thermostat-16,thermostat,0.82,6.0,5361,0.40,4,0.76,0.24,0.196,0.016
plug-22,smart_plug,0.48,3.8,825,0.13,1,0.53,0.45,0.344,0.009
cam-002,camera,1.46,50.6,89367,2.70,11,0.70,0.27,0.105,0.040
sensor-30,sensor,0.58,3.2,2273,0.08,2,0.92,0.08,0.258,0.005
router-11,router,1.03,33.5,43794,1.75,5,0.66,0.34,0.152,0.030
nvr-01,nvr,0.93,24.4,47476,1.39,5,0.83,0.15,0.190,0.015
access-ctrl-05,access_controller,0.72,10.3,9532,0.50,4,0.85,0.14,0.220,0.013
thermostat-28,thermostat,0.77,8.3,5501,0.30,4,0.71,0.29,0.232,0.017
plug-22,smart_plug,0.46,3.9,1756,0.16,1,0.56,0.43,0.335,0.011
cam-006,camera,1.30,60.5,72798,2.28,8,0.70,0.27,0.079,0.027
sensor-24,sensor,0.58,4.2,963,0.22,3,0.78,0.20,0.318,0.008
router-11,router,0.85,33.1,40843,1.85,7,0.59,0.39,0.133,0.020
nvr-02,nvr,0.92,23.7,57634,1.12,6,0.72,0.27,0.168,0.020
access-ctrl-02,access_controller,0.62,8.3,13871,0.84,2,0.81,0.17,0.220,0.008
thermostat-16,thermostat,0.71,6.2,4293,0.41,3,0.68,0.31,0.199,0.013
plug-11,smart_plug,0.36,3.5,1760,0.09,2,0.53,0.47,0.308,0.010
cam-001,camera,1.30,62.0,75384,2.84,8,0.70,0.29,0.102,0.034
sensor-07,sensor,0.47,5.3,1234,0.08,1,0.78,0.21,0.303,0.011
router-11,router,0.79,42.2,62233,1.78,6,0.65,0.34,0.155,0.016
nvr-06,nvr,1.17,27.9,42552,1.18,4,0.71,0.28,0.204,0.017
access-ctrl-04,access_controller,0.63,11.3,9195,0.87,3,0.86,0.14,0.235,0.012
thermostat-28,thermostat,0.76,7.3,3528,0.30,3,0.70,0.28,0.237,0.013
plug-14,smart_plug,0.45,2.1,1049,0.08,2,0.55,0.42,0.366,0.011
cam-006,camera,1.25,44.7,97080,2.54,13,0.63,0.36,0.077,0.039
sensor-30,sensor,0.60,3.5,1574,0.20,2,0.88,0.10,0.314,0.007
router-20,router,0.78,38.5,72888,2.21,11,0.67,0.30,0.119,0.023
nvr-01,nvr,1.23,25.9,40770,1.18,3,0.74,0.26,0.206,0.013
access-ctrl-01,access_controller,0.61,11.2,13680,0.54,3,0.76,0.22,0.259,0.008
thermostat-09,thermostat,0.71,6.9,5566,0.33,2,0.74,0.26,0.240,0.011
plug-25,smart_plug,0.41,3.4,737,0.08,2,0.49,0.49,0.340,0.012
cam-003,camera,1.44,48.8,82707,1.70,14,0.61,0.39,0.111,0.023
sensor-07,sensor,0.47,3.0,2602,0.17,3,0.83,0.16,0.316,0.011
router-14,router,0.82,37.7,53572,1.64,10,0.65,0.33,0.115,0.017
nvr-07,nvr,1.18,21.8,49411,1.58,3,0.83,0.15,0.159,0.013
access-ctrl-01,access_controller,0.54,10.6,10503,0.52,2,0.78,0.20,0.211,0.012
thermostat-13,thermostat,0.66,7.6,4814,0.27,2,0.65,0.34,0.237,0.017
plug-31,smart_plug,0.36,3.0,1077,0.14,1,0.55,0.44,0.320,0.008
cam-006,camera,1.37,44.8,73301,1.76,11,0.61,0.36,0.091,0.043
sensor-27,sensor,0.66,3.7,1052,0.17,3,0.79,0.19,0.314,0.009
router-17,router,0.79,29.5,40449,2.30,10,0.70,0.28,0.133,0.030
nvr-05,nvr,1.10,21.6,43891,1.22,4,0.70,0.30,0.182,0.017
access-ctrl-07,access_controller,0.68,7.7,9496,0.71,2,0.88,0.10,0.240,0.013
thermostat-28,thermostat,0.80,8.3,4195,0.27,4,0.73,0.25,0.224,0.014
plug-29,smart_plug,0.39,3.5,919,0.09,2,0.46,0.53,0.340,0.014
cam-003,camera,1.24,55.3,105945,2.57,8,0.69,0.29,0.077,0.024
sensor-12,sensor,0.65,5.1,2042,0.14,2,0.80,0.18,0.278,0.005
router-11,router,0.77,40.9,40356,2.35,8,0.72,0.26,0.115,0.022
nvr-06,nvr,0.89,23.9,36710,1.61,3,0.82,0.17,0.196,0.016
access-ctrl-04,access_controller,0.79,10.2,14871,0.71,2,0.80,0.20,0.216,0.012
thermostat-20,thermostat,0.81,7.6,4314,0.46,3,0.77,0.22,0.216,0.018
plug-19,smart_plug,0.47,2.5,1263,0.15,1,0.48,0.50,0.352,0.012
cam-005,camera,1.43,52.7,98041,2.66,10,0.59,0.40,0.083,0.037
sensor-21,sensor,0.45,5.0,2118,0.27,2,0.92,0.07,0.266,0.007
router-20,router,0.92,33.1,50027,1.95,9,0.67,0.32,0.132,0.029
nvr-02,nvr,1.15,23.9,32476,1.19,6,0.74,0.23,0.177,0.015
access-ctrl-01,access_controller,0.73,11.2,10907,0.47,3,0.75,0.23,0.216,0.009
thermostat-13,thermostat,0.73,6.6,5153,0.32,2,0.77,0.21,0.214,0.017
plug-11,smart_plug,0.37,2.5,1199,0.11,2,0.51,0.48,0.322,0.010
cam-001,camera,1.44,55.2,95099,2.61,11,0.62,0.35,0.094,0.032
sensor-27,sensor,0.60,3.4,1884,0.14,2,0.87,0.13,0.282,0.005
router-05,router,0.90,31.9,62715,1.98,10,0.73,0.27,0.119,0.025
nvr-02,nvr,1.05,24.5,37535,1.69,4,0.69,0.29,0.193,0.013
access-ctrl-07,access_controller,0.58,10.7,9543,0.47,4,0.84,0.14,0.234,0.007
thermostat-16,thermostat,0.72,6.5,5183,0.44,3,0.70,0.28,0.233,0.016
plug-29,smart_plug,0.41,4.1,1420,0.07,2,0.56,0.42,0.322,0.008
cam-001,camera,1.31,42.3,94920,2.04,7,0.57,0.41,0.084,0.038
sensor-30,sensor,0.50,2.8,2878,0.16,3,0.92,0.07,0.283,0.011
router-20,router,0.82,43.1,43438,1.70,9,0.65,0.34,0.142,0.021
nvr-05,nvr,1.06,25.3,39291,1.09,6,0.74,0.24,0.204,0.011
access-ctrl-01,access_controller,0.67,12.0,12960,0.69,2,0.77,0.21,0.250,0.014
thermostat-28,thermostat,0.79,5.6,4612,0.44,2,0.67,0.33,0.206,0.011
plug-11,smart_plug,0.49,2.8,1460,0.09,2,0.52,0.47,0.334,0.012
cam-005,camera,1.39,63.0,93102,1.99,8,0.60,0.39,0.098,0.039
sensor-12,sensor,0.45,3.6,1322,0.18,3,0.83,0.16,0.285,0.011
router-11,router,0.95,38.2,56426,1.77,11,0.68,0.32,0.123,0.028
nvr-05,nvr,1.09,21.2,39265,1.22,6,0.71,0.29,0.200,0.012
access-ctrl-03,access_controller,0.58,12.1,13045,0.79,4,0.81,0.18,0.212,0.013
thermostat-16,thermostat,0.70,5.5,4320,0.36,4,0.76,0.22,0.213,0.015
plug-11,smart_plug,0.40,2.1,1115,0.09,1,0.50,0.47,0.311,0.014
cam-006,camera,1.43,50.0,92307,2.21,11,0.61,0.38,0.084,0.024
sensor-27,sensor,0.55,5.7,1565,0.12,1,0.86,0.12,0.253,0.006
router-17,router,0.92,28.4,52027,2.34,7,0.66,0.33,0.115,0.021
nvr-03,nvr,0.88,21.8,47063,1.63,4,0.79,0.20,0.173,0.013
access-ctrl-07,access_controller,0.74,10.6,10520,0.65,4,0.75,0.24,0.211,0.014
thermostat-24,thermostat,0.76,6.0,3763,0.31,2,0.72,0.27,0.219,0.019
plug-25,smart_plug,0.41,4.1,896,0.11,2,0.46,0.53,0.351,0.013
cam-004,camera,1.31,57.8,103895,2.20,12,0.67,0.33,0.077,0.023
sensor-07,sensor,0.48,3.2,936,0.27,2,0.85,0.14,0.312,0.011
router-11,router,0.84,25.4,41431,1.84,11,0.71,0.27,0.154,0.015
nvr-02,nvr,1.07,23.2,45796,1.15,3,0.73,0.26,0.163,0.019
access-ctrl-04,access_controller,0.66,10.1,12132,0.73,2,0.83,0.16,0.248,0.012
thermostat-13,thermostat,0.70,7.5,4407,0.29,2,0.69,0.28,0.222,0.020
plug-14,smart_plug,0.40,3.3,1633,0.16,1,0.51,0.46,0.334,0.009
cam-005,camera,1.46,50.7,100418,2.36,9,0.67,0.33,0.106,0.026
sensor-07,sensor,0.58,4.9,2482,0.10,2,0.90,0.08,0.304,0.009
router-17,router,1.04,31.2,48915,1.95,6,0.70,0.28,0.126,0.022
nvr-01,nvr,0.93,21.6,52715,1.09,5,0.82,0.16,0.207,0.019
access-ctrl-06,access_controller,0.62,11.0,10640,0.78,4,0.76,0.23,0.217,0.013
thermostat-13,thermostat,0.79,6.4,4928,0.34,3,0.71,0.28,0.201,0.019
plug-31,smart_plug,0.44,2.5,1314,0.10,1,0.46,0.53,0.307,0.012
cam-002,camera,1.26,53.2,105170,2.88,7,0.63,0.36,0.109,0.035
sensor-24,sensor,0.59,5.8,1868,0.16,2,0.85,0.13,0.324,0.011
router-11,router,0.97,30.2,67693,1.97,7,0.73,0.26,0.139,0.031
nvr-05,nvr,1.06,28.3,43214,1.76,3,0.72,0.28,0.210,0.012
access-ctrl-06,access_controller,0.59,10.7,9728,0.77,2,0.84,0.13,0.224,0.008
thermostat-04,thermostat,0.62,7.7,3985,0.29,3,0.71,0.28,0.216,0.015
plug-22,smart_plug,0.47,2.9,1004,0.10,2,0.47,0.51,0.334,0.009
cam-003,camera,1.22,42.3,85910,2.48,10,0.70,0.28,0.093,0.041
sensor-18,sensor,0.45,4.5,2916,0.13,1,0.90,0.09,0.271,0.007
router-14,router,0.80,36.3,64347,2.30,11,0.67,0.33,0.156,0.020
nvr-04,nvr,1.17,20.2,51725,1.36,3,0.76,0.23,0.215,0.017
access-ctrl-05,access_controller,0.77,9.0,10594,0.48,3,0.81,0.18,0.214,0.014
thermostat-04,thermostat,0.64,7.1,5110,0.51,4,0.74,0.24,0.231,0.018
plug-19,smart_plug,0.39,2.6,1299,0.10,2,0.54,0.45,0.347,0.008
cam-005,camera,1.05,59.3,68842,1.84,14,0.71,0.29,0.080,0.030
sensor-12,sensor,0.44,5.7,1250,0.23,2,0.84,0.15,0.312,0.005
router-17,router,1.07,38.5,46372,2.34,8,0.67,0.31,0.126,0.029
nvr-04,nvr,0.90,16.7,33530,1.17,5,0.80,0.18,0.215,0.021
access-ctrl-07,access_controller,0.60,10.9,12265,0.84,2,0.87,0.10,0.262,0.012
thermostat-16,thermostat,0.65,5.4,3927,0.37,4,0.68,0.31,0.211,0.013
plug-14,smart_plug,0.48,3.5,1424,0.17,2,0.53,0.45,0.340,0.011
cam-007,camera,1.30,52.3,68664,1.80,8,0.65,0.34,0.111,0.032
sensor-07,sensor,0.58,4.4,2834,0.21,3,0.78,0.22,0.315,0.010
router-20,router,0.97,39.9,43845,2.41,8,0.62,0.36,0.161,0.029
nvr-06,nvr,0.95,23.1,34004,1.48,6,0.70,0.29,0.206,0.011
access-ctrl-03,access_controller,0.74,8.5,14554,0.52,4,0.82,0.18,0.254,0.010
thermostat-28,thermostat,0.86,7.0,4345,0.36,2,0.73,0.25,0.223,0.012
plug-11,smart_plug,0.41,4.0,1481,0.07,1,0.51,0.46,0.316,0.014
cam-003,camera,1.31,52.4,72209,2.45,12,0.65,0.34,0.101,0.041
sensor-27,sensor,0.59,3.5,1520,0.11,1,0.90,0.07,0.241,0.004
router-02,router,0.95,44.4,49436,2.31,5,0.63,0.35,0.119,0.025
nvr-04,nvr,1.00,23.4,55570,1.13,5,0.67,0.31,0.172,0.017
access-ctrl-03,access_controller,0.67,10.5,9171,0.87,4,0.78,0.20,0.224,0.010
thermostat-24,thermostat,0.81,7.8,4656,0.37,3,0.71,0.28,0.234,0.018
plug-11,smart_plug,0.34,2.6,1733,0.05,2,0.48,0.49,0.368,0.012
cam-002,camera,1.09,51.7,94701,2.39,11,0.61,0.38,0.090,0.035
sensor-24,sensor,0.57,5.3,1458,0.14,2,0.91,0.06,0.268,0.008
router-08,router,0.79,40.0,46673,2.37,10,0.75,0.24,0.160,0.030
nvr-01,nvr,1.08,19.3,32413,1.47,4,0.76,0.21,0.190,0.019
access-ctrl-05,access_controller,0.61,7.5,11971,0.76,4,0.76,0.23,0.252,0.009
thermostat-24,thermostat,0.63,5.4,3776,0.35,3,0.75,0.23,0.215,0.011
plug-25,smart_plug,0.41,2.1,775,0.09,1,0.44,0.56,0.357,0.015
cam-007,camera,1.42,59.0,98302,1.95,8,0.56,0.44,0.075,0.028
sensor-18,sensor,0.63,4.6,1465,0.11,1,0.79,0.20,0.292,0.012
router-20,router,1.01,25.6,39811,1.62,5,0.72,0.28,0.139,0.023
nvr-06,nvr,1.11,25.4,48006,1.38,5,0.77,0.21,0.200,0.018
access-ctrl-05,access_controller,0.71,7.5,13330,0.56,4,0.82,0.15,0.236,0.010
thermostat-09,thermostat,0.66,7.1,4009,0.49,2,0.66,0.31,0.215,0.014
plug-19,smart_plug,0.40,2.8,1762,0.16,1,0.48,0.51,0.331,0.011
cam-003,camera,1.12,64.3,75100,2.81,7,0.64,0.36,0.110,0.037
sensor-27,sensor,0.47,5.7,2275,0.20,1,0.89,0.10,0.256,0.008
router-14,router,0.73,36.7,52499,2.19,9,0.65,0.34,0.118,0.031
nvr-03,nvr,1.10,28.0,43443,1.35,5,0.70,0.29,0.177,0.018
access-ctrl-04,access_controller,0.78,12.1,12646,0.82,4,0.78,0.19,0.264,0.010
thermostat-20,thermostat,0.68,7.4,4761,0.42,4,0.76,0.24,0.213,0.018
plug-11,smart_plug,0.42,2.8,900,0.12,1,0.53,0.47,0.335,0.012
cam-006,camera,1.12,43.1,81686,1.89,14,0.65,0.33,0.086,0.038
sensor-18,sensor,0.46,4.7,1933,0.18,2,0.79,0.19,0.304,0.010
router-14,router,0.97,44.6,47576,1.66,6,0.60,0.40,0.146,0.022
nvr-02,nvr,1.16,18.1,36149,1.29,5,0.67,0.32,0.161,0.010
access-ctrl-05,access_controller,0.64,9.4,14461,0.66,2,0.78,0.20,0.249,0.011
thermostat-20,thermostat,0.72,6.5,5483,0.44,3,0.75,0.25,0.226,0.014
plug-25,smart_plug,0.39,3.8,795,0.10,1,0.52,0.47,0.338,0.014
cam-001,camera,1.43,53.5,89657,2.81,7,0.71,0.28,0.111,0.042
sensor-21,sensor,0.42,5.0,1293,0.26,2,0.84,0.15,0.285,0.009
router-11,router,1.06,26.4,72290,1.68,7,0.64,0.35,0.160,0.016
nvr-07,nvr,1.28,21.2,57804,1.73,3,0.77,0.21,0.186,0.015
access-ctrl-04,access_controller,0.65,10.5,13800,0.64,2,0.78,0.20,0.230,0.012
thermostat-16,thermostat,0.73,7.4,5708,0.45,4,0.71,0.28,0.205,0.016
plug-31,smart_plug,0.41,2.7,1414,0.13,2,0.45,0.54,0.356,0.014
cam-002,camera,1.46,56.4,90684,2.00,13,0.56,0.42,0.086,0.033
sensor-18,sensor,0.56,4.4,1544,0.23,2,0.91,0.08,0.264,0.009
router-02,router,1.03,33.2,69393,1.78,7,0.73,0.27,0.131,0.029
nvr-05,nvr,1.06,22.5,46106,1.72,5,0.70,0.29,0.216,0.020
access-ctrl-03,access_controller,0.71,11.7,9120,0.81,3,0.86,0.11,0.222,0.012
thermostat-16,thermostat,0.76,7.1,4933,0.28,2,0.69,0.29,0.226,0.017
plug-31,smart_plug,0.46,3.3,1407,0.12,1,0.55,0.44,0.330,0.012
cam-002,camera,1.05,49.8,78210,2.71,11,0.67,0.30,0.095,0.040
sensor-24,sensor,0.42,2.6,946,0.12,3,0.87,0.13,0.263,0.007
router-14,router,0.75,33.6,43436,2.13,9,0.75,0.22,0.152,0.016
nvr-02,nvr,1.02,16.1,40128,1.45,4,0.78,0.20,0.197,0.019
access-ctrl-07,access_controller,0.74,9.8,13942,0.48,4,0.79,0.20,0.224,0.008
thermostat-04,thermostat,0.68,5.1,4665,0.45,3,0.77,0.23,0.216,0.017
plug-14,smart_plug,0.33,2.2,1789,0.05,2,0.53,0.46,0.323,0.010
cam-002,camera,1.12,45.9,84743,2.88,14,0.58,0.40,0.100,0.041
sensor-24,sensor,0.47,2.7,1808,0.25,1,0.90,0.08,0.308,0.010
router-20,router,1.05,42.2,57531,1.94,8,0.65,0.35,0.145,0.015
nvr-03,nvr,1.16,16.4,47930,1.41,4,0.81,0.17,0.199,0.019
access-ctrl-06,access_controller,0.73,10.5,13199,0.63,2,0.84,0.14,0.210,0.007
thermostat-13,thermostat,0.73,8.0,5000,0.40,2,0.74,0.25,0.216,0.019
plug-14,smart_plug,0.38,3.3,1351,0.08,2,0.50,0.50,0.359,0.008
cam-003,camera,1.33,65.2,78562,2.07,13,0.67,0.33,0.082,0.037
sensor-18,sensor,0.57,3.5,1802,0.11,1,0.83,0.16,0.311,0.011
router-17,router,0.72,42.3,56351,2.34,11,0.69,0.30,0.140,0.024
nvr-04,nvr,1.26,28.4,43672,1.29,6,0.74,0.25,0.171,0.015
access-ctrl-07,access_controller,0.61,11.3,9978,0.61,3,0.83,0.15,0.230,0.012
thermostat-24,thermostat,0.74,6.4,5358,0.37,4,0.76,0.22,0.225,0.020
plug-25,smart_plug,0.35,3.5,1232,0.08,2,0.45,0.54,0.331,0.009
cam-007,camera,1.38,59.6,98712,2.08,8,0.59,0.40,0.099,0.035
sensor-24,sensor,0.47,4.7,1210,0.08,3,0.90,0.08,0.247,0.006
router-08,router,0.80,37.9,65743,2.12,6,0.62,0.38,0.128,0.020
nvr-03,nvr,0.99,24.1,37798,1.21,6,0.69,0.31,0.184,0.011
access-ctrl-01,access_controller,0.73,10.6,13733,0.82,2,0.78,0.20,0.212,0.010
thermostat-20,thermostat,0.83,6.6,4269,0.41,3,0.70,0.29,0.197,0.019
plug-11,smart_plug,0.50,4.1,1296,0.17,2,0.49,0.50,0.351,0.013
cam-005,camera,1.31,50.1,77877,2.69,9,0.65,0.35,0.086,0.041
sensor-24,sensor,0.44,5.4,2091,0.07,1,0.80,0.17,0.326,0.007
router-02,router,0.95,44.3,51081,1.60,8,0.75,0.24,0.124,0.018
nvr-07,nvr,0.86,26.5,45064,1.38,5,0.72,0.25,0.186,0.012
access-ctrl-06,access_controller,0.69,12.1,10807,0.79,2,0.78,0.19,0.221,0.008
thermostat-09,thermostat,0.82,8.0,5357,0.35,4,0.76,0.23,0.219,0.013
plug-22,smart_plug,0.41,4.2,1440,0.09,2,0.54,0.45,0.343,0.015
cam-003,camera,1.22,61.7,106333,2.18,8,0.59,0.39,0.094,0.041
sensor-12,sensor,0.65,3.0,1660,0.14,2,0.90,0.08,0.317,0.006
router-05,router,0.98,26.1,56421,2.16,8,0.72,0.26,0.136,0.022
nvr-01,nvr,1.05,27.9,56357,1.26,6,0.68,0.31,0.169,0.012
access-ctrl-03,access_controller,0.64,10.0,9639,0.57,2,0.80,0.18,0.263,0.011
thermostat-04,thermostat,0.68,6.8,4377,0.46,4,0.71,0.29,0.235,0.017
plug-31,smart_plug,0.47,3.1,1199,0.08,2,0.49,0.49,0.317,0.010
cam-004,camera,1.47,50.1,89169,2.37,9,0.65,0.33,0.091,0.036
sensor-24,sensor,0.52,5.4,1217,0.11,1,0.88,0.10,0.283,0.005
router-14,router,0.81,39.4,69794,1.63,11,0.64,0.34,0.136,0.018
nvr-07,nvr,1.21,24.7,55455,1.11,4,0.68,0.30,0.202,0.017
access-ctrl-07,access_controller,0.61,8.4,10229,0.75,4,0.77,0.21,0.231,0.008
thermostat-20,thermostat,0.74,7.6,5572,0.29,3,0.66,0.33,0.216,0.012
plug-19,smart_plug,0.37,2.6,939,0.14,1,0.48,0.49,0.340,0.014
cam-001,camera,1.38,55.1,102321,2.32,7,0.58,0.41,0.075,0.033
sensor-12,sensor,0.59,5.8,1432,0.14,3,0.90,0.09,0.255,0.011
router-02,router,0.77,35.4,48636,1.85,7,0.66,0.32,0.114,0.029
nvr-03,nvr,0.93,19.2,58710,1.09,5,0.77,0.22,0.181,0.019
access-ctrl-03,access_controller,0.73,11.2,9427,0.68,3,0.77,0.21,0.229,0.013
thermostat-28,thermostat,0.78,7.9,3928,0.40,4,0.67,0.33,0.200,0.016
plug-11,smart_plug,0.39,3.0,1094,0.08,2,0.53,0.46,0.364,0.013
cam-007,camera,1.39,56.8,85434,2.29,8,0.62,0.38,0.080,0.033
sensor-18,sensor,0.59,5.2,2423,0.08,1,0.82,0.16,0.303,0.009
router-02,router,0.92,38.1,72402,1.75,9,0.64,0.34,0.141,0.027
nvr-07,nvr,1.15,19.6,54973,1.48,4,0.67,0.31,0.160,0.010
access-ctrl-07,access_controller,0.68,10.0,12396,0.74,4,0.77,0.21,0.262,0.013
thermostat-13,thermostat,0.88,7.4,4700,0.47,3,0.77,0.21,0.196,0.017
plug-25,smart_plug,0.34,2.4,1164,0.10,2,0.54,0.46,0.327,0.014
cam-005,camera,1.46,43.3,99321,2.83,7,0.71,0.27,0.088,0.035
sensor-21,sensor,0.56,4.9,974,0.20,3,0.82,0.16,0.321,0.009
router-14,router,1.05,25.5,61620,2.10,6,0.62,0.38,0.138,0.025
nvr-04,nvr,1.08,29.0,55459,1.73,3,0.77,0.20,0.207,0.013
access-ctrl-01,access_controller,0.56,8.0,13921,0.83,4,0.82,0.18,0.218,0.010
thermostat-09,thermostat,0.76,6.5,4286,0.30,2,0.74,0.23,0.202,0.011
plug-25,smart_plug,0.35,3.0,873,0.07,2,0.53,0.44,0.328,0.009
cam-002,camera,1.33,60.2,90862,2.49,14,0.62,0.37,0.098,0.037
sensor-24,sensor,0.53,4.3,1469,0.18,1,0.86,0.11,0.291,0.010
router-08,router,1.05,28.6,65220,2.12,5,0.74,0.24,0.141,0.020
nvr-07,nvr,1.17,22.9,54989,1.14,4,0.71,0.26,0.169,0.012
access-ctrl-02,access_controller,0.75,8.9,9431,0.56,4,0.87,0.12,0.248,0.009
thermostat-09,thermostat,0.70,6.7,3753,0.49,4,0.70,0.30,0.236,0.016
plug-22,smart_plug,0.47,2.5,943,0.06,1,0.50,0.49,0.327,0.011
cam-007,camera,1.14,54.0,100640,2.66,11,0.69,0.28,0.101,0.038
sensor-21,sensor,0.60,3.4,2445,0.18,2,0.84,0.15,0.247,0.011
router-05,router,1.02,29.1,54284,1.69,7,0.62,0.36,0.152,0.022
nvr-04,nvr,0.88,16.7,58028,1.57,3,0.77,0.20,0.157,0.011
access-ctrl-06,access_controller,0.57,10.2,9256,0.73,4,0.76,0.22,0.234,0.010
thermostat-09,thermostat,0.77,8.3,3708,0.41,2,0.76,0.22,0.221,0.017
plug-14,smart_plug,0.38,3.9,845,0.10,2,0.49,0.50,0.359,0.015
cam-005,camera,1.31,48.2,105080,2.56,13,0.67,0.30,0.104,0.028
sensor-27,sensor,0.42,5.5,2565,0.08,1,0.85,0.12,0.314,0.012
router-05,router,0.81,28.8,65745,1.75,11,0.69,0.29,0.147,0.026
nvr-01,nvr,1.13,19.4,45868,1.66,5,0.74,0.25,0.155,0.013
access-ctrl-04,access_controller,0.64,9.7,12380,0.82,2,0.86,0.11,0.229,0.014
thermostat-20,thermostat,0.63,7.9,4874,0.39,3,0.71,0.28,0.224,0.014
plug-22,smart_plug,0.39,2.6,1584,0.08,1,0.50,0.48,0.341,0.011
cam-005,camera,1.45,45.4,77481,2.53,7,0.67,0.31,0.085,0.024
sensor-12,sensor,0.42,4.0,2294,0.10,2,0.77,0.21,0.239,0.011
router-05,router,0.90,33.5,42048,1.64,8,0.62,0.37,0.139,0.016
nvr-02,nvr,1.02,29.2,53963,1.35,3,0.81,0.17,0.208,0.011
access-ctrl-03,access_controller,0.70,8.8,9452,0.82,4,0.80,0.20,0.247,0.010
thermostat-13,thermostat,0.72,6.4,3660,0.43,2,0.66,0.33,0.236,0.014
plug-19,smart_plug,0.49,3.3,1680,0.08,2,0.44,0.53,0.334,0.010
cam-004,camera,1.14,47.2,92061,2.43,7,0.59,0.41,0.075,0.038
sensor-21,sensor,0.64,2.6,1793,0.18,2,0.80,0.17,0.261,0.010
router-17,router,0.79,31.9,48012,2.38,7,0.70,0.29,0.133,0.022
nvr-02,nvr,1.06,20.6,47384,1.29,6,0.78,0.20,0.166,0.017
access-ctrl-06,access_controller,0.75,8.7,14881,0.56,4,0.85,0.13,0.237,0.010
thermostat-24,thermostat,0.70,6.5,4373,0.40,3,0.68,0.29,0.231,0.019
plug-25,smart_plug,0.41,2.8,1274,0.11,1,0.54,0.46,0.351,0.014
cam-001,camera,1.30,55.8,107810,1.86,14,0.67,0.32,0.092,0.043
sensor-12,sensor,0.63,3.8,1210,0.15,2,0.92,0.06,0.278,0.005
router-08,router,0.88,31.5,51084,1.92,7,0.72,0.25,0.158,0.022
nvr-01,nvr,1.24,18.1,45810,1.15,5,0.71,0.29,0.179,0.015
access-ctrl-07,access_controller,0.74,9.1,12690,0.80,4,0.86,0.14,0.240,0.012
thermostat-28,thermostat,0.76,5.0,4094,0.30,3,0.75,0.24,0.205,0.015
plug-14,smart_plug,0.47,2.3,1720,0.13,2,0.47,0.50,0.367,0.011
cam-005,camera,1.22,45.8,83529,2.03,13,0.68,0.31,0.112,0.032
sensor-07,sensor,0.48,3.6,1693,0.18,1,0.87,0.12,0.324,0.007
router-08,router,0.75,31.9,62884,1.68,11,0.66,0.33,0.116,0.021
nvr-02,nvr,0.96,19.0,52517,1.52,4,0.82,0.16,0.200,0.016
access-ctrl-05,access_controller,0.76,10.2,10169,0.69,4,0.77,0.21,0.243,0.012
thermostat-20,thermostat,0.67,8.2,4134,0.30,4,0.76,0.23,0.219,0.014
plug-14,smart_plug,0.35,2.5,947,0.09,2,0.51,0.47,0.354,0.013
cam-004,camera,1.25,48.9,102677,2.95,13,0.60,0.40,0.115,0.026
sensor-27,sensor,0.66,3.2,2600,0.13,2,0.84,0.15,0.284,0.011
router-08,router,0.83,29.1,53022,1.94,6,0.61,0.38,0.133,0.016
nvr-05,nvr,1.24,21.3,32024,1.33,4,0.71,0.27,0.154,0.015
access-ctrl-06,access_controller,0.64,10.8,10900,0.51,4,0.78,0.20,0.212,0.011
thermostat-28,thermostat,0.82,7.1,3976,0.37,3,0.75,0.25,0.211,0.019
plug-19,smart_plug,0.43,2.4,1418,0.12,2,0.48,0.50,0.345,0.009
cam-006,camera,1.12,47.3,92923,1.85,7,0.66,0.32,0.080,0.031
sensor-18,sensor,0.42,3.7,1159,0.26,3,0.91,0.09,0.261,0.006
router-11,router,1.01,32.4,47081,1.84,10,0.74,0.24,0.122,0.021
nvr-07,nvr,1.03,26.2,49724,1.29,3,0.71,0.27,0.195,0.021
access-ctrl-05,access_controller,0.73,9.1,10126,0.55,4,0.80,0.18,0.242,0.014
thermostat-09,thermostat,0.85,5.3,4824,0.48,2,0.68,0.31,0.222,0.013
plug-25,smart_plug,0.42,2.7,1630,0.12,2,0.49,0.50,0.338,0.013
cam-002,camera,1.29,51.4,104803,1.92,12,0.68,0.31,0.105,0.024
sensor-07,sensor,0.62,3.5,2733,0.20,1,0.92,0.07,0.275,0.009
router-11,router,0.98,29.7,52802,2.06,8,0.59,0.40,0.150,0.025
nvr-07,nvr,1.21,17.2,38837,1.73,6,0.70,0.29,0.213,0.013
access-ctrl-03,access_controller,0.63,10.3,9929,0.49,4,0.80,0.20,0.240,0.009
thermostat-28,thermostat,0.69,6.4,5379,0.48,3,0.67,0.33,0.196,0.016
plug-25,smart_plug,0.43,3.2,1557,0.05,1,0.53,0.47,0.346,0.013
cam-007,camera,1.33,65.8,83958,2.28,11,0.60,0.39,0.098,0.042
sensor-21,sensor,0.42,2.7,956,0.09,2,0.87,0.10,0.307,0.004
router-20,router,0.93,38.3,61849,1.87,8,0.61,0.38,0.133,0.020
nvr-04,nvr,0.87,23.5,38400,1.66,5,0.69,0.29,0.162,0.016
access-ctrl-01,access_controller,0.77,11.4,14286,0.67,3,0.76,0.22,0.235,0.014
thermostat-13,thermostat,0.71,6.0,5829,0.29,2,0.72,0.27,0.205,0.020
plug-11,smart_plug,0.37,2.8,1506,0.12,1,0.45,0.55,0.329,0.009
cam-005,camera,1.45,52.4,103371,2.21,9,0.69,0.29,0.105,0.042
sensor-21,sensor,0.49,3.5,1185,0.19,3,0.86,0.13,0.284,0.007
router-17,router,0.93,26.1,63276,1.84,7,0.74,0.24,0.128,0.016
nvr-01,nvr,1.18,16.5,51249,1.43,4,0.70,0.29,0.202,0.021
access-ctrl-05,access_controller,0.74,9.5,14832,0.70,4,0.88,0.11,0.216,0.009
thermostat-13,thermostat,0.65,5.9,4297,0.47,3,0.66,0.34,0.214,0.019
plug-29,smart_plug,0.50,2.2,1760,0.12,1,0.46,0.52,0.345,0.013
cam-002,camera,1.46,56.4,95911,1.98,13,0.64,0.33,0.116,0.043
sensor-18,sensor,0.65,3.3,2783,0.15,3,0.90,0.07,0.247,0.008
router-02,router,0.80,41.4,72945,2.07,8,0.60,0.40,0.152,0.027
nvr-07,nvr,1.12,16.9,54729,1.38,5,0.83,0.14,0.213,0.014
access-ctrl-05,access_controller,0.63,10.5,10573,0.78,4,0.80,0.17,0.222,0.012
thermostat-09,thermostat,0.72,6.5,4304,0.27,4,0.67,0.31,0.232,0.018
plug-11,smart_plug,0.43,2.9,1445,0.12,2,0.52,0.46,0.337,0.011
cam-007,camera,1.42,61.0,89280,2.84,11,0.61,0.38,0.095,0.032
sensor-30,sensor,0.49,5.7,955,0.19,2,0.90,0.09,0.310,0.012
router-11,router,0.72,41.9,65070,2.34,9,0.67,0.31,0.138,0.016
nvr-02,nvr,0.92,26.6,56627,1.37,6,0.81,0.19,0.179,0.020
access-ctrl-02,access_controller,0.74,9.9,14953,0.73,2,0.79,0.18,0.223,0.011
thermostat-28,thermostat,0.80,8.0,5088,0.37,2,0.74,0.23,0.223,0.018
plug-31,smart_plug,0.35,3.0,1334,0.13,2,0.44,0.55,0.324,0.014
cam-003,camera,1.39,47.2,81586,2.20,7,0.57,0.42,0.103,0.025
sensor-07,sensor,0.65,2.6,1180,0.08,3,0.78,0.21,0.244,0.011
router-02,router,0.91,33.2,71234,1.63,9,0.64,0.36,0.161,0.017
nvr-03,nvr,1.05,18.2,39004,1.54,6,0.80,0.17,0.156,0.018
access-ctrl-05,access_controller,0.55,7.3,10451,0.59,3,0.80,0.18,0.238,0.010
thermostat-13,thermostat,0.71,5.4,4389,0.40,2,0.72,0.27,0.218,0.014
plug-19,smart_plug,0.34,4.0,985,0.14,1,0.48,0.51,0.307,0.013
cam-003,camera,1.36,50.1,74899,1.89,10,0.63,0.34,0.093,0.023
sensor-12,sensor,0.43,4.3,1377,0.24,3,0.90,0.10,0.312,0.007
router-08,router,0.74,41.3,61906,1.96,8,0.61,0.37,0.123,0.029
nvr-01,nvr,1.24,18.0,35877,1.49,4,0.80,0.19,0.215,0.015
access-ctrl-04,access_controller,0.74,11.0,12816,0.72,4,0.79,0.20,0.230,0.007
thermostat-13,thermostat,0.70,6.4,4329,0.48,2,0.77,0.21,0.215,0.019
plug-22,smart_plug,0.36,3.9,980,0.12,1,0.52,0.45,0.347,0.012
cam-001,camera,1.39,53.8,107315,2.35,7,0.72,0.26,0.106,0.029
sensor-30,sensor,0.58,5.1,1237,0.21,3,0.83,0.17,0.279,0.004
router-20,router,0.96,29.7,60478,1.90,11,0.70,0.27,0.120,0.027
nvr-02,nvr,1.17,23.6,39550,1.74,3,0.73,0.26,0.167,0.018
access-ctrl-06,access_controller,0.79,9.7,8920,0.55,2,0.86,0.13,0.217,0.014
thermostat-04,thermostat,0.63,7.5,4805,0.32,2,0.67,0.33,0.202,0.014
plug-31,smart_plug,0.36,3.4,1476,0.09,2,0.55,0.43,0.311,0.011
cam-003,camera,1.09,42.7,85209,1.94,14,0.60,0.38,0.091,0.035
sensor-21,sensor,0.54,2.8,2913,0.26,3,0.85,0.12,0.261,0.007
router-05,router,0.92,27.6,54952,2.39,10,0.64,0.34,0.141,0.029
nvr-04,nvr,1.14,29.4,35821,1.70,4,0.78,0.21,0.210,0.010
access-ctrl-02,access_controller,0.72,11.3,9775,0.78,2,0.82,0.15,0.254,0.008
thermostat-16,thermostat,0.73,5.9,5396,0.47,3,0.65,0.33,0.204,0.018
plug-22,smart_plug,0.40,2.5,1372,0.15,1,0.47,0.52,0.356,0.010
cam-005,camera,1.14,64.6,87973,2.08,11,0.58,0.41,0.113,0.038
sensor-12,sensor,0.63,3.8,2456,0.11,3,0.77,0.21,0.238,0.006
router-11,router,0.99,26.0,40150,1.67,7,0.72,0.26,0.127,0.025
nvr-05,nvr,1.27,28.9,48256,1.64,4,0.78,0.20,0.180,0.016
access-ctrl-01,access_controller,0.69,11.7,12802,0.53,3,0.77,0.20,0.246,0.012
thermostat-13,thermostat,0.78,5.5,5154,0.49,3,0.74,0.23,0.217,0.018
plug-11,smart_plug,0.43,2.9,809,0.06,2,0.49,0.49,0.348,0.014
cam-004,camera,1.11,42.6,96585,2.63,12,0.62,0.37,0.095,0.031
sensor-24,sensor,0.52,5.9,1341,0.07,3,0.84,0.15,0.279,0.005
router-05,router,1.07,34.3,51791,2.34,8,0.70,0.28,0.132,0.027
nvr-01,nvr,1.11,16.3,55207,1.75,3,0.76,0.24,0.168,0.014
access-ctrl-01,access_controller,0.73,9.5,11912,0.49,4,0.78,0.20,0.220,0.011
thermostat-13,thermostat,0.63,5.8,4453,0.37,4,0.69,0.30,0.216,0.016
plug-31,smart_plug,0.44,3.5,1237,0.15,1,0.52,0.47,0.337,0.012
cam-002,camera,1.06,62.5,79712,2.47,12,0.60,0.38,0.083,0.023
sensor-21,sensor,0.60,4.4,1736,0.16,1,0.87,0.10,0.248,0.007
router-02,router,1.02,26.7,41066,2.18,11,0.75,0.23,0.137,0.023
nvr-03,nvr,1.13,25.7,41503,1.21,6,0.83,0.17,0.203,0.019
access-ctrl-05,access_controller,0.56,9.0,11781,0.73,2,0.81,0.18,0.248,0.008
thermostat-24,thermostat,0.70,5.3,4593,0.46,3,0.65,0.32,0.222,0.015
plug-25,smart_plug,0.37,3.6,715,0.12,2,0.56,0.41,0.320,0.008
cam-003,camera,1.14,48.2,107723,2.68,8,0.65,0.32,0.078,0.032
sensor-24,sensor,0.60,3.9,1166,0.20,2,0.88,0.10,0.253,0.010
router-11,router,0.95,39.2,63027,2.08,9,0.61,0.37,0.143,0.021
nvr-01,nvr,1.08,19.8,50858,1.34,3,0.78,0.21,0.156,0.017
access-ctrl-04,access_controller,0.57,10.6,10213,0.69,3,0.82,0.16,0.212,0.013
thermostat-28,thermostat,0.76,5.9,5579,0.39,3,0.72,0.27,0.194,0.015
plug-14,smart_plug,0.38,4.1,1191,0.12,1,0.51,0.47,0.327,0.015
cam-004,camera,1.12,65.9,83269,2.68,13,0.62,0.36,0.094,0.026
sensor-24,sensor,0.65,4.0,1351,0.22,1,0.90,0.07,0.293,0.009
router-14,router,1.01,43.8,43108,2.35,8,0.62,0.36,0.136,0.029
nvr-06,nvr,0.88,27.6,41330,1.54,4,0.69,0.29,0.192,0.011
access-ctrl-07,access_controller,0.55,8.7,11416,0.49,2,0.83,0.14,0.226,0.010
thermostat-28,thermostat,0.66,8.1,4013,0.39,2,0.66,0.32,0.217,0.012
plug-29,smart_plug,0.38,3.9,977,0.13,1,0.46,0.53,0.320,0.014
cam-004,camera,1.37,51.0,94346,2.09,9,0.71,0.27,0.093,0.034
sensor-21,sensor,0.62,5.7,2179,0.13,2,0.79,0.20,0.315,0.006
router-17,router,1.05,34.8,64744,2.27,11,0.65,0.32,0.158,0.030
nvr-03,nvr,0.94,27.4,55945,1.39,5,0.74,0.24,0.196,0.019
access-ctrl-04,access_controller,0.61,9.6,12648,0.54,4,0.77,0.21,0.221,0.012
thermostat-09,thermostat,0.76,8.2,5301,0.46,2,0.74,0.24,0.222,0.015
plug-25,smart_plug,0.49,3.0,1777,0.07,1,0.46,0.52,0.319,0.008
cam-004,camera,1.43,47.6,77014,2.40,7,0.63,0.35,0.092,0.025
sensor-30,sensor,0.58,5.8,2868,0.28,2,0.81,0.18,0.251,0.008
router-02,router,0.79,26.6,46761,1.71,9,0.59,0.40,0.146,0.020
nvr-02,nvr,1.18,26.5,45007,1.11,4,0.77,0.23,0.153,0.012
access-ctrl-07,access_controller,0.77,8.6,13632,0.73,3,0.86,0.13,0.215,0.009
thermostat-09,thermostat,0.67,7.9,3707,0.39,3,0.76,0.22,0.226,0.019
plug-31,smart_plug,0.34,2.4,1265,0.07,1,0.55,0.44,0.346,0.013
cam-005,camera,1.32,49.1,90877,2.08,12,0.60,0.40,0.075,0.040
sensor-24,sensor,0.46,3.2,932,0.15,1,0.78,0.20,0.294,0.008
router-02,router,0.81,37.9,65019,2.34,10,0.65,0.32,0.115,0.023
nvr-01,nvr,1.08,26.9,54699,1.64,3,0.75,0.25,0.191,0.014
access-ctrl-07,access_controller,0.66,8.3,13549,0.88,4,0.85,0.13,0.262,0.008
thermostat-20,thermostat,0.62,7.8,5485,0.42,4,0.66,0.31,0.235,0.019
plug-19,smart_plug,0.44,3.3,1142,0.05,2,0.53,0.45,0.360,0.009
cam-003,camera,1.24,62.4,74200,1.95,14,0.66,0.33,0.093,0.033
sensor-21,sensor,0.48,4.0,1418,0.13,2,0.92,0.08,0.279,0.006
router-20,router,0.87,35.2,50239,2.40,11,0.64,0.33,0.150,0.027
nvr-05,nvr,1.08,29.8,38846,1.50,5,0.77,0.22,0.212,0.010
access-ctrl-07,access_controller,0.79,9.4,9994,0.48,2,0.79,0.19,0.241,0.012
thermostat-04,thermostat,0.66,7.2,5762,0.29,3,0.73,0.27,0.204,0.020
plug-11,smart_plug,0.47,2.4,907,0.14,2,0.52,0.46,0.358,0.010
cam-004,camera,1.20,62.3,96329,1.80,11,0.57,0.42,0.114,0.043
sensor-12,sensor,0.50,4.1,2328,0.20,3,0.78,0.19,0.275,0.011
router-08,router,1.03,40.1,63491,1.90,9,0.74,0.25,0.123,0.016
nvr-07,nvr,0.99,21.6,50313,1.72,5,0.73,0.26,0.189,0.010
access-ctrl-02,access_controller,0.78,8.6,10015,0.52,3,0.82,0.16,0.219,0.010
thermostat-16,thermostat,0.77,5.6,4635,0.38,3,0.72,0.27,0.241,0.020
plug-19,smart_plug,0.36,2.0,869,0.09,2,0.44,0.55,0.317,0.013
cam-006,camera,1.19,51.1,103891,1.71,11,0.68,0.30,0.074,0.042
sensor-21,sensor,0.64,4.9,1668,0.24,3,0.81,0.17,0.287,0.010
router-02,router,0.89,38.4,49426,1.58,6,0.74,0.24,0.158,0.025
nvr-05,nvr,1.20,20.0,33580,1.21,4,0.78,0.20,0.177,0.011
access-ctrl-06,access_controller,0.70,11.0,11593,0.67,3,0.83,0.16,0.242,0.009
thermostat-04,thermostat,0.80,5.2,5001,0.51,2,0.69,0.29,0.208,0.018
plug-25,smart_plug,0.33,3.5,1225,0.07,2,0.46,0.53,0.315,0.014
cam-003,camera,1.30,55.2,90065,2.42,14,0.63,0.36,0.114,0.037
sensor-27,sensor,0.49,3.2,2757,0.10,3,0.90,0.08,0.320,0.005
router-05,router,1.04,27.6,68781,1.72,9,0.65,0.35,0.145,0.027
nvr-03,nvr,1.28,22.3,46532,1.48,6,0.70,0.29,0.186,0.020
access-ctrl-01,access_controller,0.79,11.4,10435,0.58,4,0.85,0.14,0.218,0.013
thermostat-16,thermostat,0.84,7.1,4456,0.34,3,0.66,0.33,0.199,0.012
plug-19,smart_plug,0.50,2.6,1419,0.15,2,0.56,0.43,0.313,0.014
cam-001,camera,1.13,43.7,104327,2.22,9,0.59,0.41,0.100,0.029
sensor-27,sensor,0.57,3.9,1063,0.10,3,0.88,0.09,0.316,0.009
router-14,router,1.01,31.9,45032,1.78,8,0.62,0.37,0.129,0.021
nvr-05,nvr,1.19,24.0,45762,1.17,3,0.70,0.27,0.173,0.018
access-ctrl-07,access_controller,0.75,10.7,10631,0.49,2,0.81,0.17,0.218,0.007
thermostat-20,thermostat,0.64,8.2,3672,0.41,3,0.77,0.20,0.195,0.017
plug-25,smart_plug,0.43,3.6,753,0.15,1,0.52,0.47,0.337,0.014
cam-002,camera,1.21,51.6,107777,2.38,9,0.62,0.37,0.096,0.025
sensor-07,sensor,0.55,4.5,1111,0.10,1,0.88,0.10,0.238,0.009
router-20,router,0.87,38.9,47673,1.81,9,0.63,0.36,0.125,0.025
nvr-05,nvr,1.25,24.2,32902,1.77,5,0.73,0.27,0.203,0.020
access-ctrl-07,access_controller,0.73,9.1,10429,0.83,4,0.78,0.22,0.239,0.013
thermostat-20,thermostat,0.70,7.9,3613,0.48,2,0.69,0.30,0.198,0.016
plug-22,smart_plug,0.38,2.2,891,0.08,1,0.47,0.52,0.312,0.011
cam-002,camera,1.42,63.4,105825,2.79,8,0.58,0.41,0.099,0.025
sensor-30,sensor,0.67,5.1,1007,0.17,3,0.88,0.10,0.274,0.010
router-17,router,0.74,28.0,47871,2.22,5,0.63,0.36,0.150,0.025
nvr-02,nvr,0.96,22.0,43899,1.40,3,0.80,0.17,0.177,0.011
access-ctrl-04,access_controller,0.57,10.8,12486,0.81,4,0.86,0.14,0.264,0.012
thermostat-13,thermostat,0.81,5.3,4403,0.34,2,0.69,0.30,0.218,0.016
plug-31,smart_plug,0.48,2.3,1618,0.13,1,0.55,0.45,0.312,0.014
cam-003,camera,1.07,64.5,70506,1.78,7,0.58,0.42,0.077,0.031
sensor-12,sensor,0.45,2.8,2667,0.25,3,0.87,0.10,0.273,0.005
router-14,router,0.78,43.7,42239,1.76,9,0.62,0.37,0.159,0.028
nvr-06,nvr,1.25,21.2,39700,1.65,4,0.67,0.30,0.202,0.014
access-ctrl-01,access_controller,0.71,9.9,12861,0.46,4,0.75,0.24,0.229,0.008
thermostat-28,thermostat,0.65,7.5,5893,0.44,2,0.67,0.32,0.214,0.014
plug-19,smart_plug,0.39,2.4,1643,0.16,1,0.55,0.44,0.309,0.008
cam-002,camera,1.20,49.7,70795,2.18,10,0.59,0.39,0.079,0.027
sensor-24,sensor,0.59,5.9,2613,0.26,1,0.87,0.11,0.260,0.011
router-02,router,0.83,41.8,54367,1.62,8,0.63,0.35,0.139,0.028
nvr-05,nvr,1.15,26.6,52630,1.76,6,0.79,0.20,0.179,0.019
access-ctrl-02,access_controller,0.68,9.3,14074,0.70,3,0.86,0.12,0.254,0.014
thermostat-16,thermostat,0.81,5.8,3931,0.44,2,0.75,0.24,0.224,0.014
plug-11,smart_plug,0.38,3.3,1367,0.11,1,0.54,0.44,0.364,0.011
cam-004,camera,1.39,48.0,94914,2.11,7,0.57,0.43,0.101,0.036
sensor-24,sensor,0.59,3.4,2052,0.21,2,0.85,0.14,0.256,0.009
router-17,router,0.76,29.7,49395,2.17,9,0.68,0.29,0.138,0.028
nvr-06,nvr,1.23,25.8,58820,1.71,4,0.78,0.20,0.207,0.017
access-ctrl-03,access_controller,0.68,10.7,12484,0.84,2,0.77,0.21,0.221,0.012
thermostat-16,thermostat,0.69,5.9,4038,0.36,2,0.70,0.28,0.220,0.013
plug-19,smart_plug,0.50,4.2,1089,0.15,2,0.50,0.50,0.312,0.011
cam-001,camera,1.05,60.1,106835,2.25,7,0.70,0.30,0.089,0.035
sensor-12,sensor,0.58,3.5,2406,0.27,1,0.78,0.22,0.258,0.005
router-17,router,0.94,39.6,70427,2.10,5,0.73,0.25,0.120,0.026
nvr-01,nvr,0.92,29.5,39837,1.64,4,0.77,0.20,0.181,0.014
access-ctrl-03,access_controller,0.68,8.8,10977,0.57,2,0.82,0.17,0.237,0.011
thermostat-28,thermostat,0.67,6.2,5495,0.27,4,0.77,0.23,0.224,0.011
plug-25,smart_plug,0.42,3.5,1548,0.13,1,0.53,0.47,0.347,0.011
cam-004,camera,1.07,42.5,105792,2.91,13,0.70,0.28,0.115,0.024
sensor-21,sensor,0.67,3.2,1185,0.11,1,0.82,0.16,0.249,0.010
router-11,router,0.91,25.8,53690,2.33,7,0.72,0.28,0.155,0.029
nvr-06,nvr,1.08,20.0,58995,1.26,6,0.77,0.22,0.198,0.018
access-ctrl-04,access_controller,0.74,10.6,14132,0.68,2,0.79,0.18,0.227,0.011
thermostat-28,thermostat,0.88,7.9,3578,0.38,2,0.67,0.32,0.231,0.013
plug-11,smart_plug,0.50,2.5,1740,0.10,1,0.50,0.48,0.357,0.011
cam-004,camera,1.14,47.5,76125,1.95,14,0.59,0.39,0.090,0.034
sensor-24,sensor,0.49,3.4,2244,0.19,2,0.87,0.13,0.256,0.011
router-05,router,0.77,42.1,45363,2.28,8,0.59,0.39,0.140,0.028
nvr-04,nvr,1.17,25.7,41162,1.58,3,0.75,0.24,0.153,0.012
access-ctrl-04,access_controller,0.64,9.7,13790,0.80,4,0.87,0.12,0.253,0.014
thermostat-09,thermostat,0.88,6.5,3670,0.49,3,0.68,0.31,0.195,0.013
plug-31,smart_plug,0.41,2.3,1484,0.15,2,0.46,0.52,0.315,0.010
cam-006,camera,1.26,43.2,76496,1.84,7,0.62,0.37,0.092,0.024
sensor-27,sensor,0.54,3.3,1759,0.22,1,0.79,0.20,0.285,0.012
router-05,router,0.90,39.3,41726,1.66,5,0.61,0.37,0.154,0.023
nvr-05,nvr,0.87,23.1,38693,1.38,4,0.72,0.26,0.161,0.012
access-ctrl-07,access_controller,0.67,11.2,9655,0.49,3,0.82,0.17,0.220,0.008
thermostat-24,thermostat,0.67,7.5,4593,0.29,4,0.74,0.25,0.208,0.013
plug-19,smart_plug,0.34,3.4,1259,0.09,2,0.47,0.50,0.342,0.014
cam-001,camera,1.07,60.6,86351,2.60,11,0.63,0.35,0.101,0.025
sensor-24,sensor,0.66,3.1,1415,0.11,2,0.80,0.17,0.270,0.005
router-02,router,0.75,26.9,48540,1.84,10,0.74,0.23,0.158,0.023
nvr-01,nvr,0.99,26.3,46736,1.49,6,0.79,0.19,0.153,0.019
access-ctrl-04,access_controller,0.62,9.4,10257,0.64,3,0.77,0.22,0.259,0.013
thermostat-04,thermostat,0.70,7.1,3624,0.43,3,0.66,0.31,0.207,0.018
plug-25,smart_plug,0.41,2.3,1688,0.09,2,0.45,0.54,0.357,0.008
cam-006,camera,1.42,53.4,104911,2.06,9,0.63,0.37,0.095,0.035
sensor-18,sensor,0.53,2.9,948,0.10,2,0.78,0.19,0.238,0.005
router-05,router,0.96,32.5,60835,1.84,5,0.66,0.33,0.132,0.027
nvr-03,nvr,1.25,24.8,53430,1.35,4,0.74,0.24,0.193,0.012
access-ctrl-06,access_controller,0.72,8.0,14556,0.75,4,0.84,0.14,0.227,0.008
thermostat-24,thermostat,0.71,8.0,3514,0.27,2,0.74,0.23,0.204,0.018
plug-19,smart_plug,0.46,4.1,769,0.17,2,0.55,0.44,0.330,0.009
cam-005,camera,1.33,52.1,100408,2.84,11,0.67,0.31,0.091,0.025
sensor-07,sensor,0.54,4.0,1502,0.23,2,0.84,0.16,0.290,0.007
router-11,router,0.95,29.6,45985,1.63,10,0.69,0.29,0.126,0.023
nvr-02,nvr,1.24,20.7,57530,1.43,5,0.82,0.16,0.164,0.019
access-ctrl-03,access_controller,0.55,10.1,9567,0.69,2,0.86,0.14,0.216,0.013
thermostat-24,thermostat,0.81,8.2,3777,0.30,3,0.71,0.26,0.224,0.019
plug-29,smart_plug,0.38,3.8,1671,0.07,2,0.55,0.44,0.309,0.011
cam-004,camera,1.46,45.8,101037,2.73,10,0.70,0.28,0.076,0.029
sensor-21,sensor,0.63,4.0,1093,0.16,1,0.91,0.07,0.323,0.008
router-05,router,0.86,27.5,50592,2.19,9,0.69,0.30,0.126,0.027
nvr-04,nvr,1.26,17.0,34746,1.77,6,0.70,0.27,0.177,0.012
access-ctrl-05,access_controller,0.68,9.3,10037,0.65,2,0.76,0.22,0.244,0.012
thermostat-04,thermostat,0.88,7.0,3612,0.40,2,0.75,0.24,0.234,0.012
plug-19,smart_plug,0.36,3.9,1101,0.13,2,0.54,0.44,0.366,0.013
cam-001,camera,1.35,51.7,99040,2.16,14,0.59,0.40,0.087,0.037
sensor-30,sensor,0.51,4.1,2104,0.26,2,0.89,0.09,0.302,0.006
router-17,router,1.01,28.9,71919,1.63,9,0.73,0.26,0.132,0.023
nvr-03,nvr,1.25,20.3,39790,1.41,6,0.78,0.22,0.202,0.013
access-ctrl-04,access_controller,0.72,8.3,10620,0.71,4,0.82,0.15,0.257,0.011
thermostat-13,thermostat,0.82,6.9,4544,0.30,3,0.73,0.27,0.231,0.015
plug-29,smart_plug,0.35,4.0,1520,0.12,2,0.53,0.45,0.359,0.014
cam-007,camera,1.36,58.4,103651,2.79,11,0.59,0.39,0.091,0.031
sensor-30,sensor,0.65,3.0,1455,0.13,3,0.79,0.18,0.274,0.009
router-02,router,0.86,34.1,54776,1.74,8,0.60,0.38,0.127,0.025
nvr-02,nvr,1.20,22.5,42504,1.24,3,0.73,0.25,0.194,0.012
access-ctrl-02,access_controller,0.66,11.6,11740,0.85,3,0.80,0.19,0.260,0.007
thermostat-04,thermostat,0.66,5.7,5107,0.38,2,0.67,0.32,0.204,0.014
plug-25,smart_plug,0.39,2.7,1385,0.12,1,0.47,0.52,0.349,0.013
cam-005,camera,1.37,60.6,88187,2.05,10,0.71,0.28,0.106,0.036
sensor-21,sensor,0.58,4.4,2653,0.20,3,0.77,0.22,0.260,0.011
router-14,router,0.94,25.4,43880,2.33,7,0.66,0.32,0.147,0.020
nvr-06,nvr,1.14,21.3,42405,1.76,5,0.68,0.29,0.154,0.012
access-ctrl-01,access_controller,0.64,11.9,13249,0.75,4,0.87,0.11,0.212,0.013
thermostat-13,thermostat,0.67,5.3,4010,0.43,2,0.68,0.31,0.231,0.013
plug-14,smart_plug,0.40,3.7,822,0.16,1,0.50,0.47,0.344,0.012
cam-005,camera,1.48,64.4,69812,2.36,9,0.65,0.33,0.098,0.042
sensor-21,sensor,0.55,2.7,1147,0.12,3,0.87,0.13,0.318,0.010
router-02,router,1.00,43.5,55393,1.82,6,0.62,0.37,0.128,0.016
nvr-05,nvr,0.95,25.6,45900,1.11,3,0.82,0.18,0.172,0.011
access-ctrl-03,access_controller,0.57,11.0,11046,0.54,2,0.79,0.19,0.213,0.010
thermostat-04,thermostat,0.88,8.0,5862,0.39,4,0.65,0.32,0.212,0.020
plug-31,smart_plug,0.46,3.1,732,0.12,1,0.47,0.50,0.325,0.012
cam-006,camera,1.37,52.7,101666,2.89,12,0.58,0.40,0.109,0.030
sensor-18,sensor,0.63,4.0,1659,0.24,2,0.86,0.13,0.300,0.008
router-05,router,1.00,40.8,57685,2.05,7,0.66,0.33,0.140,0.021
nvr-05,nvr,1.19,16.4,35700,1.12,5,0.69,0.28,0.160,0.018
access-ctrl-06,access_controller,0.75,8.4,11879,0.55,4,0.76,0.24,0.244,0.010
thermostat-04,thermostat,0.66,5.0,4991,0.41,3,0.70,0.29,0.200,0.016
plug-11,smart_plug,0.50,3.4,1521,0.10,1,0.53,0.45,0.346,0.012
cam-007,camera,1.44,56.0,101058,2.15,9,0.66,0.32,0.115,0.035
sensor-27,sensor,0.44,3.8,2079,0.13,3,0.92,0.06,0.248,0.009
router-08,router,0.95,33.8,51166,1.77,9,0.75,0.24,0.117,0.017
nvr-03,nvr,1.09,29.5,53397,1.73,6,0.76,0.23,0.158,0.019
access-ctrl-01,access_controller,0.65,8.7,9357,0.69,4,0.87,0.11,0.213,0.008
thermostat-20,thermostat,0.70,5.0,3647,0.49,4,0.66,0.31,0.234,0.017
plug-31,smart_plug,0.40,3.2,1515,0.09,2,0.51,0.46,0.353,0.013
cam-001,camera,1.48,46.0,83362,2.34,14,0.63,0.36,0.076,0.029
sensor-18,sensor,0.43,5.3,2708,0.20,3,0.88,0.10,0.243,0.011
router-05,router,0.80,35.7,61236,2.35,8,0.63,0.35,0.116,0.019
nvr-05,nvr,1.23,16.1,49438,1.19,4,0.71,0.28,0.169,0.014
access-ctrl-05,access_controller,0.59,8.2,10251,0.51,3,0.84,0.14,0.261,0.009
thermostat-24,thermostat,0.81,6.5,5465,0.30,4,0.72,0.26,0.225,0.012
plug-14,smart_plug,0.38,2.8,1777,0.13,1,0.56,0.43,0.325,0.011
cam-006,camera,1.41,61.7,94702,1.80,7,0.63,0.35,0.098,0.037
sensor-27,sensor,0.61,4.1,1694,0.20,1,0.87,0.13,0.257,0.006
router-11,router,0.97,26.1,47319,1.59,8,0.66,0.32,0.125,0.023
nvr-04,nvr,0.99,23.8,52482,1.36,3,0.79,0.18,0.188,0.019
access-ctrl-04,access_controller,0.62,11.1,9885,0.82,2,0.80,0.20,0.254,0.010
thermostat-28,thermostat,0.87,6.0,5645,0.33,3,0.72,0.28,0.223,0.014
plug-25,smart_plug,0.47,2.4,1094,0.09,1,0.49,0.50,0.314,0.009
cam-004,camera,1.14,51.6,94573,2.88,12,0.64,0.34,0.112,0.032
sensor-12,sensor,0.42,2.9,2650,0.08,3,0.81,0.17,0.292,0.005
router-08,router,0.73,42.8,51802,1.94,10,0.71,0.28,0.127,0.015
nvr-01,nvr,1.17,26.7,46606,1.63,3,0.80,0.18,0.187,0.016
access-ctrl-02,access_controller,0.73,11.9,9812,0.50,4,0.78,0.19,0.225,0.011
thermostat-24,thermostat,0.72,6.0,4083,0.36,2,0.72,0.27,0.232,0.012
plug-14,smart_plug,0.38,4.0,1387,0.09,1,0.48,0.50,0.335,0.013
cam-004,camera,1.47,65.0,102517,1.79,13,0.69,0.30,0.078,0.033
sensor-12,sensor,0.54,4.1,2596,0.22,1,0.86,0.12,0.284,0.011
router-05,router,0.91,27.2,64054,1.87,8,0.63,0.35,0.145,0.020
nvr-03,nvr,1.02,29.3,33298,1.64,5,0.75,0.23,0.194,0.021
access-ctrl-06,access_controller,0.54,10.5,12165,0.76,3,0.81,0.16,0.222,0.014
thermostat-04,thermostat,0.84,8.1,5117,0.51,4,0.75,0.23,0.238,0.012
plug-22,smart_plug,0.48,2.4,1531,0.11,2,0.47,0.51,0.316,0.010
cam-003,camera,1.38,53.8,85212,2.20,9,0.67,0.31,0.084,0.034
sensor-27,sensor,0.57,5.1,2319,0.25,1,0.83,0.15,0.300,0.010
router-05,router,0.81,32.9,70054,1.78,6,0.61,0.37,0.131,0.019
nvr-01,nvr,1.27,22.2,42470,1.64,6,0.72,0.25,0.171,0.018
access-ctrl-05,access_controller,0.60,7.9,10246,0.49,2,0.84,0.13,0.244,0.009
thermostat-04,thermostat,0.77,7.7,5356,0.50,3,0.71,0.28,0.233,0.017
plug-11,smart_plug,0.45,3.1,1028,0.11,2,0.46,0.52,0.343,0.009
cam-003,camera,1.40,45.7,73395,2.29,7,0.57,0.42,0.109,0.037
sensor-24,sensor,0.59,5.7,1770,0.08,2,0.88,0.12,0.274,0.007
router-08,router,0.88,37.7,68779,2.35,5,0.71,0.29,0.159,0.027
nvr-03,nvr,0.94,18.8,45820,1.43,5,0.76,0.22,0.207,0.017
access-ctrl-01,access_controller,0.72,8.5,12618,0.60,2,0.77,0.20,0.230,0.008
thermostat-09,thermostat,0.84,8.1,4803,0.50,4,0.77,0.22,0.239,0.012
plug-22,smart_plug,0.40,3.8,1491,0.13,2,0.50,0.47,0.357,0.013
cam-004,camera,1.25,53.4,80996,1.91,13,0.69,0.28,0.115,0.024
sensor-21,sensor,0.44,5.3,1936,0.26,2,0.79,0.20,0.253,0.007
router-11,router,1.00,42.9,59069,1.60,10,0.63,0.35,0.132,0.031
nvr-05,nvr,1.17,19.1,51640,1.66,5,0.75,0.23,0.186,0.015
access-ctrl-03,access_controller,0.72,8.4,12980,0.80,4,0.82,0.16,0.218,0.007
thermostat-28,thermostat,0.83,6.6,5209,0.39,3,0.72,0.27,0.238,0.011
plug-14,smart_plug,0.50,3.6,1732,0.09,1,0.48,0.50,0.348,0.009
cam-005,camera,1.34,51.4,80874,2.83,14,0.58,0.40,0.074,0.030
sensor-12,sensor,0.63,2.7,2673,0.21,1,0.91,0.09,0.311,0.009
router-14,router,1.02,38.7,55333,2.26,5,0.66,0.33,0.123,0.029
nvr-03,nvr,1.16,28.2,38097,1.39,3,0.76,0.22,0.163,0.018
access-ctrl-04,access_controller,0.77,11.4,9403,0.80,2,0.82,0.15,0.227,0.012
thermostat-09,thermostat,0.76,8.4,3784,0.47,3,0.69,0.31,0.223,0.018
plug-19,smart_plug,0.45,4.1,1040,0.13,2,0.46,0.54,0.368,0.012
cam-004,camera,1.38,64.0,95230,2.49,11,0.61,0.38,0.115,0.038
sensor-21,sensor,0.53,3.1,2327,0.10,2,0.79,0.20,0.326,0.010
router-08,router,0.85,28.0,56911,1.82,9,0.71,0.26,0.149,0.026
nvr-01,nvr,1.21,24.7,55178,1.57,6,0.68,0.31,0.190,0.015
access-ctrl-02,access_controller,0.73,11.4,11258,0.65,2,0.79,0.19,0.256,0.012
thermostat-24,thermostat,0.76,5.2,5750,0.44,3,0.67,0.30,0.200,0.018
plug-31,smart_plug,0.50,2.2,1739,0.08,2,0.52,0.47,0.350,0.011
cam-004,camera,1.42,51.5,87768,1.92,8,0.72,0.26,0.077,0.031
sensor-18,sensor,0.55,4.7,2014,0.11,2,0.79,0.19,0.280,0.011
router-20,router,0.97,39.6,68397,1.68,5,0.60,0.39,0.123,0.016
nvr-02,nvr,1.06,22.6,51502,1.47,6,0.76,0.22,0.185,0.016
access-ctrl-04,access_controller,0.65,10.2,14540,0.82,3,0.85,0.12,0.223,0.011
thermostat-04,thermostat,0.66,5.4,5371,0.33,4,0.75,0.23,0.212,0.018
plug-31,smart_plug,0.46,2.1,1597,0.09,2,0.54,0.44,0.342,0.010
cam-005,camera,1.24,59.3,78214,2.17,7,0.56,0.44,0.074,0.029
sensor-21,sensor,0.52,3.3,1185,0.23,3,0.86,0.13,0.317,0.005
router-20,router,0.94,37.3,69433,2.35,10,0.65,0.33,0.131,0.030
nvr-04,nvr,1.05,29.9,57002,1.19,4,0.70,0.30,0.167,0.016
access-ctrl-04,access_controller,0.62,8.7,11956,0.52,2,0.80,0.19,0.250,0.011
thermostat-28,thermostat,0.80,6.6,4540,0.46,3,0.75,0.24,0.213,0.016
plug-11,smart_plug,0.36,3.4,1785,0.15,2,0.53,0.46,0.366,0.014
cam-002,camera,1.19,48.5,85028,2.02,10,0.71,0.29,0.099,0.036
sensor-21,sensor,0.48,2.8,1241,0.28,3,0.93,0.05,0.285,0.011
router-08,router,0.74,28.4,50938,2.25,11,0.66,0.34,0.121,0.026
nvr-04,nvr,1.21,18.3,49482,1.36,5,0.75,0.22,0.214,0.011
access-ctrl-02,access_controller,0.65,9.0,10770,0.77,2,0.88,0.12,0.222,0.011
thermostat-09,thermostat,0.76,7.0,4821,0.30,2,0.77,0.23,0.222,0.013
plug-31,smart_plug,0.38,2.1,1539,0.16,2,0.53,0.45,0.350,0.009
cam-006,camera,1.29,64.3,89308,2.01,12,0.58,0.40,0.090,0.038
sensor-30,sensor,0.62,4.8,1495,0.21,2,0.89,0.10,0.257,0.010
router-14,router,1.02,25.1,68279,1.94,10,0.68,0.30,0.145,0.024
nvr-02,nvr,1.06,17.1,54955,1.34,5,0.68,0.30,0.154,0.014
access-ctrl-06,access_controller,0.72,11.4,9283,0.52,2,0.86,0.13,0.239,0.011
thermostat-04,thermostat,0.74,7.2,4578,0.32,4,0.69,0.30,0.207,0.013
plug-22,smart_plug,0.51,4.1,970,0.13,1,0.45,0.54,0.358,0.015
cam-004,camera,1.06,43.8,105592,2.39,9,0.63,0.36,0.077,0.028
sensor-27,sensor,0.61,4.1,2218,0.26,2,0.83,0.15,0.242,0.012
router-05,router,1.05,41.4,60881,1.92,5,0.72,0.26,0.127,0.020
nvr-02,nvr,1.03,17.2,32657,1.15,6,0.73,0.26,0.188,0.011
access-ctrl-01,access_controller,0.65,8.3,9738,0.54,4,0.85,0.13,0.225,0.011
thermostat-09,thermostat,0.81,7.3,4625,0.50,4,0.70,0.27,0.207,0.015
plug-29,smart_plug,0.48,3.2,1555,0.09,2,0.51,0.47,0.313,0.012
cam-006,camera,1.23,45.0,70991,1.99,8,0.62,0.36,0.116,0.025
sensor-27,sensor,0.46,4.4,2160,0.08,1,0.82,0.16,0.276,0.012
router-02,router,1.02,44.5,51243,1.68,5,0.72,0.28,0.128,0.028
nvr-02,nvr,0.91,16.6,34315,1.47,3,0.80,0.18,0.156,0.019
access-ctrl-07,access_controller,0.61,12.0,12843,0.49,4,0.84,0.14,0.254,0.010
thermostat-20,thermostat,0.87,5.9,5259,0.37,4,0.66,0.34,0.208,0.020
plug-14,smart_plug,0.49,2.1,842,0.16,1,0.56,0.42,0.357,0.010
cam-006,camera,1.47,63.9,96298,2.49,10,0.66,0.34,0.098,0.036
sensor-21,sensor,0.63,4.2,2015,0.22,1,0.80,0.19,0.252,0.006
router-05,router,0.91,31.8,51992,2.10,10,0.61,0.38,0.122,0.025
nvr-05,nvr,0.94,20.3,51558,1.77,5,0.82,0.18,0.174,0.014
access-ctrl-06,access_controller,0.60,9.7,12468,0.79,4,0.87,0.13,0.216,0.012
thermostat-28,thermostat,0.76,6.3,4354,0.34,4,0.69,0.29,0.217,0.016
plug-29,smart_plug,0.46,3.9,871,0.09,1,0.56,0.41,0.346,0.015
cam-006,camera,1.47,42.8,107141,2.25,7,0.60,0.38,0.108,0.028
sensor-27,sensor,0.51,4.8,1154,0.08,3,0.78,0.22,0.313,0.008
router-14,router,1.02,37.2,46252,1.97,8,0.71,0.27,0.121,0.025
nvr-01,nvr,1.08,18.4,37228,1.28,6,0.73,0.26,0.206,0.020
access-ctrl-02,access_controller,0.60,10.5,13961,0.54,3,0.83,0.15,0.232,0.007
thermostat-04,thermostat,0.86,7.2,5145,0.49,3,0.67,0.30,0.198,0.018
plug-29,smart_plug,0.37,4.0,945,0.12,1,0.46,0.52,0.331,0.009
cam-007,camera,1.45,58.2,91294,2.35,10,0.66,0.32,0.116,0.041
sensor-30,sensor,0.42,4.4,1938,0.10,1,0.89,0.08,0.260,0.010
router-20,router,0.99,41.1,66118,2.40,5,0.68,0.32,0.143,0.030
nvr-04,nvr,0.94,27.3,55110,1.50,6,0.75,0.23,0.168,0.014
access-ctrl-04,access_controller,0.66,11.2,14288,0.63,4,0.87,0.13,0.226,0.012
thermostat-04,thermostat,0.83,5.3,5448,0.45,2,0.69,0.29,0.235,0.015
plug-31,smart_plug,0.41,2.1,799,0.09,2,0.49,0.49,0.349,0.015
cam-005,camera,1.19,49.9,107481,2.36,7,0.65,0.32,0.105,0.041
sensor-21,sensor,0.43,4.8,2346,0.12,2,0.92,0.05,0.282,0.006
router-02,router,0.79,43.5,63049,2.41,11,0.69,0.30,0.156,0.029
nvr-03,nvr,1.27,24.4,42325,1.21,6,0.75,0.23,0.163,0.010
access-ctrl-02,access_controller,0.69,11.6,8894,0.52,3,0.80,0.19,0.236,0.007
thermostat-28,thermostat,0.77,6.9,5412,0.27,3,0.71,0.28,0.197,0.020
plug-25,smart_plug,0.41,3.2,1703,0.06,2,0.46,0.52,0.321,0.009
cam-004,camera,1.28,43.0,105050,2.81,8,0.62,0.38,0.111,0.023
sensor-18,sensor,0.58,4.9,2471,0.13,3,0.78,0.21,0.305,0.008
router-17,router,0.77,44.9,70805,1.97,10,0.60,0.39,0.134,0.031
nvr-04,nvr,0.94,26.1,33390,1.27,3,0.73,0.27,0.194,0.018
access-ctrl-05,access_controller,0.77,10.1,12612,0.48,4,0.76,0.23,0.261,0.011
thermostat-13,thermostat,0.85,8.2,5338,0.49,2,0.66,0.33,0.212,0.014
plug-19,smart_plug,0.38,2.4,1684,0.15,2,0.55,0.44,0.347,0.011
cam-006,camera,1.29,46.3,97601,2.10,7,0.68,0.30,0.076,0.043
sensor-21,sensor,0.56,2.8,2759,0.25,3,0.91,0.06,0.314,0.012
router-02,router,0.96,38.6,72158,1.70,10,0.68,0.29,0.119,0.029
nvr-06,nvr,1.14,27.0,47837,1.71,3,0.74,0.25,0.157,0.019
access-ctrl-07,access_controller,0.56,9.4,11563,0.57,2,0.79,0.18,0.213,0.011
thermostat-20,thermostat,0.68,8.1,5441,0.50,2,0.74,0.26,0.206,0.018
plug-25,smart_plug,0.44,2.6,983,0.14,1,0.56,0.42,0.352,0.010
cam-004,camera,1.22,42.8,79984,2.10,10,0.56,0.43,0.092,0.040
sensor-12,sensor,0.56,5.6,2573,0.11,2,0.82,0.17,0.283,0.010
router-11,router,0.94,36.7,69037,1.82,7,0.60,0.40,0.130,0.030
nvr-02,nvr,0.89,18.1,51193,1.17,6,0.81,0.18,0.206,0.012
access-ctrl-07,access_controller,0.68,10.5,12860,0.46,2,0.78,0.20,0.225,0.014
thermostat-04,thermostat,0.84,5.9,3842,0.27,3,0.66,0.32,0.203,0.013
plug-31,smart_plug,0.42,3.6,895,0.07,1,0.49,0.49,0.314,0.011
cam-004,camera,1.15,58.5,101195,1.71,13,0.67,0.30,0.112,0.039
sensor-12,sensor,0.61,3.9,2344,0.12,2,0.89,0.09,0.315,0.007
router-05,router,0.77,38.5,55239,2.08,8,0.70,0.29,0.128,0.026
nvr-01,nvr,1.08,18.2,57306,1.28,4,0.80,0.18,0.165,0.010
access-ctrl-07,access_controller,0.59,10.2,9979,0.64,4,0.87,0.11,0.263,0.008
thermostat-24,thermostat,0.65,5.7,4503,0.36,2,0.69,0.28,0.223,0.019
plug-14,smart_plug,0.46,3.0,889,0.06,1,0.53,0.45,0.325,0.010
cam-004,camera,1.26,51.9,68700,2.47,13,0.61,0.36,0.090,0.026
sensor-30,sensor,0.64,3.2,1100,0.18,3,0.84,0.14,0.301,0.011
router-02,router,0.98,43.3,71520,1.92,5,0.67,0.32,0.138,0.021
nvr-02,nvr,0.93,28.8,51021,1.33,4,0.77,0.21,0.155,0.015
access-ctrl-03,access_controller,0.63,8.8,13595,0.47,2,0.82,0.16,0.249,0.008
thermostat-04,thermostat,0.65,6.6,5775,0.35,3,0.69,0.30,0.235,0.020
plug-31,smart_plug,0.38,4.1,1143,0.16,2,0.51,0.49,0.336,0.013
cam-001,camera,1.46,46.8,87054,2.00,13,0.65,0.33,0.097,0.042
sensor-24,sensor,0.52,4.1,2239,0.14,1,0.84,0.16,0.272,0.004
router-14,router,0.89,44.3,63366,1.64,8,0.73,0.26,0.148,0.024
nvr-05,nvr,1.09,27.1,46229,1.12,5,0.67,0.32,0.165,0.018
access-ctrl-06,access_controller,0.64,10.0,11108,0.85,2,0.87,0.11,0.218,0.011
thermostat-04,thermostat,0.75,6.6,5565,0.28,2,0.71,0.28,0.240,0.013
plug-19,smart_plug,0.45,2.8,1487,0.16,1,0.48,0.50,0.307,0.014
cam-005,camera,1.20,56.3,85231,1.86,14,0.56,0.42,0.094,0.036
sensor-12,sensor,0.58,5.6,926,0.22,3,0.88,0.09,0.299,0.012
router-20,router,0.93,43.0,69557,1.94,10,0.74,0.25,0.134,0.017
nvr-04,nvr,1.16,20.1,58398,1.27,4,0.83,0.17,0.153,0.014
access-ctrl-05,access_controller,0.58,9.0,10912,0.75,3,0.86,0.11,0.219,0.010
thermostat-28,thermostat,0.79,5.5,5657,0.41,3,0.73,0.25,0.220,0.014
plug-25,smart_plug,0.43,2.2,1496,0.13,1,0.47,0.52,0.365,0.013
cam-002,camera,1.07,43.1,94755,2.86,14,0.61,0.39,0.109,0.028
sensor-24,sensor,0.52,3.9,2191,0.22,3,0.77,0.21,0.305,0.010
router-05,router,1.03,35.8,61179,2.00,9,0.67,0.32,0.119,0.031
nvr-03,nvr,1.19,22.4,48257,1.22,5,0.76,0.22,0.205,0.020
access-ctrl-04,access_controller,0.73,12.0,10605,0.51,4,0.77,0.22,0.239,0.010
thermostat-28,thermostat,0.78,7.5,3966,0.40,2,0.65,0.34,0.208,0.016
plug-19,smart_plug,0.43,2.3,1729,0.11,2,0.49,0.50,0.310,0.013
cam-001,camera,1.39,43.5,86851,2.28,13,0.66,0.34,0.099,0.036
sensor-07,sensor,0.60,5.5,2336,0.21,3,0.84,0.14,0.251,0.010
router-11,router,1.06,38.4,40276,2.33,11,0.64,0.36,0.115,0.021
nvr-03,nvr,1.05,25.7,50366,1.53,3,0.78,0.20,0.170,0.013
access-ctrl-06,access_controller,0.68,10.4,12070,0.78,2,0.82,0.16,0.224,0.012
thermostat-16,thermostat,0.84,6.1,5793,0.31,2,0.67,0.31,0.201,0.017
plug-22,smart_plug,0.50,4.1,1326,0.05,1,0.46,0.53,0.316,0.013
cam-001,camera,1.39,62.8,101989,2.38,10,0.66,0.32,0.077,0.039
sensor-12,sensor,0.49,4.9,2055,0.15,2,0.78,0.22,0.267,0.005
router-14,router,0.76,28.7,44109,1.84,9,0.61,0.36,0.154,0.018
nvr-05,nvr,1.14,29.8,35007,1.58,4,0.69,0.28,0.159,0.015
access-ctrl-02,access_controller,0.67,8.5,12182,0.64,4,0.79,0.21,0.229,0.010
thermostat-09,thermostat,0.68,5.1,4477,0.27,4,0.75,0.24,0.210,0.017
plug-19,smart_plug,0.40,2.5,1329,0.13,2,0.51,0.48,0.344,0.012
cam-003,camera,1.32,59.0,96110,2.35,8,0.70,0.29,0.077,0.037
sensor-07,sensor,0.43,3.4,2209,0.09,2,0.79,0.19,0.255,0.008
router-17,router,0.84,38.5,67679,2.41,10,0.68,0.32,0.155,0.022
nvr-02,nvr,0.97,24.7,38329,1.74,4,0.75,0.24,0.210,0.018
access-ctrl-01,access_controller,0.68,7.7,10890,0.64,3,0.86,0.12,0.230,0.011
thermostat-28,thermostat,0.86,7.6,4310,0.34,3,0.71,0.27,0.240,0.012
plug-31,smart_plug,0.48,3.5,1529,0.06,1,0.46,0.51,0.311,0.009
cam-002,camera,1.27,42.3,74001,1.74,9,0.71,0.29,0.104,0.039
sensor-24,sensor,0.60,4.8,1182,0.18,3,0.88,0.11,0.288,0.005
router-08,router,0.81,26.9,39187,1.92,6,0.62,0.36,0.143,0.025
nvr-05,nvr,1.20,26.5,52966,1.43,4,0.69,0.30,0.203,0.017
access-ctrl-02,access_controller,0.61,11.6,12823,0.55,2,0.83,0.14,0.245,0.010
thermostat-09,thermostat,0.84,8.0,3705,0.33,3,0.75,0.24,0.205,0.014
plug-22,smart_plug,0.37,3.8,1112,0.12,1,0.46,0.52,0.312,0.012
cam-001,camera,1.21,42.9,87422,1.79,7,0.56,0.44,0.105,0.038
sensor-12,sensor,0.66,3.6,1266,0.09,2,0.89,0.09,0.308,0.009
router-08,router,0.79,28.6,45661,2.37,11,0.61,0.36,0.144,0.028
nvr-01,nvr,0.99,25.3,46177,1.44,5,0.81,0.17,0.204,0.011
access-ctrl-02,access_controller,0.57,11.5,8912,0.50,2,0.75,0.24,0.257,0.007
thermostat-20,thermostat,0.86,6.1,3669,0.47,3,0.72,0.27,0.201,0.018
plug-14,smart_plug,0.43,2.6,1109,0.07,1,0.55,0.45,0.345,0.014
cam-001,camera,1.22,64.1,79269,2.71,10,0.63,0.36,0.099,0.027
sensor-07,sensor,0.56,3.2,2188,0.20,2,0.88,0.11,0.249,0.005
router-11,router,0.76,39.4,66845,1.70,9,0.61,0.38,0.117,0.020
nvr-06,nvr,0.98,24.2,34113,1.50,6,0.82,0.15,0.160,0.016
access-ctrl-05,access_controller,0.72,8.0,13617,0.69,3,0.82,0.15,0.256,0.007
thermostat-09,thermostat,0.75,5.6,5458,0.51,4,0.72,0.28,0.194,0.016
plug-31,smart_plug,0.41,3.5,993,0.12,1,0.47,0.51,0.341,0.014
cam-001,camera,1.31,61.4,84927,1.87,11,0.57,0.41,0.112,0.038
sensor-24,sensor,0.60,4.9,1300,0.19,2,0.87,0.13,0.275,0.011
router-11,router,0.92,27.7,64822,1.81,8,0.64,0.35,0.136,0.016
nvr-01,nvr,1.17,25.8,49445,1.15,3,0.79,0.19,0.214,0.019
access-ctrl-03,access_controller,0.61,8.2,10191,0.73,3,0.78,0.22,0.261,0.012
thermostat-16,thermostat,0.83,8.1,5685,0.41,3,0.74,0.25,0.223,0.012
plug-14,smart_plug,0.44,4.0,1200,0.13,2,0.51,0.46,0.309,0.012
cam-002,camera,1.26,57.3,78668,2.37,9,0.59,0.40,0.113,0.042
sensor-12,sensor,0.60,5.5,1869,0.15,2,0.88,0.11,0.294,0.011
router-08,router,0.75,42.2,69512,1.69,8,0.65,0.33,0.119,0.022
nvr-03,nvr,1.13,24.6,34134,1.66,3,0.82,0.15,0.198,0.019
access-ctrl-04,access_controller,0.69,10.5,9017,0.73,4,0.82,0.16,0.234,0.012
thermostat-20,thermostat,0.75,6.6,4551,0.41,2,0.68,0.29,0.196,0.014
plug-31,smart_plug,0.51,3.7,1164,0.07,1,0.51,0.48,0.360,0.011
cam-007,camera,1.07,54.2,105160,2.31,14,0.68,0.32,0.093,0.024
sensor-21,sensor,0.56,3.5,2371,0.14,1,0.88,0.10,0.246,0.009
router-17,router,0.77,28.7,44642,2.25,10,0.60,0.37,0.158,0.015
nvr-04,nvr,1.06,18.9,55249,1.56,4,0.78,0.20,0.169,0.013
access-ctrl-03,access_controller,0.63,9.5,12629,0.58,3,0.84,0.15,0.228,0.010
thermostat-20,thermostat,0.63,7.3,5791,0.39,3,0.70,0.30,0.235,0.017
plug-14,smart_plug,0.33,2.4,1264,0.07,2,0.52,0.48,0.318,0.011
cam-003,camera,1.25,53.1,69266,2.92,10,0.66,0.33,0.094,0.025
sensor-30,sensor,0.56,3.9,2860,0.23,1,0.79,0.19,0.294,0.005
router-14,router,1.06,37.1,68490,2.35,6,0.60,0.38,0.125,0.029
nvr-07,nvr,0.90,18.0,53044,1.33,6,0.69,0.29,0.165,0.020
access-ctrl-01,access_controller,0.62,10.6,9966,0.70,2,0.84,0.13,0.230,0.011
thermostat-09,thermostat,0.72,5.6,5884,0.45,4,0.70,0.29,0.196,0.019
plug-19,smart_plug,0.51,3.0,1718,0.08,2,0.56,0.42,0.314,0.010
cam-007,camera,1.13,42.3,90529,1.90,11,0.68,0.29,0.087,0.035
sensor-12,sensor,0.49,5.1,1823,0.10,3,0.84,0.14,0.251,0.009
router-05,router,0.96,26.5,48464,2.11,11,0.67,0.31,0.139,0.017
nvr-03,nvr,1.13,27.7,57522,1.47,6,0.81,0.18,0.179,0.019
access-ctrl-05,access_controller,0.77,8.1,12498,0.59,2,0.85,0.12,0.239,0.013
thermostat-24,thermostat,0.75,5.9,3829,0.32,4,0.69,0.28,0.217,0.012
plug-14,smart_plug,0.38,3.4,1370,0.11,1,0.51,0.46,0.328,0.009
cam-007,camera,1.21,46.5,69277,2.21,13,0.67,0.31,0.113,0.029
sensor-18,sensor,0.55,3.2,1933,0.25,1,0.92,0.05,0.262,0.005
router-02,router,0.99,42.4,39922,1.75,6,0.70,0.28,0.123,0.028
nvr-05,nvr,1.01,21.5,57924,1.35,3,0.75,0.23,0.164,0.017
access-ctrl-06,access_controller,0.72,9.8,10693,0.51,2,0.83,0.15,0.221,0.010
thermostat-16,thermostat,0.86,5.3,5087,0.41,4,0.77,0.22,0.226,0.013
plug-11,smart_plug,0.36,3.7,884,0.06,1,0.50,0.48,0.323,0.009
cam-006,camera,1.42,60.3,104634,2.01,8,0.59,0.39,0.076,0.040
sensor-21,sensor,0.53,3.7,2244,0.23,3,0.86,0.13,0.307,0.005
router-20,router,0.75,40.3,63939,2.15,9,0.63,0.35,0.144,0.018
nvr-05,nvr,0.95,16.7,47519,1.58,4,0.73,0.25,0.168,0.016
access-ctrl-06,access_controller,0.54,10.3,13448,0.68,2,0.87,0.11,0.263,0.010
thermostat-24,thermostat,0.77,5.0,4861,0.29,2,0.66,0.34,0.236,0.018
plug-22,smart_plug,0.40,3.6,841,0.12,1,0.45,0.53,0.337,0.010
cam-003,camera,1.48,49.4,99690,2.55,13,0.63,0.35,0.112,0.038
sensor-27,sensor,0.46,5.8,1081,0.17,3,0.82,0.17,0.261,0.010
router-11,router,0.80,44.5,67895,1.81,11,0.65,0.33,0.129,0.026
nvr-04,nvr,0.94,20.5,38364,1.15,4,0.81,0.17,0.211,0.019
access-ctrl-04,access_controller,0.60,10.7,13901,0.51,3,0.76,0.21,0.239,0.009
thermostat-13,thermostat,0.75,7.2,3515,0.42,4,0.68,0.31,0.220,0.019
plug-11,smart_plug,0.41,4.0,1787,0.14,1,0.47,0.50,0.364,0.010
cam-001,camera,1.13,54.9,78766,2.39,10,0.61,0.37,0.108,0.040
sensor-07,sensor,0.43,4.3,1039,0.19,2,0.83,0.14,0.305,0.006
router-05,router,0.77,44.8,61711,1.78,11,0.61,0.36,0.116,0.022
nvr-06,nvr,1.22,24.3,54070,1.17,5,0.80,0.19,0.167,0.015
access-ctrl-01,access_controller,0.74,9.5,14418,0.59,4,0.82,0.17,0.230,0.013
thermostat-13,thermostat,0.84,5.2,3917,0.48,4,0.76,0.23,0.217,0.011
plug-14,smart_plug,0.38,4.0,1663,0.09,2,0.52,0.47,0.312,0.009
cam-005,camera,1.32,59.3,97845,1.93,11,0.62,0.37,0.090,0.038
sensor-24,sensor,0.43,5.3,1625,0.14,1,0.83,0.17,0.286,0.007
router-20,router,0.92,29.0,66001,1.81,5,0.75,0.25,0.138,0.020
nvr-02,nvr,1.03,17.5,40288,1.76,5,0.79,0.20,0.208,0.018
access-ctrl-02,access_controller,0.79,10.8,11561,0.54,2,0.84,0.14,0.259,0.009
thermostat-04,thermostat,0.77,7.0,4901,0.46,3,0.75,0.23,0.216,0.013
plug-31,smart_plug,0.42,3.4,1070,0.08,1,0.55,0.43,0.361,0.014
cam-001,camera,1.19,63.3,80501,1.71,11,0.69,0.29,0.085,0.041
sensor-12,sensor,0.44,3.7,2835,0.20,3,0.86,0.12,0.253,0.012
router-08,router,0.94,39.9,71851,2.33,10,0.67,0.32,0.139,0.026
nvr-04,nvr,1.13,18.8,51648,1.61,5,0.70,0.27,0.202,0.019
access-ctrl-07,access_controller,0.78,7.7,14508,0.86,2,0.77,0.20,0.230,0.009
thermostat-20,thermostat,0.74,8.0,3508,0.48,3,0.76,0.22,0.200,0.015
plug-31,smart_plug,0.48,2.8,1745,0.10,1,0.51,0.46,0.327,0.008
cam-006,camera,1.43,58.9,105753,1.82,11,0.60,0.39,0.109,0.037
sensor-21,sensor,0.51,4.3,2846,0.11,3,0.83,0.16,0.252,0.004
router-02,router,1.05,30.1,58342,2.26,11,0.71,0.28,0.117,0.019
nvr-02,nvr,1.24,20.8,36513,1.10,3,0.77,0.23,0.157,0.016
access-ctrl-05,access_controller,0.65,11.5,13505,0.63,3,0.82,0.15,0.233,0.011
thermostat-24,thermostat,0.67,5.1,4162,0.40,2,0.77,0.21,0.208,0.014
plug-31,smart_plug,0.38,2.4,1221,0.13,2,0.47,0.50,0.344,0.011
cam-001,camera,1.47,54.9,104001,2.32,13,0.71,0.29,0.099,0.032
sensor-07,sensor,0.58,3.1,2693,0.08,1,0.81,0.17,0.322,0.010
router-02,router,0.84,27.9,67683,2.42,6,0.69,0.30,0.156,0.029
nvr-02,nvr,0.91,18.1,39029,1.30,4,0.71,0.29,0.209,0.016
access-ctrl-03,access_controller,0.55,10.1,12767,0.83,3,0.82,0.18,0.255,0.010
thermostat-16,thermostat,0.78,8.3,4885,0.34,2,0.66,0.33,0.195,0.013
plug-19,smart_plug,0.48,3.8,1192,0.12,2,0.46,0.54,0.364,0.010
cam-005,camera,1.42,57.1,77735,2.91,7,0.65,0.33,0.109,0.040
sensor-30,sensor,0.66,4.5,2553,0.17,1,0.83,0.14,0.265,0.005
router-05,router,0.72,28.1,71536,1.90,5,0.60,0.39,0.133,0.024
nvr-06,nvr,0.97,18.4,41386,1.78,5,0.78,0.20,0.188,0.015
access-ctrl-04,access_controller,0.57,9.8,8807,0.70,2,0.88,0.11,0.225,0.011
thermostat-16,thermostat,0.85,7.6,3762,0.45,3,0.76,0.22,0.235,0.012
plug-14,smart_plug,0.48,3.8,1469,0.08,1,0.54,0.45,0.342,0.013
cam-002,camera,1.26,55.4,94178,2.12,10,0.62,0.35,0.083,0.026
sensor-27,sensor,0.54,4.2,1089,0.14,2,0.89,0.11,0.312,0.010
router-05,router,0.91,31.9,52392,1.60,9,0.60,0.39,0.122,0.029
nvr-04,nvr,1.09,26.7,36661,1.44,5,0.79,0.21,0.179,0.021
access-ctrl-04,access_controller,0.56,12.0,14625,0.73,2,0.76,0.23,0.221,0.013
thermostat-20,thermostat,0.81,7.7,4090,0.43,2,0.66,0.33,0.204,0.015
plug-31,smart_plug,0.49,4.1,714,0.10,1,0.55,0.44,0.348,0.013
cam-006,camera,1.15,51.0,83246,2.36,13,0.58,0.41,0.100,0.033
sensor-21,sensor,0.60,2.8,1387,0.11,2,0.83,0.14,0.305,0.009
router-05,router,0.98,31.6,61053,1.59,7,0.64,0.34,0.120,0.024
nvr-05,nvr,1.16,16.0,35320,1.43,5,0.73,0.24,0.192,0.015
access-ctrl-06,access_controller,0.54,7.6,14332,0.68,4,0.82,0.17,0.239,0.011
thermostat-04,thermostat,0.67,6.7,4369,0.32,3,0.72,0.26,0.217,0.014
plug-29,smart_plug,0.44,4.2,1640,0.10,2,0.44,0.53,0.346,0.014
cam-004,camera,1.42,58.8,88206,2.27,9,0.63,0.34,0.108,0.024
sensor-27,sensor,0.44,5.6,1997,0.07,2,0.90,0.08,0.312,0.005
router-11,router,1.02,30.2,41352,2.26,6,0.59,0.41,0.121,0.025
nvr-07,nvr,0.95,17.5,45684,1.47,5,0.70,0.29,0.158,0.011
access-ctrl-05,access_controller,0.72,9.3,11156,0.77,2,0.83,0.15,0.252,0.007
thermostat-24,thermostat,0.75,6.4,5266,0.29,4,0.68,0.30,0.238,0.019
plug-25,smart_plug,0.50,3.3,855,0.12,1,0.50,0.50,0.363,0.012
cam-001,camera,1.18,51.7,104843,1.81,10,0.69,0.30,0.105,0.027
sensor-21,sensor,0.49,3.6,2066,0.24,3,0.92,0.06,0.253,0.007
router-08,router,0.76,30.8,65130,2.02,5,0.68,0.32,0.138,0.020
nvr-02,nvr,1.21,19.2,37735,1.66,3,0.68,0.30,0.155,0.012
access-ctrl-01,access_controller,0.69,9.3,10681,0.47,4,0.85,0.15,0.219,0.012
thermostat-16,thermostat,0.67,5.2,5021,0.35,3,0.68,0.32,0.210,0.019
plug-31,smart_plug,0.43,2.2,1667,0.06,1,0.49,0.50,0.311,0.009
cam-005,camera,1.47,48.8,100218,1.76,12,0.56,0.42,0.082,0.039
sensor-30,sensor,0.55,3.6,2851,0.12,3,0.89,0.10,0.239,0.009
router-05,router,0.91,42.9,65936,2.37,8,0.72,0.28,0.150,0.024
nvr-03,nvr,1.26,18.2,34946,1.30,6,0.77,0.21,0.186,0.018
access-ctrl-04,access_controller,0.66,10.2,12097,0.64,4,0.80,0.18,0.245,0.011
thermostat-20,thermostat,0.76,5.6,5079,0.37,2,0.75,0.24,0.230,0.017
plug-31,smart_plug,0.48,3.5,770,0.07,1,0.53,0.45,0.352,0.013
cam-007,camera,1.38,58.1,75139,2.25,10,0.64,0.34,0.087,0.024
sensor-18,sensor,0.57,3.0,1171,0.24,2,0.89,0.08,0.297,0.008
router-20,router,0.74,34.3,54359,2.37,9,0.63,0.36,0.132,0.031
nvr-04,nvr,0.87,23.9,33636,1.21,6,0.83,0.15,0.196,0.017
access-ctrl-07,access_controller,0.64,9.7,9359,0.57,3,0.85,0.14,0.248,0.012
thermostat-04,thermostat,0.65,7.2,5513,0.41,2,0.70,0.29,0.238,0.013
plug-14,smart_plug,0.37,2.6,1705,0.16,1,0.45,0.55,0.342,0.010
cam-002,camera,1.24,48.3,84507,2.22,9,0.59,0.41,0.094,0.031
sensor-24,sensor,0.47,5.3,2181,0.13,2,0.85,0.14,0.262,0.008
router-20,router,0.75,37.6,45449,2.05,6,0.70,0.30,0.147,0.029
nvr-03,nvr,0.87,29.9,58216,1.34,4,0.69,0.29,0.186,0.014
access-ctrl-03,access_controller,0.56,8.1,9753,0.61,2,0.81,0.18,0.265,0.011
thermostat-09,thermostat,0.72,5.8,5257,0.44,2,0.70,0.28,0.202,0.014
plug-19,smart_plug,0.39,2.5,1093,0.13,2,0.44,0.54,0.339,0.014
cam-001,camera,1.14,63.6,93191,1.75,10,0.56,0.43,0.076,0.026
sensor-27,sensor,0.52,4.6,2051,0.14,1,0.85,0.14,0.312,0.007
router-08,router,1.04,44.5,67690,1.69,6,0.63,0.36,0.140,0.031
nvr-03,nvr,1.25,21.2,54467,1.23,3,0.80,0.19,0.215,0.012
access-ctrl-04,access_controller,0.57,9.3,10866,0.51,2,0.76,0.22,0.239,0.013
thermostat-20,thermostat,0.64,5.9,4472,0.48,4,0.66,0.33,0.219,0.019
plug-19,smart_plug,0.47,3.0,828,0.09,2,0.56,0.42,0.340,0.010
cam-005,camera,1.25,62.9,103349,2.39,9,0.59,0.39,0.096,0.027
sensor-24,sensor,0.66,5.2,2418,0.11,1,0.78,0.21,0.292,0.011
router-11,router,0.74,38.3,54640,1.79,8,0.73,0.25,0.153,0.018
nvr-07,nvr,0.89,25.8,43412,1.49,4,0.79,0.19,0.193,0.011
access-ctrl-06,access_controller,0.55,11.6,9489,0.78,4,0.87,0.10,0.214,0.011
thermostat-20,thermostat,0.81,7.2,4178,0.43,2,0.75,0.24,0.203,0.019
plug-14,smart_plug,0.49,3.5,1226,0.08,1,0.46,0.54,0.309,0.008
cam-001,camera,1.14,44.3,104981,2.45,11,0.67,0.31,0.113,0.029
sensor-30,sensor,0.54,3.7,927,0.24,2,0.79,0.19,0.320,0.012
router-11,router,0.97,33.8,42321,2.31,9,0.59,0.41,0.149,0.029
nvr-01,nvr,0.88,16.1,36240,1.12,4,0.74,0.26,0.194,0.011
access-ctrl-01,access_controller,0.65,11.7,9115,0.70,3,0.83,0.14,0.260,0.008
thermostat-28,thermostat,0.65,7.6,4112,0.40,2,0.76,0.23,0.211,0.020
plug-29,smart_plug,0.45,3.4,1581,0.13,1,0.49,0.50,0.342,0.013
cam-005,camera,1.29,43.5,102295,1.71,9,0.68,0.31,0.101,0.025
sensor-18,sensor,0.52,4.2,1623,0.13,3,0.91,0.09,0.288,0.010
router-05,router,0.96,36.0,71193,2.18,6,0.59,0.38,0.153,0.028
nvr-02,nvr,1.06,18.4,43044,1.38,6,0.74,0.24,0.192,0.016
access-ctrl-07,access_controller,0.71,8.3,9036,0.49,3,0.86,0.13,0.238,0.013
thermostat-04,thermostat,0.71,6.7,5826,0.28,4,0.68,0.32,0.215,0.020
plug-22,smart_plug,0.39,4.2,1190,0.14,2,0.49,0.50,0.319,0.010
cam-004,camera,1.38,62.3,102093,1.74,12,0.62,0.36,0.088,0.029
sensor-18,sensor,0.50,5.3,1037,0.18,1,0.79,0.19,0.323,0.011
router-05,router,0.80,39.3,65046,1.95,10,0.70,0.30,0.146,0.021
nvr-03,nvr,0.90,19.6,43717,1.75,6,0.67,0.31,0.208,0.011
access-ctrl-07,access_controller,0.74,9.0,14464,0.47,4,0.77,0.21,0.261,0.008
thermostat-04,thermostat,0.83,7.0,5600,0.46,2,0.71,0.26,0.229,0.013
plug-14,smart_plug,0.48,3.3,1109,0.12,2,0.52,0.47,0.364,0.012
cam-002,camera,1.38,57.6,71996,1.86,13,0.63,0.36,0.099,0.039
sensor-24,sensor,0.50,4.0,935,0.13,2,0.90,0.10,0.322,0.005
router-05,router,1.04,31.2,48232,1.65,9,0.63,0.36,0.131,0.029
nvr-06,nvr,1.18,21.4,37077,1.36,6,0.82,0.16,0.208,0.018
access-ctrl-02,access_controller,0.65,9.8,12416,0.80,4,0.83,0.16,0.218,0.010
thermostat-28,thermostat,0.72,7.6,5711,0.42,2,0.73,0.24,0.216,0.015
plug-22,smart_plug,0.44,3.6,1611,0.11,2,0.50,0.49,0.328,0.013
cam-006,camera,1.15,57.6,88916,2.54,7,0.58,0.41,0.092,0.028
sensor-18,sensor,0.41,5.2,2009,0.25,2,0.87,0.11,0.265,0.012
router-08,router,1.01,41.0,52351,2.38,8,0.60,0.37,0.149,0.018
nvr-02,nvr,0.99,29.1,42655,1.31,3,0.69,0.30,0.207,0.012
access-ctrl-06,access_controller,0.77,9.1,13151,0.87,3,0.77,0.23,0.223,0.010
thermostat-24,thermostat,0.76,6.4,3988,0.35,2,0.66,0.31,0.232,0.018
plug-22,smart_plug,0.36,2.9,1125,0.08,2,0.50,0.48,0.351,0.012
cam-002,camera,1.29,55.5,102986,1.80,8,0.70,0.29,0.077,0.028
sensor-27,sensor,0.47,2.6,1930,0.12,3,0.92,0.07,0.326,0.010
router-17,router,0.80,31.0,41055,2.03,11,0.68,0.29,0.119,0.030
nvr-07,nvr,0.90,27.1,48339,1.73,6,0.74,0.24,0.167,0.019
access-ctrl-04,access_controller,0.65,10.0,9872,0.49,2,0.82,0.16,0.262,0.007
thermostat-28,thermostat,0.84,6.9,3851,0.37,2,0.76,0.24,0.195,0.019
plug-29,smart_plug,0.42,3.7,1069,0.10,1,0.47,0.51,0.307,0.013
cam-003,camera,1.31,53.4,107733,2.69,11,0.61,0.38,0.101,0.032
sensor-21,sensor,0.58,3.9,1886,0.13,2,0.80,0.18,0.317,0.008
router-05,router,1.00,37.3,40868,2.08,8,0.61,0.37,0.123,0.030
nvr-05,nvr,1.15,26.7,40667,1.49,6,0.81,0.19,0.153,0.014
access-ctrl-01,access_controller,0.63,11.9,13511,0.48,4,0.76,0.23,0.222,0.010
thermostat-16,thermostat,0.75,7.5,5092,0.28,4,0.77,0.21,0.240,0.013
plug-31,smart_plug,0.48,3.8,1747,0.13,1,0.54,0.44,0.317,0.013
cam-003,camera,1.10,46.3,103457,1.71,9,0.62,0.38,0.078,0.027
sensor-27,sensor,0.50,2.7,1183,0.14,3,0.79,0.19,0.244,0.012
router-08,router,1.04,40.0,57060,2.18,8,0.61,0.37,0.116,0.020
nvr-03,nvr,1.23,19.8,33118,1.65,6,0.78,0.20,0.213,0.017
access-ctrl-06,access_controller,0.79,7.9,11758,0.64,4,0.88,0.10,0.265,0.010
thermostat-24,thermostat,0.83,6.3,5356,0.45,3,0.70,0.28,0.198,0.013
plug-31,smart_plug,0.36,3.2,1610,0.11,1,0.56,0.43,0.308,0.012
cam-001,camera,1.30,54.0,100129,2.53,14,0.58,0.39,0.093,0.032
sensor-12,sensor,0.51,5.2,2782,0.16,2,0.83,0.16,0.290,0.006
router-05,router,0.92,30.8,55051,1.87,7,0.60,0.40,0.151,0.029
nvr-05,nvr,1.19,25.0,35651,1.10,3,0.78,0.19,0.164,0.011
access-ctrl-04,access_controller,0.73,7.9,11134,0.85,4,0.84,0.14,0.220,0.011
thermostat-24,thermostat,0.84,6.3,4919,0.42,2,0.77,0.21,0.230,0.018
plug-14,smart_plug,0.45,4.2,1239,0.16,2,0.49,0.48,0.325,0.013
cam-004,camera,1.27,65.9,98291,2.76,11,0.56,0.42,0.081,0.028
sensor-24,sensor,0.67,4.0,2063,0.22,1,0.90,0.08,0.268,0.010
router-11,router,1.05,40.3,57806,1.98,5,0.61,0.38,0.148,0.025
nvr-05,nvr,0.95,23.3,58838,1.48,6,0.70,0.28,0.167,0.021
access-ctrl-03,access_controller,0.57,10.9,14142,0.79,4,0.78,0.20,0.242,0.014
thermostat-13,thermostat,0.69,5.7,4518,0.37,2,0.66,0.33,0.202,0.011
plug-29,smart_plug,0.43,3.3,1216,0.07,2,0.47,0.52,0.344,0.009
cam-005,camera,1.44,46.6,97728,2.21,7,0.61,0.38,0.101,0.032
sensor-07,sensor,0.53,4.5,2136,0.10,3,0.84,0.13,0.315,0.012
router-17,router,1.03,40.8,45033,1.92,7,0.70,0.28,0.131,0.022
nvr-07,nvr,1.28,26.7,42294,1.39,4,0.73,0.26,0.188,0.013
access-ctrl-06,access_controller,0.64,9.5,14268,0.60,3,0.83,0.17,0.237,0.009
thermostat-13,thermostat,0.85,4.9,5403,0.47,4,0.65,0.34,0.214,0.019
plug-29,smart_plug,0.46,3.4,851,0.08,1,0.53,0.44,0.329,0.013
cam-003,camera,1.39,62.1,98743,2.20,9,0.70,0.29,0.107,0.029
sensor-24,sensor,0.67,4.1,2232,0.20,3,0.91,0.08,0.305,0.008
router-11,router,1.01,44.5,56907,2.00,11,0.62,0.36,0.158,0.029
nvr-03,nvr,1.27,29.5,48477,1.30,5,0.82,0.15,0.189,0.017
access-ctrl-06,access_controller,0.58,9.5,13160,0.78,3,0.80,0.19,0.260,0.008
thermostat-20,thermostat,0.85,8.0,4232,0.30,2,0.74,0.23,0.226,0.017
plug-14,smart_plug,0.43,3.7,1162,0.09,2,0.50,0.47,0.350,0.011
cam-005,camera,1.39,53.1,68502,2.23,10,0.58,0.40,0.113,0.035
sensor-30,sensor,0.50,3.5,1437,0.21,1,0.87,0.12,0.244,0.011
router-14,router,0.72,34.7,48901,2.34,9,0.68,0.29,0.130,0.019
nvr-04,nvr,1.14,17.4,32304,1.23,3,0.80,0.19,0.203,0.017
access-ctrl-03,access_controller,0.79,11.7,13586,0.80,4,0.82,0.15,0.247,0.008
thermostat-13,thermostat,0.83,6.2,4043,0.49,4,0.70,0.28,0.219,0.015
plug-19,smart_plug,0.33,2.2,1341,0.05,1,0.50,0.48,0.357,0.010
cam-007,camera,1.47,52.8,69323,2.05,10,0.56,0.43,0.107,0.025
sensor-24,sensor,0.50,5.1,1862,0.27,2,0.91,0.08,0.267,0.007
router-20,router,0.73,41.6,42961,1.77,11,0.60,0.37,0.128,0.020
nvr-07,nvr,1.20,22.8,38709,1.21,4,0.82,0.18,0.178,0.010
access-ctrl-06,access_controller,0.65,8.6,13111,0.54,4,0.77,0.21,0.231,0.011
thermostat-20,thermostat,0.73,6.2,3931,0.47,4,0.75,0.23,0.203,0.017
plug-22,smart_plug,0.38,4.0,1293,0.06,2,0.52,0.47,0.360,0.009
cam-001,camera,1.15,51.3,73218,2.45,13,0.71,0.29,0.112,0.041
sensor-27,sensor,0.45,5.0,1156,0.17,2,0.83,0.14,0.258,0.008
router-17,router,0.93,29.1,54198,1.89,9,0.68,0.30,0.121,0.030
nvr-01,nvr,1.20,20.4,35420,1.47,6,0.73,0.26,0.197,0.016
access-ctrl-06,access_controller,0.70,10.0,13184,0.69,3,0.79,0.19,0.250,0.012
thermostat-28,thermostat,0.82,5.8,4011,0.33,2,0.68,0.31,0.226,0.011
plug-22,smart_plug,0.36,3.0,829,0.15,1,0.52,0.46,0.314,0.011
cam-002,camera,1.08,46.9,98416,2.16,14,0.61,0.39,0.105,0.027
sensor-21,sensor,0.67,5.5,1774,0.28,2,0.92,0.06,0.269,0.006
router-02,router,0.77,37.9,54804,1.65,7,0.62,0.37,0.120,0.022
nvr-04,nvr,1.03,22.9,38123,1.32,5,0.71,0.26,0.164,0.014
access-ctrl-05,access_controller,0.76,7.9,10445,0.73,2,0.82,0.15,0.217,0.014
thermostat-16,thermostat,0.84,7.1,5270,0.29,3,0.76,0.23,0.231,0.012
plug-19,smart_plug,0.37,4.0,1451,0.09,1,0.56,0.43,0.316,0.011
cam-002,camera,1.06,61.8,68612,2.80,12,0.65,0.33,0.087,0.028
sensor-21,sensor,0.65,4.6,2063,0.14,3,0.81,0.17,0.269,0.005
router-11,router,0.74,31.4,56320,2.19,10,0.74,0.25,0.153,0.025
nvr-04,nvr,1.29,18.4,33245,1.27,3,0.73,0.27,0.192,0.013
access-ctrl-06,access_controller,0.62,7.6,11862,0.86,4,0.88,0.11,0.244,0.008
thermostat-04,thermostat,0.81,8.2,5596,0.39,4,0.69,0.29,0.237,0.014
plug-25,smart_plug,0.50,2.3,864,0.06,2,0.46,0.52,0.310,0.009
cam-002,camera,1.33,60.9,78279,2.37,13,0.62,0.37,0.079,0.041
sensor-18,sensor,0.63,3.2,1139,0.22,2,0.93,0.05,0.279,0.007
router-17,router,1.04,31.0,64766,1.69,8,0.75,0.23,0.130,0.022
nvr-01,nvr,0.92,21.1,51804,1.17,5,0.81,0.17,0.167,0.012
access-ctrl-06,access_controller,0.67,11.2,14121,0.78,2,0.84,0.15,0.220,0.008
thermostat-20,thermostat,0.70,7.0,3685,0.27,3,0.70,0.28,0.201,0.017
plug-19,smart_plug,0.50,3.9,1316,0.10,1,0.47,0.52,0.356,0.008
cam-005,camera,1.46,52.3,105599,2.90,10,0.62,0.37,0.081,0.025
sensor-12,sensor,0.41,3.7,2547,0.19,2,0.81,0.16,0.281,0.007
router-17,router,0.98,28.3,71503,1.72,5,0.73,0.26,0.155,0.017
nvr-05,nvr,1.28,18.6,33956,1.34,3,0.68,0.30,0.206,0.018
access-ctrl-01,access_controller,0.75,10.6,10308,0.67,2,0.81,0.17,0.224,0.008
thermostat-04,thermostat,0.65,6.6,5466,0.42,2,0.76,0.24,0.219,0.017
plug-11,smart_plug,0.51,3.6,1374,0.14,1,0.45,0.52,0.364,0.009
cam-007,camera,1.40,42.5,99638,2.92,12,0.61,0.38,0.096,0.031
sensor-07,sensor,0.57,3.6,1848,0.10,2,0.92,0.07,0.286,0.010
router-11,router,0.83,38.0,59375,1.99,7,0.74,0.26,0.146,0.024
nvr-05,nvr,1.24,26.2,55893,1.71,3,0.82,0.18,0.158,0.019
access-ctrl-06,access_controller,0.61,11.6,11521,0.79,2,0.85,0.12,0.253,0.012
thermostat-20,thermostat,0.82,5.3,3922,0.49,3,0.66,0.34,0.227,0.018
plug-25,smart_plug,0.44,2.7,1031,0.15,2,0.52,0.45,0.308,0.009
cam-007,camera,1.42,63.6,82906,2.53,11,0.56,0.44,0.103,0.034
sensor-30,sensor,0.51,3.6,2665,0.20,3,0.81,0.17,0.289,0.007
router-17,router,0.77,37.8,57990,2.26,5,0.66,0.32,0.137,0.018
nvr-05,nvr,1.01,29.5,52348,1.51,3,0.82,0.17,0.163,0.018
access-ctrl-03,access_controller,0.65,7.7,13536,0.47,4,0.87,0.11,0.252,0.013
thermostat-28,thermostat,0.63,7.1,5893,0.43,4,0.70,0.29,0.223,0.015
plug-29,smart_plug,0.45,4.1,1504,0.17,1,0.55,0.45,0.350,0.011
cam-003,camera,1.40,60.0,98643,2.62,10,0.59,0.39,0.084,0.039
sensor-30,sensor,0.59,4.4,2587,0.24,2,0.85,0.13,0.317,0.008
router-20,router,1.05,37.3,50695,1.81,6,0.62,0.37,0.131,0.023
nvr-01,nvr,0.89,18.2,53223,1.59,4,0.72,0.26,0.205,0.017
access-ctrl-03,access_controller,0.79,9.8,9715,0.64,4,0.76,0.23,0.233,0.009
thermostat-24,thermostat,0.85,7.3,4127,0.43,3,0.68,0.29,0.199,0.019
plug-19,smart_plug,0.35,3.1,1413,0.06,2,0.48,0.50,0.326,0.013
cam-004,camera,1.18,45.3,81318,2.65,7,0.70,0.27,0.092,0.040
sensor-21,sensor,0.48,4.9,1150,0.17,2,0.87,0.11,0.322,0.009
router-14,router,0.94,41.6,59055,2.35,5,0.72,0.26,0.135,0.028
nvr-07,nvr,0.90,16.7,42239,1.42,6,0.81,0.18,0.187,0.013
access-ctrl-05,access_controller,0.72,9.8,14533,0.85,2,0.86,0.14,0.256,0.014
thermostat-24,thermostat,0.66,8.0,5759,0.44,4,0.72,0.25,0.229,0.012
plug-22,smart_plug,0.44,2.1,1133,0.16,1,0.51,0.48,0.309,0.014
cam-006,camera,1.41,53.0,69635,2.36,7,0.64,0.35,0.076,0.033
sensor-12,sensor,0.57,4.7,1258,0.12,1,0.89,0.10,0.239,0.005
router-17,router,0.77,44.9,41068,1.87,8,0.73,0.26,0.145,0.016
nvr-01,nvr,0.93,28.5,39361,1.67,3,0.77,0.21,0.197,0.013
access-ctrl-06,access_controller,0.63,9.4,9478,0.57,4,0.81,0.18,0.231,0.008
thermostat-13,thermostat,0.68,7.6,5125,0.31,3,0.72,0.25,0.228,0.014
plug-22,smart_plug,0.45,2.3,1217,0.17,1,0.54,0.45,0.320,0.009
cam-001,camera,1.44,61.8,99977,2.68,12,0.70,0.29,0.095,0.031
sensor-21,sensor,0.51,4.8,2131,0.27,3,0.84,0.14,0.269,0.009
router-02,router,1.05,32.8,55429,2.20,6,0.70,0.27,0.132,0.022
nvr-06,nvr,0.93,18.4,49586,1.59,4,0.78,0.22,0.206,0.015
access-ctrl-07,access_controller,0.63,9.4,9105,0.54,4,0.78,0.21,0.228,0.014
thermostat-09,thermostat,0.80,7.4,4542,0.41,3,0.72,0.28,0.214,0.018
plug-14,smart_plug,0.36,4.0,1533,0.06,2,0.51,0.48,0.307,0.012
cam-001,camera,1.42,54.5,91461,1.94,14,0.63,0.36,0.115,0.035
sensor-27,sensor,0.54,3.4,2845,0.27,2,0.90,0.09,0.238,0.010
router-14,router,0.78,44.4,71184,1.91,6,0.75,0.25,0.152,0.028
nvr-03,nvr,1.17,18.5,35459,1.35,5,0.70,0.29,0.206,0.011
access-ctrl-05,access_controller,0.57,8.9,12610,0.82,2,0.87,0.13,0.232,0.009
thermostat-20,thermostat,0.84,6.2,5214,0.47,4,0.65,0.35,0.225,0.016
plug-29,smart_plug,0.48,3.6,954,0.15,2,0.54,0.43,0.355,0.010
cam-002,camera,1.34,65.1,69171,2.74,9,0.66,0.33,0.085,0.025
sensor-30,sensor,0.51,4.2,1149,0.24,1,0.80,0.18,0.299,0.012
router-20,router,1.08,28.0,71430,2.19,6,0.72,0.27,0.160,0.022
nvr-05,nvr,0.97,19.1,39768,1.28,5,0.69,0.31,0.196,0.012
access-ctrl-02,access_controller,0.55,10.2,14996,0.83,3,0.77,0.23,0.263,0.009
thermostat-16,thermostat,0.66,7.4,5151,0.35,4,0.68,0.29,0.200,0.018
plug-19,smart_plug,0.48,2.0,989,0.08,1,0.54,0.45,0.313,0.014
cam-001,camera,1.15,62.5,69075,2.90,9,0.62,0.36,0.104,0.023
sensor-21,sensor,0.55,5.5,929,0.20,2,0.82,0.17,0.291,0.008
router-14,router,0.99,40.2,70974,2.31,9,0.75,0.23,0.149,0.020
nvr-06,nvr,1.17,28.9,46985,1.15,4,0.74,0.24,0.162,0.019
access-ctrl-06,access_controller,0.64,11.5,9393,0.81,3,0.77,0.22,0.217,0.009
thermostat-28,thermostat,0.67,6.6,3908,0.38,4,0.73,0.25,0.228,0.017
plug-19,smart_plug,0.36,2.7,1176,0.16,1,0.55,0.42,0.330,0.010
cam-007,camera,1.18,57.0,88111,2.03,8,0.56,0.43,0.077,0.028
sensor-18,sensor,0.63,2.8,1197,0.17,1,0.85,0.14,0.243,0.011
router-14,router,0.78,39.0,68505,2.19,8,0.62,0.37,0.115,0.023
nvr-03,nvr,1.11,19.2,46905,1.32,3,0.76,0.22,0.156,0.017
access-ctrl-07,access_controller,0.77,12.0,10305,0.75,4,0.82,0.18,0.259,0.009
thermostat-24,thermostat,0.72,6.5,4536,0.41,2,0.77,0.23,0.210,0.016
plug-14,smart_plug,0.40,2.1,1686,0.15,2,0.49,0.50,0.329,0.008
cam-005,camera,1.31,45.0,104060,2.40,11,0.71,0.28,0.112,0.025
sensor-21,sensor,0.53,5.2,1501,0.21,1,0.82,0.16,0.290,0.012
router-11,router,0.96,40.3,43954,2.04,11,0.61,0.38,0.136,0.026
nvr-03,nvr,0.89,28.2,36054,1.46,5,0.73,0.24,0.172,0.020
access-ctrl-01,access_controller,0.63,7.9,14336,0.68,2,0.79,0.18,0.261,0.012
thermostat-09,thermostat,0.68,7.3,5262,0.37,2,0.72,0.26,0.226,0.019
plug-31,smart_plug,0.43,3.0,1731,0.13,2,0.45,0.53,0.311,0.010
cam-001,camera,1.30,49.3,91997,2.86,8,0.65,0.33,0.095,0.027
sensor-18,sensor,0.66,3.9,2321,0.14,2,0.85,0.15,0.312,0.004
router-08,router,1.07,36.9,53330,2.09,10,0.71,0.26,0.157,0.019
nvr-01,nvr,1.05,18.8,33921,1.44,6,0.77,0.23,0.205,0.016
access-ctrl-06,access_controller,0.75,7.8,9155,0.83,2,0.85,0.15,0.245,0.008
thermostat-09,thermostat,0.70,6.1,4044,0.39,4,0.67,0.30,0.198,0.014
plug-11,smart_plug,0.46,3.0,1292,0.16,2,0.49,0.49,0.351,0.011
cam-007,camera,1.35,52.8,87308,2.01,12,0.69,0.29,0.082,0.038
sensor-30,sensor,0.54,3.5,1338,0.07,2,0.90,0.09,0.249,0.004
router-08,router,0.80,25.7,61161,2.12,5,0.59,0.40,0.149,0.028
nvr-06,nvr,1.01,16.8,35826,1.28,5,0.81,0.19,0.216,0.016
access-ctrl-06,access_controller,0.68,11.0,10204,0.69,4,0.83,0.15,0.223,0.010
thermostat-04,thermostat,0.79,7.8,5466,0.37,3,0.67,0.31,0.218,0.014
plug-22,smart_plug,0.33,2.2,1364,0.10,1,0.56,0.42,0.359,0.010
cam-007,camera,1.18,61.9,79277,2.00,12,0.66,0.33,0.104,0.026
sensor-30,sensor,0.64,3.0,1812,0.28,1,0.90,0.08,0.302,0.010
router-11,router,0.94,36.8,55492,1.66,5,0.68,0.32,0.160,0.018
nvr-02,nvr,0.88,22.1,33035,1.26,3,0.69,0.29,0.210,0.011
access-ctrl-05,access_controller,0.57,9.4,10030,0.83,3,0.83,0.16,0.256,0.014
thermostat-09,thermostat,0.72,7.9,3917,0.31,4,0.74,0.25,0.195,0.013
plug-31,smart_plug,0.34,2.9,1239,0.06,2,0.47,0.53,0.336,0.008
cam-005,camera,1.11,49.7,84483,2.16,7,0.71,0.27,0.112,0.039
sensor-12,sensor,0.50,4.3,1297,0.16,1,0.87,0.11,0.323,0.005
router-11,router,0.86,38.3,41249,1.92,7,0.69,0.29,0.126,0.020
nvr-06,nvr,1.27,17.8,57489,1.77,6,0.72,0.27,0.210,0.021
access-ctrl-01,access_controller,0.67,10.9,9685,0.83,2,0.77,0.21,0.212,0.008
thermostat-16,thermostat,0.76,5.9,4404,0.35,4,0.65,0.33,0.223,0.018
plug-31,smart_plug,0.34,4.1,790,0.13,2,0.47,0.50,0.342,0.009
cam-002,camera,1.42,54.2,75528,1.77,14,0.63,0.35,0.104,0.038
sensor-27,sensor,0.46,5.4,2197,0.17,2,0.93,0.05,0.320,0.009
router-05,router,0.94,39.1,51804,1.93,7,0.65,0.32,0.153,0.021
nvr-03,nvr,1.07,21.7,41617,1.54,4,0.77,0.20,0.213,0.015
access-ctrl-04,access_controller,0.70,10.4,12284,0.80,4,0.83,0.17,0.232,0.007
thermostat-24,thermostat,0.66,8.1,5563,0.28,2,0.70,0.29,0.222,0.016
plug-14,smart_plug,0.44,4.0,1591,0.14,2,0.54,0.46,0.319,0.013
cam-001,camera,1.41,45.7,82731,1.87,12,0.60,0.37,0.108,0.027
sensor-30,sensor,0.65,5.7,2694,0.22,1,0.91,0.06,0.325,0.004
router-14,router,0.85,38.7,51172,1.94,9,0.74,0.23,0.141,0.029
nvr-07,nvr,0.91,23.1,55051,1.22,5,0.76,0.24,0.192,0.016
access-ctrl-01,access_controller,0.78,11.6,12643,0.47,4,0.77,0.23,0.246,0.009
thermostat-20,thermostat,0.70,5.3,5339,0.47,2,0.69,0.31,0.239,0.014
plug-29,smart_plug,0.40,2.6,1365,0.12,2,0.55,0.43,0.342,0.011
cam-001,camera,1.15,47.7,83608,2.44,8,0.70,0.28,0.111,0.025
sensor-30,sensor,0.60,4.5,2031,0.24,1,0.80,0.20,0.277,0.010
router-02,router,1.03,31.1,64666,2.38,6,0.72,0.25,0.160,0.016
nvr-01,nvr,1.04,29.2,35037,1.71,6,0.72,0.26,0.199,0.019
access-ctrl-04,access_controller,0.61,8.5,10614,0.87,3,0.79,0.21,0.256,0.011
thermostat-24,thermostat,0.85,5.6,3852,0.35,3,0.68,0.30,0.194,0.012
plug-22,smart_plug,0.40,3.2,1240,0.13,2,0.49,0.51,0.310,0.011
cam-005,camera,1.21,51.5,97313,2.33,11,0.63,0.36,0.103,0.032
sensor-07,sensor,0.50,4.5,1366,0.23,3,0.79,0.19,0.312,0.006
router-14,router,0.89,34.4,68698,1.97,6,0.66,0.32,0.127,0.031
nvr-02,nvr,1.01,29.4,52510,1.20,5,0.71,0.26,0.184,0.012
access-ctrl-01,access_controller,0.73,8.5,14652,0.47,3,0.76,0.22,0.215,0.009
thermostat-24,thermostat,0.75,5.9,5046,0.40,3,0.75,0.24,0.219,0.017
plug-14,smart_plug,0.33,3.5,1628,0.08,2,0.51,0.47,0.367,0.014
cam-002,camera,1.45,42.9,100842,2.74,14,0.65,0.34,0.097,0.035
sensor-27,sensor,0.44,5.6,1903,0.10,3,0.81,0.19,0.251,0.005
router-14,router,0.92,26.7,64603,2.29,11,0.68,0.30,0.159,0.031
nvr-04,nvr,0.93,22.1,40980,1.56,4,0.82,0.17,0.155,0.010
access-ctrl-05,access_controller,0.77,8.2,9176,0.62,3,0.85,0.15,0.235,0.011
thermostat-28,thermostat,0.63,8.2,4162,0.30,4,0.72,0.27,0.204,0.013
plug-25,smart_plug,0.46,3.6,1081,0.14,2,0.55,0.44,0.328,0.014
cam-006,camera,1.31,55.6,71855,2.29,8,0.68,0.31,0.112,0.031
sensor-24,sensor,0.41,5.1,1132,0.11,3,0.88,0.10,0.319,0.006
router-20,router,0.84,25.1,63983,1.81,9,0.70,0.28,0.115,0.019
nvr-03,nvr,1.15,21.7,39520,1.27,5,0.79,0.19,0.156,0.010
access-ctrl-04,access_controller,0.57,8.3,9458,0.72,4,0.80,0.19,0.229,0.013
thermostat-04,thermostat,0.72,8.3,4125,0.51,2,0.69,0.28,0.216,0.013
plug-29,smart_plug,0.38,3.5,1353,0.14,1,0.46,0.54,0.367,0.014
cam-004,camera,1.33,44.0,84773,2.95,8,0.69,0.30,0.088,0.033
sensor-24,sensor,0.60,4.7,1874,0.10,2,0.88,0.11,0.258,0.007
router-02,router,0.88,35.7,69524,2.22,6,0.60,0.40,0.116,0.017
nvr-07,nvr,0.94,23.0,57845,1.69,4,0.77,0.23,0.188,0.019
access-ctrl-05,access_controller,0.74,11.5,9308,0.72,2,0.86,0.11,0.250,0.014
thermostat-16,thermostat,0.64,7.2,4069,0.45,2,0.67,0.31,0.221,0.013
plug-31,smart_plug,0.35,2.2,1231,0.06,1,0.56,0.42,0.335,0.011
cam-005,camera,1.34,54.8,71966,2.59,13,0.64,0.35,0.111,0.035
sensor-24,sensor,0.66,3.4,2083,0.26,1,0.86,0.12,0.241,0.009
router-20,router,0.76,30.7,48415,2.22,9,0.69,0.31,0.123,0.024
nvr-06,nvr,0.98,26.1,42266,1.28,4,0.76,0.22,0.178,0.018
access-ctrl-01,access_controller,0.60,11.7,10544,0.71,2,0.82,0.18,0.235,0.008
thermostat-09,thermostat,0.63,5.5,3658,0.38,3,0.71,0.28,0.200,0.018
plug-14,smart_plug,0.42,2.8,1115,0.07,2,0.46,0.52,0.350,0.010
cam-001,camera,1.42,50.9,74922,2.16,12,0.62,0.36,0.112,0.033
sensor-18,sensor,0.59,4.0,1253,0.16,3,0.79,0.19,0.280,0.012
router-02,router,0.78,31.4,65478,2.23,9,0.70,0.30,0.124,0.016
nvr-07,nvr,1.17,21.7,46464,1.54,4,0.69,0.30,0.165,0.012
access-ctrl-01,access_controller,0.78,7.5,12839,0.77,4,0.88,0.10,0.223,0.014
thermostat-16,thermostat,0.76,7.1,5520,0.48,2,0.67,0.31,0.205,0.011
plug-14,smart_plug,0.41,3.4,1637,0.16,2,0.53,0.46,0.325,0.011
cam-004,camera,1.34,65.0,106717,2.09,10,0.58,0.40,0.087,0.037
sensor-07,sensor,0.43,4.8,1909,0.26,1,0.83,0.15,0.275,0.010
router-11,router,0.93,40.9,60529,1.92,11,0.75,0.24,0.150,0.019
nvr-06,nvr,0.96,21.8,46305,1.74,6,0.77,0.23,0.200,0.011
access-ctrl-03,access_controller,0.55,11.6,14064,0.86,3,0.85,0.13,0.261,0.013
thermostat-20,thermostat,0.71,7.7,5039,0.37,3,0.69,0.30,0.231,0.016
plug-25,smart_plug,0.40,2.1,1424,0.05,2,0.44,0.54,0.324,0.011
cam-006,camera,1.12,65.7,100235,2.40,12,0.57,0.41,0.089,0.040
sensor-12,sensor,0.53,5.3,2722,0.10,1,0.78,0.19,0.293,0.007
router-17,router,0.98,44.5,67273,2.25,6,0.59,0.38,0.114,0.029
nvr-01,nvr,0.97,16.9,53255,1.32,3,0.77,0.22,0.169,0.015
access-ctrl-06,access_controller,0.70,11.7,11812,0.55,4,0.79,0.20,0.212,0.014
thermostat-20,thermostat,0.69,5.9,4341,0.33,2,0.73,0.27,0.219,0.018
plug-31,smart_plug,0.38,2.8,1637,0.15,1,0.51,0.48,0.313,0.011
cam-005,camera,1.22,64.1,80534,2.10,12,0.59,0.39,0.086,0.037
sensor-21,sensor,0.52,4.4,1269,0.18,2,0.81,0.18,0.280,0.010
router-14,router,0.74,35.7,65560,1.97,11,0.72,0.26,0.145,0.023
nvr-03,nvr,1.15,23.3,56262,1.33,3,0.68,0.32,0.188,0.011
access-ctrl-02,access_controller,0.64,8.7,11531,0.51,3,0.85,0.14,0.250,0.011
thermostat-13,thermostat,0.68,5.5,5063,0.35,3,0.70,0.28,0.235,0.014
plug-14,smart_plug,0.45,2.2,1020,0.08,1,0.54,0.45,0.349,0.011
cam-007,camera,1.42,59.7,87468,2.22,10,0.72,0.27,0.092,0.035
sensor-30,sensor,0.50,3.5,2014,0.08,1,0.89,0.11,0.249,0.011
router-02,router,0.80,40.5,55479,2.39,11,0.63,0.36,0.131,0.024
nvr-01,nvr,0.97,23.6,48618,1.43,3,0.72,0.25,0.167,0.017
access-ctrl-05,access_controller,0.72,9.4,10096,0.65,2,0.82,0.18,0.215,0.008
thermostat-13,thermostat,0.73,7.0,4975,0.44,2,0.70,0.27,0.224,0.014
plug-14,smart_plug,0.39,3.6,1441,0.16,2,0.48,0.52,0.308,0.012
cam-004,camera,1.19,56.3,84790,1.84,9,0.59,0.40,0.113,0.035
sensor-12,sensor,0.48,4.6,1632,0.27,1,0.77,0.22,0.258,0.008
router-02,router,0.99,35.3,69819,2.41,6,0.71,0.26,0.156,0.018
nvr-03,nvr,0.95,28.5,38927,1.32,3,0.79,0.20,0.194,0.015
access-ctrl-05,access_controller,0.59,9.6,13328,0.59,4,0.77,0.23,0.229,0.012
thermostat-04,thermostat,0.66,5.7,4506,0.45,2,0.74,0.25,0.228,0.016
plug-19,smart_plug,0.51,2.4,715,0.06,1,0.53,0.46,0.353,0.012
cam-007,camera,1.45,46.8,74291,2.03,7,0.56,0.43,0.113,0.040
sensor-18,sensor,0.59,3.8,2304,0.14,1,0.87,0.11,0.274,0.012
router-20,router,0.86,29.3,39965,2.23,9,0.62,0.36,0.120,0.023
nvr-01,nvr,1.18,23.6,54472,1.40,4,0.76,0.24,0.153,0.018
access-ctrl-05,access_controller,0.71,8.0,12920,0.51,4,0.85,0.12,0.241,0.011
thermostat-28,thermostat,0.82,6.2,4816,0.37,3,0.74,0.24,0.195,0.013
plug-22,smart_plug,0.36,4.1,1250,0.16,1,0.53,0.46,0.328,0.010
cam-003,camera,1.41,50.5,91263,1.97,9,0.70,0.27,0.112,0.039
sensor-24,sensor,0.62,5.5,2113,0.08,2,0.81,0.17,0.287,0.006
router-17,router,0.80,25.7,51582,1.85,9,0.73,0.26,0.159,0.016
nvr-06,nvr,1.19,25.2,35612,1.39,5,0.70,0.29,0.175,0.010
access-ctrl-01,access_controller,0.65,11.2,11352,0.47,2,0.84,0.14,0.234,0.009
thermostat-28,thermostat,0.80,5.0,3545,0.38,4,0.68,0.32,0.196,0.012
plug-25,smart_plug,0.45,3.7,1052,0.09,2,0.46,0.51,0.313,0.009
cam-003,camera,1.06,48.5,95809,2.51,14,0.69,0.31,0.090,0.031
sensor-24,sensor,0.45,5.1,2039,0.14,1,0.82,0.15,0.296,0.012
router-11,router,0.98,31.1,63007,1.90,5,0.69,0.29,0.155,0.015
nvr-04,nvr,0.94,24.8,39018,1.58,6,0.68,0.31,0.155,0.019
access-ctrl-07,access_controller,0.59,11.0,13452,0.49,2,0.80,0.17,0.223,0.013
thermostat-28,thermostat,0.76,5.7,4775,0.44,4,0.75,0.23,0.222,0.016
plug-25,smart_plug,0.47,2.6,1483,0.12,1,0.48,0.50,0.308,0.009
cam-001,camera,1.15,48.8,100512,2.67,9,0.57,0.41,0.092,0.040
sensor-18,sensor,0.57,4.3,2436,0.26,2,0.77,0.21,0.323,0.008
router-05,router,0.94,35.0,54371,2.37,5,0.64,0.34,0.118,0.015
nvr-03,nvr,1.15,18.8,37266,1.40,5,0.82,0.16,0.158,0.019
access-ctrl-06,access_controller,0.70,10.8,10081,0.75,2,0.84,0.16,0.218,0.008
thermostat-16,thermostat,0.65,6.2,5292,0.30,3,0.74,0.25,0.212,0.014
plug-29,smart_plug,0.34,4.1,882,0.09,2,0.52,0.48,0.316,0.010
cam-005,camera,1.29,48.9,82437,2.30,14,0.58,0.41,0.083,0.030
sensor-27,sensor,0.51,3.1,1119,0.27,1,0.85,0.12,0.258,0.004
router-05,router,0.89,36.8,66914,1.96,8,0.69,0.29,0.152,0.022
nvr-01,nvr,0.95,17.2,47749,1.69,4,0.74,0.23,0.160,0.020
access-ctrl-06,access_controller,0.63,9.7,11306,0.54,4,0.82,0.18,0.211,0.009
thermostat-28,thermostat,0.77,5.5,5163,0.50,2,0.73,0.25,0.196,0.020
plug-31,smart_plug,0.45,3.2,1148,0.11,2,0.48,0.50,0.316,0.013
cam-007,camera,1.36,57.5,68456,2.91,14,0.71,0.28,0.116,0.038
sensor-12,sensor,0.50,4.3,2578,0.20,2,0.93,0.06,0.244,0.005
router-05,router,0.94,44.9,50499,1.86,5,0.73,0.25,0.156,0.022
nvr-01,nvr,1.13,29.0,50419,1.37,6,0.79,0.19,0.183,0.018
access-ctrl-06,access_controller,0.76,9.7,8868,0.54,2,0.80,0.19,0.250,0.010
thermostat-04,thermostat,0.86,6.1,4214,0.48,4,0.72,0.26,0.198,0.019
plug-25,smart_plug,0.44,4.0,1788,0.05,2,0.53,0.46,0.321,0.010
cam-007,camera,1.32,44.9,100066,1.71,14,0.60,0.39,0.098,0.025
sensor-27,sensor,0.50,4.0,1918,0.08,3,0.93,0.05,0.260,0.011
router-17,router,0.84,42.9,50092,2.10,8,0.68,0.31,0.135,0.030
nvr-06,nvr,0.90,23.8,35138,1.62,4,0.70,0.27,0.187,0.015
access-ctrl-02,access_controller,0.58,11.4,10748,0.48,3,0.84,0.13,0.237,0.009
thermostat-20,thermostat,0.76,5.4,4723,0.39,2,0.74,0.24,0.202,0.018
plug-25,smart_plug,0.49,3.0,1338,0.10,1,0.55,0.44,0.309,0.014
cam-007,camera,1.25,64.8,98541,2.39,13,0.66,0.33,0.087,0.040
sensor-21,sensor,0.65,4.2,2001,0.22,3,0.84,0.13,0.292,0.007
router-11,router,1.04,26.5,69997,2.05,11,0.73,0.25,0.139,0.031
nvr-03,nvr,1.27,23.0,57139,1.22,4,0.77,0.22,0.173,0.015
access-ctrl-02,access_controller,0.59,8.3,14957,0.47,3,0.81,0.17,0.222,0.008
thermostat-13,thermostat,0.80,7.4,4270,0.48,2,0.71,0.27,0.203,0.014
plug-31,smart_plug,0.50,4.2,1162,0.07,1,0.50,0.47,0.314,0.012
cam-004,camera,1.41,61.5,77512,1.91,7,0.57,0.40,0.082,0.030
sensor-30,sensor,0.45,3.7,2662,0.11,2,0.78,0.20,0.254,0.007
router-14,router,0.81,44.8,49955,2.07,9,0.68,0.32,0.120,0.028
nvr-04,nvr,1.29,17.0,57883,1.22,6,0.67,0.30,0.197,0.014
access-ctrl-07,access_controller,0.59,10.7,10008,0.85,3,0.87,0.10,0.224,0.009
thermostat-24,thermostat,0.65,6.2,5508,0.38,4,0.70,0.29,0.197,0.015
plug-22,smart_plug,0.37,2.4,1420,0.10,1,0.54,0.45,0.326,0.012
cam-006,camera,1.23,59.6,81683,2.77,12,0.67,0.32,0.106,0.024
sensor-30,sensor,0.49,5.7,1634,0.11,1,0.92,0.07,0.290,0.006
router-17,router,0.95,34.6,67196,1.68,11,0.59,0.39,0.128,0.030
nvr-07,nvr,0.94,21.8,34982,1.36,4,0.74,0.25,0.215,0.012
access-ctrl-05,access_controller,0.68,10.1,10482,0.51,4,0.84,0.14,0.235,0.010
thermostat-13,thermostat,0.80,6.1,4992,0.33,3,0.76,0.23,0.197,0.015
plug-11,smart_plug,0.49,4.0,1400,0.08,2,0.45,0.54,0.315,0.015
cam-004,camera,1.24,42.9,104668,2.38,9,0.66,0.33,0.104,0.040
sensor-12,sensor,0.45,5.4,2585,0.21,3,0.91,0.06,0.289,0.008
router-14,router,0.97,40.8,56619,1.86,8,0.68,0.30,0.134,0.018
nvr-01,nvr,1.26,23.9,54449,1.46,4,0.75,0.24,0.182,0.012
access-ctrl-03,access_controller,0.60,9.0,15051,0.88,4,0.87,0.13,0.244,0.007
thermostat-09,thermostat,0.64,7.4,4572,0.42,2,0.70,0.27,0.237,0.018
plug-22,smart_plug,0.37,2.4,1556,0.07,1,0.50,0.48,0.355,0.012
cam-004,camera,1.45,59.6,91576,2.48,12,0.61,0.38,0.104,0.034
sensor-21,sensor,0.53,4.1,2758,0.10,1,0.92,0.05,0.242,0.012
router-05,router,0.96,31.4,43421,1.77,10,0.61,0.39,0.125,0.018
nvr-06,nvr,0.96,24.3,47166,1.63,6,0.71,0.28,0.168,0.011
access-ctrl-03,access_controller,0.57,11.7,11660,0.81,2,0.84,0.15,0.256,0.010
thermostat-13,thermostat,0.87,8.2,5247,0.46,3,0.65,0.33,0.225,0.019
plug-14,smart_plug,0.48,2.9,1068,0.14,2,0.48,0.52,0.360,0.010
cam-002,camera,1.18,42.7,100499,2.81,11,0.69,0.28,0.106,0.028
sensor-07,sensor,0.41,4.7,2596,0.13,3,0.83,0.15,0.253,0.005
router-11,router,1.01,38.5,57301,2.26,10,0.69,0.30,0.159,0.017
nvr-01,nvr,0.95,23.4,51320,1.59,6,0.79,0.20,0.214,0.012
access-ctrl-05,access_controller,0.79,9.5,10338,0.80,3,0.84,0.14,0.223,0.011
thermostat-24,thermostat,0.81,7.2,4729,0.45,3,0.75,0.25,0.206,0.013
plug-22,smart_plug,0.45,2.4,1156,0.05,2,0.50,0.50,0.309,0.011
cam-006,camera,1.31,49.7,102526,2.54,13,0.59,0.38,0.113,0.039
sensor-18,sensor,0.60,4.6,1929,0.26,2,0.83,0.16,0.259,0.005
router-20,router,0.80,37.9,45227,2.36,5,0.60,0.37,0.117,0.017
nvr-05,nvr,1.21,26.5,36001,1.19,5,0.67,0.33,0.158,0.019
access-ctrl-05,access_controller,0.61,11.9,14213,0.50,3,0.80,0.18,0.230,0.014
thermostat-28,thermostat,0.72,7.7,3520,0.34,2,0.71,0.27,0.225,0.016
plug-19,smart_plug,0.44,3.5,1593,0.15,1,0.45,0.55,0.314,0.015
cam-005,camera,1.34,44.3,71281,1.92,9,0.70,0.27,0.081,0.042
sensor-27,sensor,0.64,3.3,2369,0.26,1,0.83,0.16,0.313,0.009
router-17,router,0.90,26.5,68014,1.80,9,0.75,0.25,0.160,0.016
nvr-01,nvr,1.09,16.5,57130,1.68,3,0.70,0.27,0.198,0.021
access-ctrl-04,access_controller,0.77,9.4,13927,0.65,4,0.78,0.22,0.230,0.009
thermostat-16,thermostat,0.71,7.0,4954,0.38,2,0.72,0.26,0.233,0.012
plug-14,smart_plug,0.43,2.5,887,0.07,2,0.48,0.50,0.311,0.009
cam-002,camera,1.46,55.2,100227,2.63,10,0.72,0.27,0.112,0.037
sensor-27,sensor,0.43,3.2,2694,0.27,3,0.84,0.15,0.325,0.008
router-02,router,0.93,43.7,50334,1.77,6,0.62,0.35,0.138,0.019
nvr-07,nvr,1.20,23.5,39656,1.62,6,0.68,0.31,0.158,0.014
access-ctrl-05,access_controller,0.59,11.4,9639,0.54,4,0.79,0.18,0.241,0.009
thermostat-16,thermostat,0.80,6.9,4242,0.27,4,0.70,0.28,0.224,0.012
plug-22,smart_plug,0.42,3.0,1243,0.15,1,0.52,0.47,0.337,0.010
cam-004,camera,1.32,49.7,88504,1.73,8,0.69,0.29,0.107,0.040
sensor-21,sensor,0.53,4.7,1484,0.26,1,0.81,0.18,0.266,0.007
router-20,router,1.06,29.8,56825,2.02,7,0.75,0.22,0.146,0.023
nvr-06,nvr,1.00,28.8,55037,1.64,3,0.72,0.25,0.189,0.017
access-ctrl-02,access_controller,0.77,11.4,12391,0.86,3,0.76,0.24,0.228,0.010
thermostat-16,thermostat,0.67,7.1,4551,0.35,2,0.68,0.30,0.199,0.013
plug-19,smart_plug,0.34,2.3,1264,0.10,2,0.48,0.51,0.322,0.013
cam-007,camera,1.27,64.2,107404,2.40,11,0.64,0.34,0.106,0.024
sensor-24,sensor,0.55,3.8,1290,0.22,1,0.89,0.09,0.311,0.011
router-08,router,0.99,43.8,51389,2.12,7,0.65,0.32,0.114,0.030
nvr-06,nvr,0.95,25.9,36104,1.60,3,0.83,0.15,0.160,0.012
access-ctrl-04,access_controller,0.78,11.9,9363,0.63,4,0.79,0.20,0.243,0.007
thermostat-20,thermostat,0.67,7.4,5406,0.37,2,0.76,0.23,0.227,0.016
plug-22,smart_plug,0.48,2.9,1008,0.14,2,0.48,0.50,0.333,0.014
cam-005,camera,1.15,57.4,79578,1.75,11,0.70,0.29,0.091,0.027
sensor-12,sensor,0.52,2.8,1042,0.15,2,0.93,0.05,0.263,0.006
router-08,router,0.82,32.7,64810,1.89,6,0.69,0.29,0.149,0.025
nvr-05,nvr,1.22,18.9,48221,1.24,4,0.70,0.28,0.194,0.012
access-ctrl-06,access_controller,0.66,7.3,14603,0.64,3,0.87,0.13,0.242,0.013
thermostat-04,thermostat,0.75,6.6,5170,0.30,4,0.77,0.20,0.234,0.015
plug-29,smart_plug,0.36,2.6,824,0.09,1,0.46,0.52,0.309,0.015
cam-007,camera,1.34,44.4,83922,2.10,10,0.68,0.31,0.095,0.025
sensor-27,sensor,0.48,4.9,1924,0.11,2,0.91,0.08,0.272,0.010
router-14,router,0.96,39.5,66425,2.11,10,0.67,0.31,0.137,0.027
nvr-03,nvr,1.05,24.3,40346,1.32,5,0.83,0.17,0.156,0.014
access-ctrl-02,access_controller,0.56,8.1,12236,0.70,3,0.77,0.22,0.258,0.009
thermostat-16,thermostat,0.84,7.9,5344,0.28,4,0.73,0.25,0.225,0.019
plug-22,smart_plug,0.45,3.4,1776,0.09,2,0.44,0.55,0.329,0.013
cam-004,camera,1.41,52.5,106539,2.56,12,0.59,0.39,0.102,0.026
sensor-21,sensor,0.43,2.9,1910,0.17,1,0.78,0.22,0.269,0.012
router-17,router,0.93,37.7,43887,2.12,6,0.61,0.38,0.140,0.031
nvr-04,nvr,1.11,24.5,40705,1.15,3,0.72,0.25,0.178,0.018
access-ctrl-02,access_controller,0.64,10.3,10342,0.64,3,0.76,0.24,0.257,0.012
thermostat-28,thermostat,0.78,8.1,5100,0.28,4,0.77,0.22,0.200,0.012
plug-19,smart_plug,0.44,3.0,1571,0.15,2,0.50,0.49,0.346,0.012
cam-006,camera,1.41,56.4,74224,2.65,10,0.56,0.43,0.095,0.041
sensor-30,sensor,0.55,4.0,2369,0.25,2,0.90,0.09,0.320,0.008
router-17,router,0.84,32.8,59442,1.94,5,0.70,0.29,0.149,0.019
nvr-01,nvr,0.94,28.0,53380,1.54,3,0.80,0.18,0.185,0.016
access-ctrl-07,access_controller,0.63,11.5,11597,0.64,3,0.80,0.18,0.217,0.011
thermostat-28,thermostat,0.84,5.6,3567,0.43,3,0.69,0.30,0.219,0.014
plug-22,smart_plug,0.42,2.5,1408,0.09,2,0.48,0.51,0.362,0.009
cam-004,camera,1.19,49.7,88503,2.85,12,0.63,0.34,0.098,0.028
sensor-12,sensor,0.65,4.2,1170,0.11,2,0.85,0.12,0.274,0.004
router-17,router,0.93,40.5,72479,1.86,11,0.73,0.27,0.151,0.026
