device_id,device_type,flow_duration_mean,packet_rate,byte_volume,port_entropy,unique_dest_ips,tcp_ratio,udp_ratio,iat_mean,iat_std
cam-001,camera,1.230206,48.963633,79334.471467,2.10446,9.71,0.650602,0.373531,0.090695,0.030844
cam-001,camera,1.14671,48.074484,78135.098093,1.9529,7.1,0.668993,0.332696,0.096356,0.029179
cam-001,camera,1.324136,52.98329,86243.989946,2.377938,9.52,0.589329,0.407433,0.085157,0.033169
cam-002,camera,1.249028,54.309202,83717.800349,2.271094,10.69,0.632174,0.388387,0.088351,0.032104
cam-002,camera,1.182927,47.73707,77261.136548,1.969097,7.61,0.642749,0.303674,0.099724,0.02716
cam-003,camera,1.318516,56.123455,88090.648997,2.50019,10.59,0.592211,0.37257,0.08184,0.036943
cam-003,camera,1.10977,45.495963,70981.228971,1.905846,5.99,0.682767,0.329371,0.107899,0.027114
cam-004,camera,1.273957,53.886155,83296.925965,2.154397,7.6,0.628927,0.336064,0.089422,0.031886
sensor-07,sensor,0.460162,3.164418,1271.751163,0.109311,2.24,0.887531,0.085893,0.301348,0.005123
sensor-07,sensor,0.483025,3.618271,1720.100547,0.129215,0.16,0.899852,0.120572,0.284833,0.005094
sensor-12,sensor,0.546884,4.332881,1994.348533,0.159253,0.69,0.832897,0.179767,0.273477,0.007942
sensor-12,sensor,0.541473,3.785687,1844.102823,0.141526,1.11,0.84601,0.138458,0.274451,0.00587
sensor-18,sensor,0.598334,5.033422,2443.897312,0.207019,2.0,0.790719,0.204758,0.259647,0.007597
sensor-18,sensor,0.504168,3.42223,1547.089163,0.12189,1.12,0.896718,0.111821,0.28034,0.005648
sensor-21,sensor,0.611836,5.333879,2577.262748,0.234577,1.42,0.763476,0.222681,0.254651,0.008171
sensor-21,sensor,0.469605,3.019874,1432.046943,0.101595,0.0,0.898517,0.092988,0.307602,0.005745
router-02,router,0.816218,28.891612,43221.666841,1.804557,4.1,0.698703,0.309709,0.15034,0.018876
router-02,router,0.780823,27.265561,40794.826732,1.683485,5.26,0.713807,0.243213,0.150036,0.018262
router-05,router,0.875525,34.929489,53081.199324,1.929018,6.21,0.680139,0.302854,0.132022,0.023871
router-05,router,0.923922,35.940969,55349.339344,2.108191,7.07,0.625816,0.335863,0.130399,0.023934
router-08,router,0.87182,33.646382,52255.154566,1.893256,6.71,0.670358,0.3317,0.136904,0.02138
router-08,router,0.95704,38.817203,59044.888487,2.117725,9.27,0.636588,0.371681,0.12638,0.025101
router-11,router,0.865164,31.829044,48240.318264,1.907583,7.05,0.669979,0.299138,0.140544,0.020802
router-11,router,0.963783,40.305179,64330.199349,2.208443,9.85,0.617301,0.36538,0.125348,0.027991
nvr-01,nvr,0.963212,18.843744,35371.87568,1.214997,4.41,0.794751,0.202532,0.200946,0.012114
nvr-01,nvr,1.025152,19.803386,38436.582604,1.263485,4.38,0.754807,0.191149,0.191083,0.01435
nvr-02,nvr,1.092365,22.573163,45521.598784,1.368834,4.28,0.747163,0.245153,0.177889,0.016046
nvr-02,nvr,1.200516,24.458163,49240.545006,1.446952,3.69,0.730301,0.258,0.168125,0.017504
nvr-03,nvr,1.02307,20.348941,40382.663918,1.348993,1.72,0.752789,0.205912,0.190835,0.014762
nvr-03,nvr,0.951163,17.462221,33478.107204,1.193429,3.61,0.816701,0.209234,0.207903,0.011016
nvr-04,nvr,1.222831,25.884623,50631.53861,1.601084,3.9,0.676926,0.266422,0.165527,0.017545
nvr-04,nvr,1.086793,21.882025,40830.712416,1.370954,3.29,0.749312,0.26432,0.184759,0.014185
access-ctrl-01,access_controller,0.597249,8.287447,9430.467846,0.548784,2.41,0.835717,0.154474,0.251778,0.007855
access-ctrl-01,access_controller,0.611466,8.67318,10577.679206,0.594057,2.14,0.860076,0.154951,0.238848,0.008255
access-ctrl-02,access_controller,0.662292,9.727419,11521.126269,0.643635,4.2,0.802605,0.154972,0.231352,0.01056
access-ctrl-02,access_controller,0.716134,10.142703,12802.016468,0.685491,4.29,0.821876,0.218572,0.232251,0.011763
access-ctrl-03,access_controller,0.563463,8.21497,9384.547094,0.533441,2.91,0.881844,0.148645,0.24946,0.008575
access-ctrl-03,access_controller,0.70307,10.938931,13524.866479,0.727676,3.95,0.787618,0.188311,0.226952,0.011455
access-ctrl-04,access_controller,0.60228,8.539814,10005.8237,0.582461,3.4,0.826747,0.158489,0.245513,0.009962
access-ctrl-04,access_controller,0.661434,9.545094,10824.279197,0.627217,2.04,0.847752,0.155928,0.233384,0.009869
thermostat-04,thermostat,0.709599,5.932924,4277.083258,0.330226,1.66,0.744595,0.235283,0.225794,0.013003
thermostat-04,thermostat,0.758896,6.514996,4620.036048,0.365226,2.51,0.711853,0.244198,0.218129,0.01466
thermostat-09,thermostat,0.771291,7.044078,4954.475901,0.385328,2.43,0.694504,0.284144,0.207425,0.015255
thermostat-09,thermostat,0.716563,6.261173,4416.492765,0.348217,2.35,0.718057,0.262876,0.213405,0.013574
thermostat-13,thermostat,0.796635,7.335033,5167.525568,0.419118,2.83,0.662822,0.308391,0.210959,0.017592
thermostat-13,thermostat,0.676325,5.655509,4093.791923,0.322552,1.51,0.759105,0.265068,0.228343,0.012449
thermostat-16,thermostat,0.74628,6.508819,4647.739408,0.379433,4.05,0.68437,0.274866,0.214658,0.015389
thermostat-16,thermostat,0.688011,5.598111,3918.863484,0.312903,0.52,0.765058,0.256203,0.223595,0.01285
plug-11,smart_plug,0.382416,2.671443,981.055916,0.077841,0.25,0.5409,0.467388,0.350221,0.010335
plug-11,smart_plug,0.422002,2.916609,1150.242662,0.092114,1.34,0.513156,0.490287,0.343684,0.011096
plug-14,smart_plug,0.460725,3.449706,1308.009411,0.108411,0.24,0.48826,0.525949,0.326417,0.012253
plug-14,smart_plug,0.463644,3.606201,1470.844097,0.128219,1.46,0.472409,0.498302,0.312872,0.013388
plug-19,smart_plug,0.374583,2.239864,865.176687,0.070179,0.75,0.51241,0.455209,0.364647,0.009168
plug-19,smart_plug,0.435044,3.166352,1229.282166,0.099282,0.0,0.481106,0.515209,0.338019,0.012907
plug-22,smart_plug,0.457765,3.551978,1363.764396,0.120743,1.16,0.463165,0.50615,0.313873,0.012672
plug-22,smart_plug,0.404299,2.783925,1028.897818,0.089824,0.0,0.517335,0.451618,0.336844,0.011129
cam-001,camera,1.175668,50.125679,78133.980502,2.105151,7.65,0.632746,0.3327,0.093023,0.031522
cam-002,camera,1.240934,52.583247,83979.838738,2.1673,7.75,0.601163,0.362365,0.0927,0.0317
cam-003,camera,1.331891,57.04663,88246.256676,2.426457,11.35,0.591962,0.351223,0.083227,0.034215
cam-004,camera,1.161693,46.979627,72954.208915,1.963218,7.8,0.660067,0.316435,0.103517,0.027229
cam-005,camera,1.314714,55.505695,82015.052839,2.234544,9.44,0.630641,0.39749,0.087454,0.03343
cam-005,camera,1.06227,45.110084,72126.480641,1.786289,6.82,0.721018,0.296025,0.106522,0.027968
sensor-07,sensor,0.467801,3.269746,1314.327539,0.109146,1.02,0.880474,0.120975,0.309879,0.004211
sensor-12,sensor,0.55493,4.03254,1896.683736,0.151866,1.81,0.864028,0.167928,0.273179,0.007616
sensor-18,sensor,0.591351,4.695346,2281.147935,0.192634,1.31,0.841103,0.189844,0.250626,0.008763
sensor-21,sensor,0.472623,3.193224,1469.665057,0.109201,0.0,0.911057,0.08091,0.301697,0.005596
sensor-24,sensor,0.614061,5.216378,2489.694722,0.217047,0.53,0.826884,0.165137,0.252288,0.008977
sensor-24,sensor,0.5179,3.641172,1674.531929,0.129928,1.88,0.845583,0.103296,0.289291,0.005612
router-02,router,0.834061,29.951869,44001.485473,1.791954,5.74,0.699847,0.292171,0.144979,0.018503
router-05,router,0.879515,34.256272,51506.803825,2.004304,7.79,0.651109,0.302983,0.133873,0.023449
router-08,router,0.905165,35.85292,53287.045999,1.991104,6.08,0.643649,0.310766,0.129123,0.024068
router-11,router,0.956865,40.932616,61335.742034,2.226059,6.88,0.652108,0.359453,0.126773,0.026148
router-14,router,0.848439,31.985343,46924.186861,1.829395,7.32,0.688664,0.319327,0.141154,0.020148
router-14,router,1.017844,40.096522,62143.86376,2.278559,8.41,0.639635,0.357107,0.121904,0.028213
nvr-01,nvr,0.997096,18.588929,36689.623461,1.236318,2.83,0.81161,0.229402,0.1947,0.013242
nvr-02,nvr,1.107236,23.027002,45068.684034,1.355805,3.13,0.759626,0.219423,0.174516,0.01515
nvr-03,nvr,1.02837,20.837932,40406.160029,1.313342,2.19,0.782417,0.232179,0.183493,0.014375
nvr-04,nvr,1.210013,25.83865,49599.396342,1.524603,5.3,0.715508,0.272674,0.169488,0.017817
nvr-05,nvr,1.243909,26.208255,50722.489814,1.581531,5.75,0.694152,0.287317,0.158349,0.019377
nvr-05,nvr,1.052463,20.633868,38741.097528,1.28952,1.74,0.752392,0.205922,0.185996,0.013501
access-ctrl-01,access_controller,0.595043,8.838346,10119.962567,0.552482,3.35,0.879974,0.150337,0.245556,0.00708
access-ctrl-02,access_controller,0.690456,9.682831,11745.814227,0.666227,2.04,0.81512,0.188087,0.234883,0.009182
access-ctrl-03,access_controller,0.584618,8.117988,9708.098982,0.541376,1.49,0.87162,0.117293,0.258731,0.008627
access-ctrl-04,access_controller,0.712134,10.371811,12776.2137,0.712365,4.41,0.794251,0.190876,0.232619,0.011315
access-ctrl-05,access_controller,0.641636,8.953154,10469.990343,0.585107,2.77,0.837525,0.175599,0.238678,0.009098
access-ctrl-05,access_controller,0.748732,10.859528,13670.701474,0.742737,4.42,0.786532,0.194358,0.21647,0.012102
thermostat-04,thermostat,0.712226,5.951115,4437.297696,0.348424,1.88,0.717048,0.269929,0.220978,0.014433
thermostat-09,thermostat,0.77041,6.707557,4916.802165,0.401238,2.23,0.703076,0.283015,0.216341,0.016016
thermostat-13,thermostat,0.80798,7.35726,4992.068711,0.417134,2.74,0.716055,0.300464,0.210981,0.016566
thermostat-16,thermostat,0.661902,5.528689,4037.341829,0.299814,0.95,0.752315,0.230707,0.23172,0.013087
thermostat-20,thermostat,0.817803,7.51873,5210.804646,0.445214,3.22,0.654014,0.336533,0.197442,0.018489
thermostat-20,thermostat,0.70862,6.010239,4151.428551,0.333241,2.96,0.768849,0.24972,0.217778,0.014005
plug-11,smart_plug,0.382056,2.555455,961.104337,0.079713,1.08,0.517416,0.483347,0.34612,0.01031
plug-14,smart_plug,0.45046,3.59341,1459.976149,0.118838,2.58,0.48899,0.531106,0.327786,0.013719
plug-19,smart_plug,0.416976,2.966999,1175.222733,0.101556,2.12,0.472154,0.464105,0.335621,0.011842
plug-22,smart_plug,0.422237,2.942937,1085.681734,0.087832,1.4,0.532355,0.476621,0.340923,0.011807
plug-25,smart_plug,0.457197,3.867521,1501.155141,0.129024,0.94,0.46187,0.533956,0.321546,0.01234
plug-25,smart_plug,0.350906,2.248951,846.033403,0.068911,2.24,0.518587,0.447669,0.353701,0.008511
cam-005,camera,1.281144,57.227223,91316.550658,1.778756,8.97,0.626504,0.340734,0.082431,0.030278
sensor-27,sensor,0.517638,3.447521,1442.274867,0.157112,2.65,0.848992,0.134232,0.28623,0.01115
router-08,router,1.019266,29.828958,45913.954447,1.958418,5.32,0.673956,0.311148,0.156261,0.025098
nvr-04,nvr,1.086895,17.096642,40993.530432,1.549859,3.9,0.726424,0.251139,0.208697,0.018242
access-ctrl-02,access_controller,0.707466,10.639185,11239.330085,0.673398,4.38,0.884204,0.12878,0.235272,0.012882
thermostat-13,thermostat,0.763629,6.894803,4392.262235,0.434591,2.74,0.650538,0.30793,0.207489,0.014943
plug-11,smart_plug,0.360666,3.689313,897.448954,0.098542,2.97,0.518911,0.488389,0.332852,0.011677
cam-004,camera,1.045294,62.591412,72003.798524,2.436336,13.08,0.683453,0.338797,0.086355,0.039713
sensor-18,sensor,0.644765,2.848835,1671.778075,0.230505,1.86,0.86037,0.14034,0.293481,0.006645
router-08,router,0.954568,33.689276,43709.598104,2.127588,8.15,0.663684,0.344915,0.149459,0.016126
nvr-01,nvr,0.999043,25.716538,35992.686626,1.372407,4.92,0.766776,0.238262,0.163927,0.016194
access-ctrl-03,access_controller,0.757194,8.705445,12506.118781,0.525319,2.73,0.846758,0.155148,0.234358,0.008309
thermostat-20,thermostat,0.785966,6.636401,4419.173556,0.298346,5.35,0.661963,0.292232,0.226229,0.013901
plug-19,smart_plug,0.357464,3.708653,853.402849,0.12032,3.43,0.52152,0.463888,0.308156,0.009244
cam-001,camera,1.143388,55.648394,78125.605036,1.936324,7.29,0.581281,0.397208,0.098461,0.032252
sensor-12,sensor,0.64248,2.824938,2343.703084,0.225959,1.15,0.902182,0.099714,0.299529,0.010801
router-14,router,0.989574,35.0376,67428.204067,2.258717,7.25,0.71047,0.269663,0.13796,0.01903
nvr-01,nvr,1.108965,24.311615,47320.301636,1.421659,2.66,0.724503,0.291565,0.177579,0.018952
access-ctrl-02,access_controller,0.742177,10.808578,11342.54974,0.530122,4.34,0.782602,0.186994,0.241196,0.010043
thermostat-04,thermostat,0.668313,6.167049,3774.839206,0.429458,2.7,0.711166,0.289416,0.22131,0.017147
plug-11,smart_plug,0.389939,3.623392,1269.045037,0.07892,1.4,0.512901,0.469511,0.356268,0.013061
cam-004,camera,1.11689,45.083387,70163.048278,2.712446,14.06,0.609055,0.406138,0.102338,0.036367
sensor-24,sensor,0.458663,5.016919,1494.416869,0.109693,0.75,0.845705,0.125606,0.246417,0.009749
router-14,router,0.910617,43.16846,60229.995315,2.039813,4.78,0.665794,0.324328,0.124282,0.021113
nvr-06,nvr,1.17607,25.895336,44205.498929,1.241214,2.56,0.81992,0.195017,0.183975,0.012442
access-ctrl-05,access_controller,0.616862,11.468681,13797.085993,0.542525,1.14,0.829404,0.143455,0.212875,0.007691
thermostat-13,thermostat,0.843246,7.008719,4275.926623,0.325899,4.04,0.708473,0.329106,0.204383,0.017285
plug-14,smart_plug,0.369199,2.666937,797.4583,0.088744,0.04,0.472162,0.508539,0.339704,0.008012
cam-005,camera,1.195964,57.929604,94877.81575,1.722182,10.4,0.581839,0.384767,0.099274,0.02884
sensor-07,sensor,0.495227,4.762575,2504.867114,0.243986,2.2,0.795097,0.133157,0.26445,0.004236
router-11,router,0.788142,28.702092,66329.27488,1.8584,5.83,0.65639,0.335297,0.119173,0.02786
nvr-06,nvr,1.184394,27.59236,54385.346048,1.151432,1.64,0.683716,0.305959,0.178565,0.019603
access-ctrl-01,access_controller,0.658392,8.217166,12801.422564,0.712575,1.52,0.784821,0.200542,0.246217,0.012407
thermostat-09,thermostat,0.810013,7.446009,4738.484968,0.321527,5.09,0.692538,0.231124,0.236837,0.017724
plug-19,smart_plug,0.431955,2.41057,1092.562963,0.139309,0.0,0.461251,0.479486,0.359382,0.012236
cam-003,camera,1.274902,48.593825,95064.227035,2.572086,10.23,0.605332,0.371438,0.113287,0.027621
sensor-24,sensor,0.604126,3.959936,2253.222226,0.180113,0.84,0.830597,0.184355,0.252695,0.005455
router-08,router,0.866266,36.171029,67776.273433,2.06524,9.09,0.656144,0.355613,0.155437,0.026354
nvr-01,nvr,1.158663,23.59167,51661.848549,1.59448,4.85,0.835449,0.19387,0.194567,0.011249
access-ctrl-04,access_controller,0.582457,9.572514,12289.129038,0.477308,1.83,0.828169,0.11648,0.25113,0.010015
thermostat-24,thermostat,0.840331,6.481246,3834.275395,0.326369,0.73,0.701855,0.321318,0.236622,0.015014
plug-11,smart_plug,0.478926,3.009777,1496.755839,0.12285,1.85,0.498589,0.50911,0.332402,0.009951
cam-006,camera,1.194443,58.617488,85771.772916,2.846574,9.53,0.672859,0.320273,0.1098,0.025495
sensor-21,sensor,0.438357,4.483644,2023.758427,0.244881,1.62,0.836974,0.144526,0.311945,0.009196
router-02,router,1.037701,34.603154,41492.418609,2.156231,6.54,0.647049,0.323424,0.138287,0.030813
nvr-06,nvr,1.063293,25.641045,34215.016971,1.673211,5.55,0.788062,0.231909,0.196716,0.01219
access-ctrl-01,access_controller,0.656819,9.589177,11919.149906,0.6919,4.94,0.780207,0.239738,0.240395,0.010371
thermostat-13,thermostat,0.84133,8.070092,4594.786627,0.337181,2.59,0.700816,0.232852,0.239258,0.013973
plug-11,smart_plug,0.334421,3.717365,1615.936383,0.102067,0.0,0.506252,0.530107,0.342712,0.009075
cam-003,camera,1.118933,50.087738,78022.706318,2.769363,5.99,0.669881,0.356266,0.094724,0.033318
sensor-24,sensor,0.518055,2.983955,2223.279906,0.127953,0.83,0.797096,0.174912,0.316029,0.009068
router-14,router,0.810626,41.351808,49706.420487,1.774986,9.6,0.646828,0.399066,0.132694,0.015564
nvr-06,nvr,0.963125,21.234929,52538.829943,1.5489,4.9,0.728304,0.205,0.165389,0.011748
access-ctrl-06,access_controller,0.732389,11.030556,9732.884972,0.653485,3.36,0.835787,0.146367,0.235593,0.010295
thermostat-13,thermostat,0.836849,6.674101,3841.84015,0.388856,1.55,0.7116,0.223195,0.233028,0.013472
plug-29,smart_plug,0.453055,2.183488,1364.254519,0.153877,3.02,0.488998,0.517483,0.337498,0.011574
cam-004,camera,1.274732,52.409392,77245.809274,2.571324,7.85,0.560315,0.384754,0.094594,0.02667
sensor-18,sensor,0.531552,5.676351,1689.811032,0.205101,2.36,0.888069,0.042865,0.321446,0.004588
router-02,router,0.847813,41.605353,41141.36348,2.293234,4.55,0.630923,0.334516,0.150707,0.016858
nvr-01,nvr,1.218335,20.476224,48358.701096,1.605681,1.76,0.748479,0.224061,0.167261,0.013015
access-ctrl-04,access_controller,0.710217,9.932166,12368.168938,0.489122,4.41,0.858862,0.155219,0.235947,0.010577
thermostat-04,thermostat,0.703389,6.388052,5395.201267,0.477656,4.71,0.749951,0.19266,0.226624,0.013627
plug-14,smart_plug,0.421617,3.253595,1619.554978,0.141641,2.4,0.49869,0.483786,0.3558,0.013915
cam-004,camera,1.115995,58.26044,76229.208623,2.635514,11.3,0.700923,0.319347,0.099256,0.031507
sensor-18,sensor,0.517751,3.729572,2453.760665,0.254213,4.1,0.899915,0.047469,0.303577,0.007779
router-02,router,0.994306,40.230555,63304.497854,1.871731,4.99,0.699851,0.295459,0.123142,0.020602
nvr-04,nvr,1.165669,17.447768,39794.127825,1.630945,4.14,0.809273,0.144804,0.190825,0.016613
access-ctrl-04,access_controller,0.714372,11.050793,14554.854322,0.733409,0.63,0.892202,0.121154,0.221426,0.007549
thermostat-16,thermostat,0.792177,5.647808,3915.550924,0.413383,1.59,0.718066,0.290765,0.235221,0.016286
plug-11,smart_plug,0.432775,3.660763,1252.049264,0.068182,1.84,0.52198,0.462971,0.346392,0.01221
cam-005,camera,1.152248,50.730313,97170.037643,2.732462,11.22,0.601768,0.393882,0.09787,0.035459
sensor-18,sensor,0.517708,5.476359,1986.886021,0.22844,2.19,0.865707,0.095617,0.314981,0.010993
router-17,router,1.02662,38.334579,48387.438503,2.052452,10.06,0.607123,0.403921,0.118608,0.020176
nvr-06,nvr,1.051352,26.43694,34903.049272,1.644804,2.69,0.68253,0.33348,0.168478,0.018424
access-ctrl-03,access_controller,0.707691,8.771879,13493.664843,0.730384,1.86,0.822059,0.128333,0.265547,0.011053
thermostat-04,thermostat,0.742399,5.952808,4124.808019,0.40124,4.34,0.715173,0.248557,0.212175,0.013438
plug-25,smart_plug,0.380586,3.65814,1532.158747,0.058466,3.42,0.51854,0.476998,0.328512,0.011689
cam-005,camera,1.26812,48.603794,77789.038998,2.393439,11.4,0.675957,0.334643,0.077866,0.025248
sensor-07,sensor,0.636468,2.84165,1843.177019,0.121507,1.54,0.946454,0.093696,0.291936,0.006501
router-05,router,0.897212,36.410733,66676.94946,2.005984,5.1,0.610154,0.360118,0.150895,0.026308
nvr-04,nvr,1.100381,23.101826,54087.060361,1.163429,5.19,0.829514,0.141702,0.206218,0.018283
access-ctrl-06,access_controller,0.642948,11.099746,13887.943755,0.616897,4.42,0.779882,0.20763,0.245858,0.010913
thermostat-09,thermostat,0.819161,6.00786,4317.394654,0.345746,0.72,0.733595,0.216376,0.199811,0.012408
plug-19,smart_plug,0.483072,3.95502,1589.556682,0.131827,2.08,0.488522,0.497846,0.355219,0.012123
cam-006,camera,1.404589,61.376284,100182.507327,2.491734,10.79,0.647413,0.303049,0.097671,0.035456
sensor-18,sensor,0.551836,3.624453,2743.299126,0.140653,1.44,0.825787,0.179896,0.290256,0.008998
router-02,router,1.018168,40.895543,46211.368997,2.230728,10.4,0.682909,0.281174,0.135252,0.01599
nvr-05,nvr,1.19684,24.928613,49461.55648,1.613544,4.04,0.775856,0.232947,0.178402,0.016528
access-ctrl-03,access_controller,0.753887,8.648104,10585.450328,0.49084,3.16,0.744412,0.230255,0.24076,0.012559
thermostat-04,thermostat,0.699955,6.267108,5309.717145,0.359977,3.68,0.727694,0.260345,0.222715,0.01751
plug-29,smart_plug,0.402597,3.001642,1646.007694,0.06809,0.91,0.449982,0.508425,0.328151,0.009213
cam-005,camera,1.271182,52.452931,94614.548169,2.58654,9.47,0.674359,0.307954,0.10991,0.037729
sensor-21,sensor,0.641242,3.34133,2399.821477,0.213978,1.61,0.880428,0.138794,0.274371,0.004594
router-02,router,1.023655,37.2152,44582.783881,1.697408,7.4,0.676974,0.34657,0.120559,0.019443
nvr-02,nvr,1.226114,17.742176,39357.344848,1.601423,4.02,0.678867,0.290844,0.195351,0.018896
access-ctrl-02,access_controller,0.634786,9.031567,10214.526601,0.558079,4.57,0.834623,0.166498,0.267585,0.010746
thermostat-13,thermostat,0.760613,5.939795,4275.105228,0.383152,3.48,0.749734,0.251529,0.207653,0.014346
plug-29,smart_plug,0.409891,3.268781,915.921671,0.132122,1.66,0.548599,0.461599,0.328153,0.012385
cam-001,camera,1.339316,52.783321,92625.278658,2.046466,9.39,0.61734,0.342437,0.089082,0.025634
sensor-24,sensor,0.505373,2.770259,1758.627627,0.187417,0.87,0.830597,0.162782,0.271606,0.009637
router-17,router,0.934822,33.908622,45781.072805,1.678338,6.64,0.670782,0.296543,0.145837,0.018958
nvr-02,nvr,1.227655,18.542821,52910.888637,1.487302,3.91,0.786941,0.20521,0.191002,0.01734
access-ctrl-05,access_controller,0.681266,10.183594,12824.163668,0.517295,3.65,0.806033,0.186246,0.2484,0.011101
thermostat-16,thermostat,0.800082,6.563135,5600.464312,0.388628,3.93,0.681967,0.307835,0.218629,0.017292
plug-25,smart_plug,0.348322,2.633493,1296.74237,0.140295,2.67,0.4862,0.554794,0.315722,0.012764
cam-004,camera,1.323739,49.10603,99647.41045,2.514364,10.99,0.706197,0.327728,0.09948,0.031753
sensor-21,sensor,0.446456,5.221204,2430.354285,0.154347,2.35,0.879346,0.142598,0.262904,0.006877
router-02,router,0.939378,29.044164,54238.540766,1.865609,8.99,0.687535,0.275436,0.123628,0.026473
nvr-06,nvr,1.271808,24.097605,42494.006112,1.362936,4.07,0.803823,0.219619,0.194178,0.015173
access-ctrl-04,access_controller,0.767718,11.380608,12886.011504,0.524391,3.24,0.775647,0.194131,0.22335,0.013908
thermostat-09,thermostat,0.770731,8.106984,4098.2369,0.333043,3.58,0.703727,0.217093,0.202624,0.016811
plug-14,smart_plug,0.430065,2.354526,1390.781242,0.088979,0.85,0.544968,0.447702,0.328242,0.012438
cam-005,camera,1.046475,61.003608,88562.114834,1.801356,6.75,0.662954,0.31825,0.104234,0.040394
sensor-12,sensor,0.56037,5.219694,1236.616366,0.255597,1.75,0.786805,0.212226,0.300203,0.007128
router-17,router,0.720542,35.601493,67121.090559,2.269858,3.95,0.689687,0.29122,0.12603,0.026411
nvr-05,nvr,1.256236,21.947771,43038.775884,1.527782,3.86,0.760795,0.217408,0.179117,0.017925
access-ctrl-04,access_controller,0.631417,10.843346,13550.869397,0.77443,3.74,0.824699,0.132717,0.254603,0.010128
thermostat-24,thermostat,0.8752,5.438197,5132.749713,0.297548,2.6,0.704532,0.306138,0.219445,0.018957
plug-22,smart_plug,0.393414,2.189488,1216.95339,0.129083,2.11,0.544406,0.442539,0.327552,0.010324
cam-002,camera,1.122641,50.965208,70811.261633,2.540035,12.11,0.581731,0.413671,0.090469,0.025007
sensor-07,sensor,0.524537,3.260076,2419.93193,0.110293,2.1,0.929402,0.064851,0.29624,0.006551
router-08,router,0.995457,39.526556,53263.305089,2.261222,4.76,0.655963,0.373025,0.140786,0.024412
nvr-06,nvr,1.005335,24.591969,34880.453212,1.649881,1.65,0.784432,0.204136,0.175163,0.013435
access-ctrl-04,access_controller,0.592658,7.495077,14389.362741,0.701023,3.95,0.863891,0.129134,0.257504,0.012345
thermostat-24,thermostat,0.74193,7.509605,5379.340156,0.373557,2.16,0.64803,0.303657,0.213598,0.013759
plug-14,smart_plug,0.440619,2.921923,938.881009,0.109971,3.42,0.486495,0.540281,0.368208,0.012637
cam-001,camera,1.333273,51.688721,74492.707641,2.761521,9.92,0.63096,0.368044,0.086059,0.03666
sensor-07,sensor,0.461198,4.41647,1729.208982,0.230791,0.0,0.874572,0.0722,0.289526,0.011844
router-02,router,0.837079,35.607496,64777.273388,2.031558,5.31,0.69042,0.306175,0.157452,0.020376
nvr-05,nvr,0.964917,18.24225,53802.309035,1.697898,7.11,0.699978,0.287421,0.175737,0.012874
access-ctrl-05,access_controller,0.688576,8.207127,9986.631011,0.779013,3.23,0.796264,0.162271,0.267501,0.007104
thermostat-09,thermostat,0.691241,7.843434,3919.898358,0.416453,1.28,0.700769,0.279837,0.228364,0.013963
plug-11,smart_plug,0.439195,3.16319,1212.409179,0.138914,1.74,0.533751,0.433276,0.31418,0.012522
cam-003,camera,1.272346,58.275417,81726.826395,2.702439,11.49,0.64279,0.360002,0.081997,0.032309
sensor-21,sensor,0.44488,3.251951,2305.646458,0.246718,2.43,0.899436,0.070094,0.271726,0.005339
router-05,router,0.952426,35.874833,60803.828308,1.684247,9.43,0.593524,0.322029,0.161287,0.01989
nvr-01,nvr,1.020194,26.615541,34577.285219,1.581857,5.19,0.78243,0.180548,0.211073,0.019746
access-ctrl-01,access_controller,0.71502,10.201053,11560.258536,0.839153,2.96,0.800397,0.153099,0.214527,0.011059
thermostat-13,thermostat,0.769458,5.451838,4879.418493,0.489019,2.52,0.69837,0.334586,0.229459,0.018193
plug-19,smart_plug,0.45031,2.257487,788.249252,0.142648,0.3,0.503814,0.462383,0.313224,0.01113
cam-003,camera,1.255885,44.259815,80266.663879,1.83757,13.46,0.681493,0.345575,0.09561,0.028759
sensor-18,sensor,0.561771,3.893468,2407.006186,0.156845,1.0,0.826035,0.177063,0.309217,0.007716
router-02,router,0.985479,27.346125,47660.937486,1.680391,6.1,0.723253,0.28853,0.14981,0.020149
nvr-01,nvr,1.199876,20.58157,33131.772394,1.273286,7.29,0.788869,0.207688,0.200039,0.013505
access-ctrl-06,access_controller,0.587402,9.740198,10125.288216,0.617241,3.22,0.790079,0.223349,0.256972,0.006663
thermostat-13,thermostat,0.761502,6.163901,4525.870255,0.395245,2.0,0.698459,0.303222,0.216181,0.012677
plug-22,smart_plug,0.406079,2.235509,989.281718,0.059628,1.82,0.451778,0.4864,0.360344,0.009981
cam-006,camera,1.27884,56.455771,98006.593472,2.112534,9.48,0.615142,0.337117,0.093645,0.040511
sensor-12,sensor,0.419217,3.721162,1777.289604,0.211687,3.72,0.889001,0.056393,0.256162,0.009617
router-11,router,0.932099,33.826179,43857.164547,1.717176,5.85,0.623284,0.364483,0.136021,0.017708
nvr-01,nvr,0.975584,27.862949,35585.148745,1.360567,5.38,0.773268,0.165082,0.173068,0.01381
access-ctrl-01,access_controller,0.576067,9.741881,9451.827288,0.63542,1.92,0.788068,0.179587,0.225921,0.011869
thermostat-04,thermostat,0.796213,7.093283,4322.418774,0.433445,1.24,0.717502,0.295628,0.216963,0.014214
plug-14,smart_plug,0.375546,3.696946,1067.147809,0.151082,1.91,0.459773,0.510084,0.319944,0.011719
cam-004,camera,1.347274,53.505761,77323.937512,1.868843,10.1,0.588851,0.427874,0.105897,0.030583
sensor-24,sensor,0.505849,3.598058,1556.05222,0.2166,0.63,0.92899,0.083576,0.305749,0.005128
router-08,router,0.995478,29.380216,41102.295237,1.815441,8.36,0.727697,0.252502,0.119557,0.023583
nvr-01,nvr,1.224,24.255483,38739.232908,1.163622,3.0,0.768,0.204521,0.193828,0.01743
access-ctrl-04,access_controller,0.712141,11.30348,12192.711485,0.629215,2.7,0.790397,0.225224,0.251864,0.007087
thermostat-24,thermostat,0.681687,6.643531,4549.456524,0.300664,3.41,0.655099,0.336137,0.226118,0.01571
plug-22,smart_plug,0.353087,3.501568,1409.752595,0.070745,0.7,0.485161,0.537943,0.31269,0.009021
cam-005,camera,1.291037,55.035232,81757.107178,1.768503,12.23,0.576747,0.413468,0.088422,0.027177
sensor-27,sensor,0.520015,3.566513,2357.766814,0.146441,0.75,0.837704,0.146964,0.273033,0.010283
router-05,router,0.998601,33.509951,55691.956111,2.337603,9.93,0.59629,0.391806,0.141446,0.025601
nvr-04,nvr,1.018611,27.060272,51927.599614,1.341808,6.53,0.699861,0.289034,0.191019,0.011349
access-ctrl-06,access_controller,0.695522,10.638064,12324.955549,0.66906,2.72,0.751067,0.228429,0.254958,0.007058
thermostat-09,thermostat,0.775272,7.756532,5333.342733,0.427132,4.61,0.712347,0.26514,0.23426,0.014125
plug-19,smart_plug,0.380681,2.351333,1124.475358,0.128643,1.87,0.465741,0.521758,0.328545,0.010278
cam-005,camera,1.247215,44.49519,81701.288931,2.199744,11.04,0.627042,0.378824,0.103261,0.028595
sensor-21,sensor,0.583984,3.90034,2467.587013,0.078166,2.42,0.780983,0.191606,0.24716,0.006836
router-14,router,0.733704,27.506726,65223.59092,1.78439,5.58,0.618716,0.409994,0.125412,0.017979
nvr-03,nvr,1.027339,20.964146,46450.036933,1.206789,5.58,0.760575,0.168192,0.179329,0.018928
access-ctrl-01,access_controller,0.670219,7.997586,9317.118789,0.676558,5.02,0.759322,0.20496,0.250738,0.012522
thermostat-16,thermostat,0.740644,5.623,5404.16714,0.372435,2.87,0.724551,0.295955,0.2016,0.016226
plug-11,smart_plug,0.410278,3.354472,1196.772041,0.119041,2.97,0.502497,0.473139,0.352979,0.01198
cam-006,camera,1.044475,61.596176,85355.093317,2.114026,10.5,0.566984,0.390915,0.089672,0.04085
sensor-07,sensor,0.463337,3.456229,1341.487448,0.122237,3.26,0.881038,0.092645,0.313477,0.008332
router-08,router,0.880519,40.278284,42841.22149,2.1321,8.55,0.726865,0.232326,0.126646,0.019408
nvr-04,nvr,0.947866,25.045431,38335.16085,1.739229,4.54,0.715714,0.267766,0.191223,0.019838
access-ctrl-04,access_controller,0.782457,9.709217,12123.382411,0.694936,2.25,0.872684,0.149709,0.253922,0.011352
thermostat-13,thermostat,0.669576,7.032519,4263.995978,0.328302,1.86,0.738018,0.282808,0.206824,0.013031
plug-29,smart_plug,0.463746,3.796867,988.175693,0.061621,1.48,0.500148,0.466448,0.320412,0.011462
cam-006,camera,1.426435,58.167281,81109.114622,2.658474,8.1,0.59307,0.385779,0.078617,0.030537
sensor-21,sensor,0.632214,3.366902,1780.285905,0.150595,2.96,0.820624,0.150953,0.279224,0.010199
router-05,router,0.823797,33.119487,63825.80636,1.971416,9.82,0.570041,0.407482,0.145357,0.029377
nvr-01,nvr,0.977915,18.767397,40007.296991,1.69284,2.32,0.739275,0.235023,0.186554,0.013808
access-ctrl-03,access_controller,0.558561,8.64589,10329.042627,0.738736,2.2,0.809329,0.212222,0.214384,0.007954
thermostat-20,thermostat,0.684573,7.671857,4238.280054,0.407634,4.59,0.729027,0.319289,0.225942,0.013264
plug-22,smart_plug,0.379957,3.77334,1173.019594,0.078092,1.44,0.512859,0.478228,0.350661,0.011506
cam-004,camera,1.261606,45.40432,69775.061133,2.204027,5.53,0.669001,0.316406,0.104375,0.035269
sensor-24,sensor,0.421005,4.277221,2772.693866,0.194104,1.76,0.826028,0.155147,0.298596,0.006768
router-08,router,0.85307,32.53383,62967.211477,2.210024,4.75,0.703204,0.296,0.123794,0.021558
nvr-05,nvr,1.213714,17.252763,46119.20496,1.403101,3.05,0.790571,0.224871,0.183718,0.017109
access-ctrl-06,access_controller,0.778145,9.348251,9717.018518,0.713038,2.0,0.785636,0.191697,0.257165,0.011974
thermostat-13,thermostat,0.707964,5.182971,3919.044951,0.351436,3.6,0.700977,0.305764,0.231135,0.015541
plug-22,smart_plug,0.388401,2.62994,1573.226862,0.097239,0.0,0.527357,0.460397,0.340607,0.009002
cam-003,camera,1.283454,51.212697,89779.821795,2.385221,7.35,0.586648,0.388594,0.111075,0.024406
sensor-27,sensor,0.63146,4.910699,2463.740848,0.151209,4.0,0.850863,0.123967,0.285362,0.01046
router-02,router,1.01058,35.434467,47330.01029,1.802885,5.86,0.74653,0.238557,0.134929,0.020481
nvr-05,nvr,1.1726,23.084408,38091.018362,1.254182,4.36,0.73138,0.286979,0.202649,0.016334
access-ctrl-05,access_controller,0.58657,7.829879,13620.370505,0.839012,3.81,0.751761,0.208426,0.214031,0.010128
thermostat-20,thermostat,0.800064,7.835873,5319.498894,0.309167,1.58,0.759977,0.224013,0.219246,0.01451
plug-29,smart_plug,0.409993,3.214191,1171.451908,0.118045,1.03,0.512642,0.461776,0.331835,0.008944
cam-006,camera,1.141926,55.411688,76597.579899,2.257403,12.16,0.594837,0.41444,0.079613,0.035615
sensor-27,sensor,0.656684,3.748904,2671.820268,0.107214,0.62,0.890122,0.114116,0.239306,0.005609
router-14,router,0.915708,27.632884,65044.981366,2.195392,7.35,0.750691,0.229638,0.133424,0.019016
nvr-04,nvr,0.883836,16.9647,53135.395738,1.289425,3.89,0.725501,0.279602,0.181928,0.012391
access-ctrl-04,access_controller,0.737299,10.765667,9068.172403,0.630749,3.73,0.77398,0.200785,0.246931,0.007754
thermostat-09,thermostat,0.739483,7.178649,3827.789772,0.398167,2.68,0.656237,0.301789,0.209654,0.015984
plug-11,smart_plug,0.340758,3.604361,827.375204,0.107314,3.26,0.503837,0.501186,0.346121,0.012745
cam-005,camera,1.15189,48.657198,97851.546399,2.66997,9.96,0.68449,0.264069,0.087657,0.035975
sensor-07,sensor,0.521629,4.041204,2621.575318,0.111985,1.6,0.914121,0.079083,0.314635,0.008149
router-05,router,1.021449,28.165255,63100.083312,1.723611,6.99,0.667963,0.294391,0.131282,0.022929
nvr-01,nvr,1.031581,17.298723,34618.909301,1.50488,3.97,0.751163,0.259583,0.162902,0.017081
access-ctrl-03,access_controller,0.601892,10.886344,8838.758807,0.512144,2.57,0.840808,0.140631,0.256259,0.009981
thermostat-09,thermostat,0.699743,5.369023,3866.878168,0.446549,3.25,0.707723,0.298234,0.227964,0.014024
plug-11,smart_plug,0.418127,3.395548,1492.188287,0.091748,0.62,0.477818,0.528681,0.352734,0.012518
cam-002,camera,1.446646,52.450633,97835.785513,1.884436,6.83,0.607727,0.394305,0.081581,0.031663
sensor-24,sensor,0.447378,2.893213,1990.541165,0.150665,1.97,0.9137,0.031769,0.327562,0.006346
router-02,router,0.864937,34.146772,41115.645192,1.91302,7.6,0.677151,0.304747,0.136303,0.015824
nvr-02,nvr,0.912768,22.296785,34308.595092,1.54561,4.1,0.733079,0.271549,0.190483,0.014604
access-ctrl-04,access_controller,0.712384,10.602451,12348.398189,0.763491,2.13,0.819081,0.184761,0.260037,0.007777
thermostat-16,thermostat,0.755207,5.341316,4309.107929,0.460686,3.84,0.703515,0.279492,0.236417,0.015534
plug-29,smart_plug,0.370791,2.365409,804.230642,0.070659,1.3,0.488977,0.525036,0.351381,0.012993
cam-001,camera,1.140471,62.064051,98919.114837,1.833883,8.02,0.640713,0.340566,0.104577,0.039717
sensor-07,sensor,0.627352,3.586936,2120.232804,0.182166,4.34,0.873816,0.113787,0.252193,0.005976
router-02,router,0.941066,37.78237,49232.416209,2.128778,5.77,0.663957,0.283129,0.127202,0.024001
nvr-02,nvr,1.127581,20.132801,53038.443007,1.357442,4.26,0.810657,0.189415,0.163181,0.012173
access-ctrl-05,access_controller,0.584269,8.538281,12622.05417,0.715148,4.38,0.802415,0.196515,0.217628,0.007202
thermostat-20,thermostat,0.780604,5.477848,4417.320552,0.492922,2.88,0.74764,0.268951,0.215699,0.017937
plug-25,smart_plug,0.485575,4.00035,1480.054383,0.118007,2.27,0.440521,0.518409,0.334744,0.010255
cam-001,camera,1.145515,60.383324,94905.04027,1.917447,12.48,0.727911,0.261943,0.111682,0.035884
sensor-07,sensor,0.59627,5.604546,1647.454077,0.174454,1.92,0.864721,0.11428,0.270612,0.008336
router-05,router,0.838958,27.991786,44089.952442,1.855357,6.16,0.626798,0.345913,0.131986,0.027136
nvr-03,nvr,0.945983,20.603772,32673.15904,1.330829,5.7,0.728146,0.323073,0.169929,0.017757
access-ctrl-03,access_controller,0.681878,10.93216,11180.22416,0.510922,4.45,0.87123,0.109759,0.220219,0.010692
thermostat-16,thermostat,0.701263,7.616247,5180.691027,0.389781,3.01,0.732527,0.263919,0.204576,0.017796
plug-14,smart_plug,0.360967,2.614669,779.277661,0.069927,0.0,0.546547,0.4299,0.361255,0.012314
cam-003,camera,1.278659,58.743515,69846.170777,1.801061,9.67,0.653798,0.325916,0.099676,0.028475
sensor-27,sensor,0.525408,4.318517,1983.640629,0.107714,1.58,0.885656,0.077673,0.283732,0.0052
router-08,router,0.923062,36.918677,43686.798697,2.073768,6.75,0.750626,0.248501,0.118268,0.028978
nvr-01,nvr,1.009662,23.411237,37265.401928,1.324475,7.16,0.712164,0.256747,0.20406,0.01193
access-ctrl-05,access_controller,0.649159,7.593076,10304.649767,0.68014,3.5,0.785142,0.180627,0.224557,0.008941
thermostat-13,thermostat,0.73393,7.524121,5601.238139,0.305731,1.76,0.722131,0.272014,0.220666,0.013763
plug-19,smart_plug,0.429388,2.241896,792.704973,0.1418,2.01,0.484027,0.548027,0.315323,0.014241
cam-002,camera,1.094483,56.254895,88580.598403,2.181612,14.42,0.718508,0.267571,0.082618,0.036025
sensor-24,sensor,0.587713,3.192492,1937.67936,0.204009,0.27,0.844648,0.20485,0.272726,0.007776
router-05,router,0.755319,28.40059,68068.538534,1.715682,11.12,0.667193,0.337383,0.149202,0.023839
nvr-06,nvr,1.084405,17.032721,52053.193765,1.259223,5.32,0.775496,0.243761,0.200092,0.013572
access-ctrl-01,access_controller,0.711518,8.420373,9362.672475,0.496491,1.96,0.776538,0.192248,0.215062,0.010288
thermostat-20,thermostat,0.77502,5.766232,3869.861269,0.480986,3.49,0.664255,0.304745,0.235808,0.015794
plug-29,smart_plug,0.40791,3.974268,1380.492066,0.138155,0.97,0.491771,0.465893,0.346503,0.010269
cam-005,camera,1.213575,56.905097,95279.950069,2.633061,7.75,0.588733,0.371276,0.092372,0.038739
sensor-07,sensor,0.568096,4.366949,2031.7983,0.132504,2.05,0.769538,0.178667,0.272111,0.007271
router-17,router,1.021078,31.807835,64989.763174,1.678478,11.0,0.760219,0.244969,0.150605,0.020836
nvr-06,nvr,1.184365,22.096226,53955.35246,1.350415,6.41,0.697432,0.241834,0.163737,0.012188
access-ctrl-05,access_controller,0.558973,8.688945,9241.92662,0.624321,2.99,0.79367,0.234938,0.243731,0.00857
thermostat-04,thermostat,0.7151,5.290782,4845.918709,0.452274,4.07,0.758843,0.240662,0.200187,0.014819
plug-19,smart_plug,0.446753,2.948773,843.325122,0.058232,2.23,0.498842,0.506069,0.303769,0.012505
cam-001,camera,1.283064,54.061519,79240.922667,2.642439,9.77,0.612589,0.340923,0.102452,0.024933
sensor-24,sensor,0.656911,4.791456,1857.466686,0.146421,3.03,0.829741,0.200597,0.246129,0.010295
router-05,router,0.936085,30.723956,66988.91122,2.083997,8.47,0.668436,0.351689,0.129123,0.017422
nvr-05,nvr,1.289663,17.288731,38205.309447,1.158158,5.2,0.798326,0.228142,0.209248,0.012321
access-ctrl-04,access_controller,0.707592,8.308871,9365.517714,0.854774,1.28,0.825114,0.143296,0.212894,0.009416
thermostat-04,thermostat,0.783372,6.575346,3921.591288,0.295003,4.1,0.707094,0.314392,0.224289,0.017015
plug-14,smart_plug,0.357254,3.775622,1587.059194,0.098087,0.79,0.507677,0.455519,0.352401,0.009526
cam-003,camera,1.079083,57.210303,80375.43805,2.23357,11.57,0.694653,0.298425,0.115971,0.026663
sensor-07,sensor,0.630805,4.049337,2213.685903,0.189664,3.1,0.875014,0.156658,0.270848,0.004779
router-14,router,0.850024,28.208576,53710.933787,1.748585,3.66,0.671254,0.298242,0.149267,0.017818
nvr-01,nvr,1.024247,23.663577,55550.224095,1.127441,4.65,0.786736,0.219255,0.189478,0.011354
access-ctrl-02,access_controller,0.745972,7.665234,10078.16805,0.761754,3.01,0.775869,0.229375,0.241764,0.007176
thermostat-13,thermostat,0.735014,6.854463,4146.823252,0.370051,3.65,0.712264,0.221965,0.200462,0.014028
plug-29,smart_plug,0.4452,3.365979,1421.117305,0.141485,1.38,0.504929,0.471611,0.31503,0.013258
cam-004,camera,1.330637,44.033027,91617.282932,2.732074,6.39,0.57745,0.39367,0.08348,0.029676
sensor-24,sensor,0.521872,4.633778,2554.66448,0.225298,2.58,0.801306,0.196885,0.318804,0.010807
router-08,router,0.816475,34.66615,62196.592732,2.180196,10.27,0.680139,0.291995,0.124111,0.018075
nvr-03,nvr,0.961237,25.914635,40547.325137,1.362081,6.48,0.769718,0.239214,0.179669,0.013379
access-ctrl-02,access_controller,0.686555,11.020249,10854.707072,0.718894,1.96,0.831712,0.157819,0.241088,0.009323
thermostat-09,thermostat,0.817897,7.692349,5447.30792,0.303251,2.99,0.706295,0.253126,0.206161,0.013228
plug-14,smart_plug,0.429605,2.945756,1631.077024,0.078862,2.07,0.4421,0.552206,0.336813,0.010079
cam-005,camera,1.289718,56.295052,92945.23005,2.731948,10.51,0.690298,0.324413,0.08671,0.033338
sensor-21,sensor,0.528632,5.072106,1630.144081,0.253353,0.8,0.875354,0.08387,0.308796,0.006592
router-11,router,0.957942,39.820332,48071.076817,1.905839,6.37,0.718096,0.278762,0.129832,0.02619
nvr-04,nvr,1.269365,22.859704,56360.714178,1.656074,2.01,0.721452,0.246263,0.173257,0.018757
access-ctrl-01,access_controller,0.643881,10.800317,13894.489748,0.715714,4.39,0.80631,0.153143,0.228713,0.0096
thermostat-24,thermostat,0.837413,7.531828,5227.744721,0.313649,1.68,0.716548,0.289564,0.221876,0.019182
plug-25,smart_plug,0.366529,2.223548,1593.922905,0.13899,0.58,0.491729,0.461068,0.321398,0.011947
cam-004,camera,1.192964,58.847851,83390.318686,2.407118,6.64,0.635697,0.338854,0.097178,0.039416
sensor-12,sensor,0.426742,3.013797,2488.669918,0.144014,2.51,0.910298,0.051386,0.273249,0.00419
router-17,router,0.898635,35.161452,52501.55741,1.88978,9.65,0.670342,0.343501,0.153361,0.020109
nvr-01,nvr,1.038862,27.815404,37430.383518,1.684835,7.11,0.704492,0.249499,0.204766,0.01894
access-ctrl-06,access_controller,0.622733,8.35858,11098.623824,0.586576,3.2,0.767546,0.248076,0.244237,0.008713
thermostat-09,thermostat,0.657904,7.42613,4179.341236,0.292669,0.81,0.66474,0.313428,0.225042,0.017182
plug-11,smart_plug,0.462876,2.51786,1559.499335,0.090045,1.12,0.530288,0.507021,0.318368,0.008109
cam-004,camera,1.25872,44.677588,100111.006417,2.014371,8.92,0.61943,0.372955,0.081078,0.030519
sensor-24,sensor,0.412988,5.150503,2630.046232,0.185016,1.38,0.911319,0.072126,0.284042,0.006328
router-14,router,0.763173,38.798335,59159.11708,2.099298,8.33,0.671253,0.315813,0.15003,0.017914
nvr-04,nvr,1.250769,26.135588,46019.863514,1.173945,4.28,0.730248,0.295329,0.162613,0.010901
access-ctrl-05,access_controller,0.575419,9.246343,13110.159668,0.549961,4.09,0.732914,0.266118,0.228554,0.011966
thermostat-24,thermostat,0.710355,8.304685,4849.225964,0.311461,4.69,0.707703,0.253244,0.212273,0.013765
plug-11,smart_plug,0.400099,3.674395,1470.112395,0.122995,1.79,0.486416,0.507816,0.346513,0.009906
cam-005,camera,1.388763,55.209442,84336.103427,2.405326,7.4,0.70209,0.311642,0.112411,0.033871
sensor-24,sensor,0.594693,3.633597,1155.545213,0.118492,0.54,0.850342,0.18888,0.268395,0.006917
router-02,router,0.90021,40.871012,60781.269412,1.80731,7.56,0.628822,0.354238,0.144434,0.018835
nvr-04,nvr,1.106211,26.532567,40220.670978,1.592507,3.92,0.811364,0.151516,0.177148,0.013341
access-ctrl-05,access_controller,0.648116,11.672628,9015.775306,0.513342,2.25,0.800363,0.211436,0.24989,0.009507
thermostat-24,thermostat,0.63176,7.030007,4458.071571,0.296404,4.72,0.75189,0.264545,0.205754,0.013475
plug-29,smart_plug,0.386482,3.155581,1458.180538,0.100987,3.28,0.453253,0.567402,0.336336,0.009625
cam-005,camera,1.354222,59.023297,71329.676666,2.49794,9.84,0.702207,0.309799,0.103494,0.024409
sensor-18,sensor,0.655758,2.842858,2372.617485,0.10062,2.83,0.907857,0.087651,0.25791,0.010365
router-11,router,0.784975,27.550019,46091.261347,2.193716,9.79,0.733396,0.227804,0.147741,0.02851
nvr-04,nvr,1.00963,19.745336,37715.33191,1.380703,2.47,0.693051,0.275943,0.198366,0.015324
access-ctrl-01,access_controller,0.66962,11.449711,14021.582783,0.559373,1.45,0.853198,0.111032,0.241574,0.00801
thermostat-20,thermostat,0.66662,6.915333,4420.066318,0.334312,2.14,0.719913,0.231648,0.232013,0.014505
plug-14,smart_plug,0.450823,2.986414,1419.034455,0.133753,0.53,0.510136,0.48674,0.359519,0.012227
cam-001,camera,1.359812,65.762164,74437.486355,2.522603,10.25,0.616699,0.403153,0.094227,0.036518
sensor-12,sensor,0.645548,4.179239,1986.97996,0.203634,2.84,0.772631,0.193897,0.27876,0.005028
router-02,router,1.006355,26.265171,48666.828234,1.844192,4.52,0.683928,0.27022,0.127052,0.02473
nvr-04,nvr,1.244316,16.693629,33687.137413,1.244962,7.43,0.716512,0.298794,0.200145,0.012494
access-ctrl-02,access_controller,0.705042,9.87578,9868.342235,0.672923,0.66,0.867653,0.123485,0.256147,0.007455
thermostat-04,thermostat,0.719429,5.165066,5178.143378,0.328674,0.55,0.680398,0.32209,0.216824,0.015237
plug-19,smart_plug,0.487372,2.914896,1090.99305,0.126666,2.28,0.426368,0.537214,0.325079,0.008173
cam-002,camera,1.168304,46.027238,94503.503665,1.999094,7.92,0.632008,0.318183,0.113254,0.035625
sensor-07,sensor,0.591619,4.624236,2583.621565,0.101064,4.24,0.907701,0.123759,0.253059,0.008899
router-02,router,0.882826,27.590865,60379.498511,2.202585,10.29,0.642229,0.386819,0.134406,0.025497
nvr-06,nvr,1.239297,26.846103,55124.584934,1.563572,4.04,0.779657,0.173247,0.175455,0.011389
access-ctrl-01,access_controller,0.74547,9.161816,13507.574675,0.776023,5.3,0.809659,0.187676,0.248739,0.012581
thermostat-09,thermostat,0.672089,6.24571,4017.654149,0.399693,2.49,0.707693,0.269328,0.201057,0.019239
plug-14,smart_plug,0.460803,3.659548,1601.244246,0.120838,0.42,0.53505,0.473933,0.357073,0.011633
cam-006,camera,1.364107,52.589713,81537.028547,1.868254,8.72,0.656167,0.350407,0.106608,0.034475
sensor-07,sensor,0.572697,5.188409,1382.185148,0.138366,2.16,0.850546,0.136398,0.247983,0.004717
router-17,router,0.949048,30.971598,50923.164741,1.698479,3.73,0.594524,0.341118,0.125054,0.017062
nvr-01,nvr,1.065208,25.255425,51452.461898,1.413642,5.15,0.712608,0.309924,0.183692,0.01755
access-ctrl-03,access_controller,0.753881,11.505761,10383.830232,0.730075,1.37,0.817882,0.170625,0.241495,0.008004
thermostat-24,thermostat,0.747223,7.962856,3991.079829,0.372532,3.0,0.670848,0.306773,0.208899,0.013897
plug-14,smart_plug,0.373539,2.57016,787.998581,0.129871,0.58,0.523129,0.439259,0.335951,0.013739
cam-001,camera,1.293516,44.699493,81549.348745,2.439521,12.91,0.617279,0.352786,0.084365,0.03562
sensor-24,sensor,0.465623,2.803591,2803.372002,0.102009,2.29,0.812661,0.170431,0.251296,0.004731
router-17,router,0.787176,43.253433,41678.627584,1.667534,7.22,0.690982,0.271174,0.146155,0.028974
nvr-01,nvr,0.919012,20.125053,53100.852081,1.457724,2.0,0.774625,0.178609,0.170006,0.011374
access-ctrl-06,access_controller,0.614875,11.852547,13171.305484,0.639484,2.93,0.853215,0.138891,0.250681,0.007421
thermostat-04,thermostat,0.75435,5.61001,3871.788194,0.447391,2.22,0.679668,0.297772,0.213917,0.018145
plug-29,smart_plug,0.360141,3.744883,1398.624012,0.071925,1.3,0.483816,0.471117,0.344479,0.012323
cam-005,camera,1.29298,52.462796,81694.251216,2.656282,10.1,0.630234,0.359822,0.08652,0.035619
sensor-12,sensor,0.560575,2.942739,1723.351225,0.187316,1.67,0.82056,0.157208,0.252364,0.00546
router-02,router,0.834227,27.635352,40742.151492,2.124877,10.01,0.625188,0.348974,0.121972,0.027952
nvr-01,nvr,0.956541,20.224718,48412.761743,1.470294,4.85,0.798934,0.14782,0.196211,0.016655
access-ctrl-04,access_controller,0.604053,7.928639,9866.560228,0.831098,3.61,0.742606,0.211789,0.253812,0.010605
thermostat-20,thermostat,0.752856,5.162946,4373.24155,0.344924,2.78,0.701802,0.265863,0.230816,0.012954
plug-11,smart_plug,0.40342,2.656012,1466.676056,0.102261,1.73,0.471341,0.512549,0.344887,0.012156
cam-006,camera,1.162713,52.888525,81862.114152,2.457376,12.45,0.611736,0.339287,0.098891,0.037438
sensor-18,sensor,0.469797,2.986241,1662.48917,0.187441,3.54,0.915298,0.074794,0.282734,0.009965
router-08,router,0.773926,32.908066,55660.380085,2.184362,5.53,0.65233,0.374147,0.151152,0.025319
nvr-02,nvr,1.035166,22.627262,47864.633915,1.20504,2.14,0.764034,0.200306,0.17854,0.017394
access-ctrl-05,access_controller,0.627693,9.306621,13462.068595,0.766551,0.77,0.83872,0.165552,0.227116,0.007128
thermostat-04,thermostat,0.658815,5.361413,4977.99844,0.307848,5.45,0.686838,0.32126,0.215704,0.014195
plug-25,smart_plug,0.431232,3.465327,999.341722,0.08967,0.11,0.509413,0.498235,0.328724,0.009067
cam-004,camera,1.257464,54.451616,93810.954034,2.401414,8.61,0.664355,0.290017,0.095006,0.029994
sensor-24,sensor,0.528726,2.874444,2476.321799,0.201033,2.05,0.924216,0.044117,0.26141,0.003569
router-05,router,0.99939,31.566937,41456.67654,1.993927,7.33,0.706382,0.251672,0.126171,0.02715
nvr-05,nvr,1.103946,21.280761,43913.045685,1.256903,2.38,0.736821,0.298177,0.176713,0.019752
access-ctrl-05,access_controller,0.590898,9.54269,14217.750345,0.585939,2.19,0.816198,0.205448,0.250753,0.011918
thermostat-24,thermostat,0.708327,6.634383,3782.598576,0.449409,1.7,0.68802,0.329652,0.220314,0.01346
plug-25,smart_plug,0.375799,3.184713,1148.13582,0.135882,3.0,0.514895,0.435581,0.321314,0.013642
cam-003,camera,1.101255,45.651828,90590.389461,2.458206,12.18,0.616145,0.366827,0.112219,0.039959
sensor-12,sensor,0.409975,4.026118,1614.488184,0.11246,0.12,0.882166,0.064982,0.260843,0.008312
router-14,router,0.849469,43.263916,59045.351599,2.241768,9.34,0.715855,0.302488,0.139073,0.025965
nvr-02,nvr,0.997168,25.288373,54433.333008,1.392395,7.11,0.749448,0.259064,0.186543,0.017561
access-ctrl-02,access_controller,0.717828,7.634959,11006.4717,0.508978,3.93,0.812446,0.170149,0.214623,0.011373
thermostat-13,thermostat,0.764781,7.817287,4287.397734,0.409018,3.57,0.680709,0.262645,0.225089,0.018651
plug-29,smart_plug,0.412774,3.548095,953.771028,0.078738,0.91,0.506785,0.471955,0.341975,0.010421
cam-002,camera,1.396619,49.815397,81692.595142,2.388002,10.04,0.557868,0.414554,0.088534,0.0292
sensor-21,sensor,0.60158,3.739764,1544.692277,0.109214,0.0,0.927549,0.058973,0.284117,0.007353
router-14,router,0.769981,37.173387,65732.686255,1.931969,8.66,0.68712,0.298002,0.125466,0.030136
nvr-02,nvr,1.023721,27.00525,47288.831614,1.446737,5.93,0.827792,0.166991,0.162373,0.012722
access-ctrl-03,access_controller,0.702535,8.104694,12466.105553,0.543866,1.86,0.872042,0.167787,0.241557,0.011152
thermostat-13,thermostat,0.756711,5.490645,4868.527198,0.366783,3.52,0.74925,0.254192,0.237424,0.014762
plug-29,smart_plug,0.434364,2.620547,971.840064,0.068604,2.92,0.440243,0.557876,0.344474,0.010698
cam-005,camera,1.100937,46.242783,86623.028611,2.403301,7.37,0.576048,0.388679,0.085806,0.03189
sensor-12,sensor,0.561973,4.264697,1637.495539,0.164469,0.74,0.761033,0.181386,0.310182,0.007324
router-05,router,0.76982,30.158846,60456.362099,2.048231,4.81,0.663828,0.322721,0.157456,0.026053
nvr-02,nvr,1.103141,23.975235,43616.40455,1.468763,2.97,0.68929,0.343128,0.175964,0.013495
access-ctrl-05,access_controller,0.760029,8.463746,11826.439923,0.724421,2.59,0.859813,0.171622,0.240451,0.010952
thermostat-24,thermostat,0.761089,5.513393,3655.394072,0.428577,5.41,0.701857,0.270622,0.221288,0.014262
plug-25,smart_plug,0.40326,3.613821,1131.590575,0.131088,0.43,0.49083,0.49238,0.339088,0.012884
cam-001,camera,1.230014,45.534185,100779.09017,2.522014,12.95,0.730877,0.270633,0.095823,0.03882
sensor-21,sensor,0.522916,3.901906,1579.823206,0.164993,0.79,0.847575,0.123873,0.236786,0.004747
router-14,router,0.925075,36.732977,62668.739764,1.998784,9.71,0.703383,0.252701,0.135052,0.021844
nvr-06,nvr,1.230467,24.58411,42008.487832,1.527682,5.55,0.717081,0.264576,0.176205,0.015826
access-ctrl-05,access_controller,0.582089,8.926594,14049.369091,0.806571,4.35,0.856328,0.127365,0.251204,0.011039
thermostat-13,thermostat,0.642165,7.515737,4370.069964,0.458784,3.31,0.722912,0.303626,0.215489,0.011301
plug-22,smart_plug,0.469819,2.872493,1478.098429,0.091617,3.49,0.487821,0.507485,0.334557,0.010687
cam-001,camera,1.468751,42.633269,72499.573936,2.620821,7.91,0.621532,0.370492,0.10598,0.026657
sensor-24,sensor,0.498432,4.47079,1866.45702,0.091465,2.83,0.844257,0.142011,0.303286,0.005542
router-14,router,0.97123,34.160375,48341.052773,2.143079,9.44,0.609384,0.37775,0.151715,0.017875
nvr-05,nvr,1.191494,26.600367,49637.143789,1.139031,7.16,0.821819,0.183067,0.187541,0.014266
access-ctrl-01,access_controller,0.761893,9.506404,9422.691891,0.576536,2.87,0.800536,0.11252,0.226793,0.010951
thermostat-16,thermostat,0.744272,5.358333,3677.140354,0.430963,2.77,0.697119,0.315851,0.213172,0.01625
plug-22,smart_plug,0.44785,3.026023,1162.879562,0.132273,0.0,0.53396,0.468901,0.332662,0.010513
cam-005,camera,1.364564,52.506229,77662.444868,2.346344,6.57,0.628084,0.34392,0.092918,0.033873
sensor-18,sensor,0.454334,3.743742,1458.340414,0.127556,2.54,0.913944,0.076519,0.267209,0.009829
router-14,router,1.053435,27.080886,44004.914191,1.807565,9.29,0.662027,0.290043,0.146201,0.016758
nvr-03,nvr,1.138113,17.868667,51824.288266,1.707822,3.22,0.79326,0.209497,0.174407,0.014775
access-ctrl-06,access_controller,0.690996,10.598441,13469.466583,0.714815,1.47,0.808454,0.156628,0.227316,0.008133
thermostat-24,thermostat,0.836492,5.573383,5705.045382,0.383029,2.96,0.635925,0.334261,0.211177,0.015316
plug-11,smart_plug,0.380589,3.947107,1033.638771,0.069439,2.32,0.444252,0.535813,0.330128,0.009983
cam-002,camera,1.289466,59.852561,84841.147908,1.879129,12.17,0.646295,0.354957,0.094254,0.037463
sensor-24,sensor,0.519903,2.957847,1305.985831,0.185102,2.41,0.916676,0.137635,0.272256,0.00545
router-05,router,1.021938,27.183883,49957.385911,1.743319,5.38,0.670734,0.314952,0.131328,0.023211
nvr-05,nvr,1.008317,23.101433,34020.529948,1.555268,6.15,0.750009,0.200824,0.156073,0.012675
access-ctrl-01,access_controller,0.715028,10.19607,12526.023198,0.683886,2.45,0.839488,0.169479,0.24113,0.008528
thermostat-09,thermostat,0.756835,5.169116,3951.537853,0.311174,1.14,0.685942,0.355569,0.22168,0.014923
plug-29,smart_plug,0.478488,2.882094,874.718502,0.082318,2.29,0.521057,0.499605,0.338922,0.011601
cam-005,camera,1.297973,45.960445,77405.005542,2.059019,8.57,0.666557,0.31322,0.094318,0.032852
sensor-21,sensor,0.58757,4.861321,1403.736513,0.215227,1.6,0.794929,0.19398,0.307637,0.007184
router-02,router,1.033747,44.078135,57473.649488,2.340988,5.88,0.650374,0.329542,0.148672,0.017152
nvr-04,nvr,1.260085,26.349703,51366.358692,1.612017,6.23,0.774709,0.143355,0.200202,0.016696
access-ctrl-01,access_controller,0.662369,9.253419,10687.784587,0.756419,3.18,0.859167,0.146138,0.227141,0.010555
thermostat-13,thermostat,0.78443,6.81918,4679.53014,0.48115,2.95,0.730144,0.233248,0.21504,0.018463
plug-11,smart_plug,0.476915,2.093148,947.376871,0.07002,0.17,0.447387,0.513659,0.324673,0.009165
cam-003,camera,1.175015,52.24788,74166.671383,2.203737,9.01,0.65643,0.317823,0.106612,0.040142
sensor-24,sensor,0.47965,3.431059,2360.165363,0.140974,2.71,0.884775,0.064299,0.270417,0.005647
router-08,router,1.066466,37.161813,47521.70938,1.9311,8.54,0.639244,0.335633,0.138918,0.02561
nvr-01,nvr,0.905748,19.031795,40207.70765,1.21577,2.94,0.742693,0.22909,0.154171,0.012748
access-ctrl-05,access_controller,0.619433,8.06721,10105.375882,0.583963,3.35,0.845604,0.182125,0.255821,0.010027
thermostat-20,thermostat,0.839651,5.957728,4522.408757,0.407973,3.13,0.69228,0.272228,0.22231,0.018517
plug-25,smart_plug,0.479511,3.852423,772.021387,0.080954,0.56,0.51498,0.469812,0.311235,0.012341
cam-001,camera,1.302894,55.649117,100190.150625,2.491354,8.46,0.6405,0.303319,0.108491,0.034718
sensor-07,sensor,0.646148,5.722399,2218.094494,0.255511,1.45,0.79387,0.162842,0.301379,0.005199
router-11,router,0.850478,40.675853,68211.924604,1.638579,10.0,0.697479,0.295581,0.139866,0.029495
nvr-05,nvr,1.202118,22.968329,47884.757045,1.410365,3.54,0.721115,0.277514,0.203724,0.013956
access-ctrl-03,access_controller,0.700053,9.066551,13906.171172,0.746586,5.17,0.808892,0.161768,0.246811,0.00756
thermostat-20,thermostat,0.783282,7.37158,4641.294334,0.419365,2.65,0.757636,0.276747,0.222664,0.016455
plug-11,smart_plug,0.472522,3.818743,926.43724,0.143442,1.49,0.472534,0.492405,0.350237,0.011083
cam-006,camera,1.292868,52.926922,85807.240727,2.186586,8.07,0.648115,0.349741,0.107997,0.02829
sensor-21,sensor,0.492471,4.407615,1384.669682,0.120413,4.35,0.787103,0.159056,0.326266,0.007454
router-11,router,0.96513,43.060213,53353.398412,1.611374,6.83,0.716026,0.323648,0.124145,0.016548
nvr-06,nvr,1.240431,18.942282,38095.522388,1.665825,5.34,0.746012,0.234023,0.175126,0.010464
access-ctrl-05,access_controller,0.62697,10.609646,11784.544623,0.758933,4.01,0.796283,0.202721,0.217344,0.008704
thermostat-04,thermostat,0.799589,7.728181,5190.677479,0.340177,2.79,0.640901,0.306192,0.204925,0.015485
plug-19,smart_plug,0.432304,2.335573,1523.286233,0.092306,2.46,0.512028,0.499397,0.339396,0.012915
cam-002,camera,1.299945,52.100901,81590.63594,2.717841,11.64,0.688774,0.29669,0.109571,0.030188
sensor-18,sensor,0.550833,4.601461,2397.576207,0.100124,0.85,0.819621,0.172545,0.305836,0.008037
router-05,router,0.75524,26.671098,49038.187263,1.931867,6.39,0.622958,0.327471,0.146101,0.027609
nvr-03,nvr,0.968674,27.336455,51490.33347,1.671268,3.66,0.741018,0.208534,0.182543,0.011903
access-ctrl-05,access_controller,0.689084,9.181829,9845.953943,0.769703,3.59,0.798118,0.164814,0.23331,0.011358
thermostat-09,thermostat,0.673631,7.595685,5435.029503,0.418858,3.25,0.731503,0.30443,0.210682,0.014437
plug-11,smart_plug,0.342094,3.614345,1423.664456,0.128931,1.07,0.503045,0.487464,0.317222,0.0119
cam-002,camera,1.052284,51.329643,78127.592178,1.926502,13.2,0.649572,0.329005,0.098124,0.033345
sensor-18,sensor,0.435471,3.682147,2184.742127,0.223546,2.84,0.847587,0.107053,0.262076,0.009406
router-17,router,0.856251,31.920048,46611.049728,1.930304,5.13,0.690345,0.292962,0.141735,0.025178
nvr-01,nvr,0.888703,27.451211,40363.039929,1.57943,2.23,0.71284,0.277186,0.19467,0.011651
access-ctrl-03,access_controller,0.700513,9.299506,10259.492765,0.534712,5.06,0.80002,0.210281,0.216352,0.008841
thermostat-24,thermostat,0.729706,6.26861,4817.173366,0.40413,3.33,0.721491,0.285698,0.211586,0.011355
plug-22,smart_plug,0.408901,3.014214,1360.328534,0.078047,1.4,0.532114,0.452736,0.312673,0.012855
cam-003,camera,1.223694,58.365385,91953.509342,2.812463,9.32,0.571623,0.401479,0.084987,0.025224
sensor-12,sensor,0.585935,5.57581,1216.34063,0.226431,1.95,0.911319,0.116034,0.268615,0.004574
router-08,router,0.895812,27.395004,48275.434471,2.0697,5.56,0.677783,0.283758,0.136161,0.022264
nvr-02,nvr,1.069519,25.402576,52858.720038,1.275769,6.44,0.690095,0.231439,0.1874,0.012236
access-ctrl-06,access_controller,0.663575,11.401307,12647.653627,0.547163,2.5,0.763625,0.23825,0.230051,0.010402
thermostat-24,thermostat,0.710566,8.037553,4730.799965,0.30012,3.47,0.710368,0.26115,0.219887,0.016449
plug-19,smart_plug,0.382645,2.235018,1456.098552,0.11878,1.51,0.480348,0.52497,0.316547,0.010291
cam-004,camera,1.318534,56.024341,103935.740815,1.894192,7.51,0.717039,0.294837,0.081164,0.03367
sensor-18,sensor,0.592776,3.851292,1890.834486,0.220474,0.12,0.83113,0.187972,0.32131,0.006707
router-14,router,0.781414,28.025904,52303.148772,2.016874,8.38,0.650544,0.354259,0.156953,0.01919
nvr-06,nvr,0.919688,21.519959,49195.519245,1.1372,1.59,0.784832,0.199823,0.19882,0.017904
access-ctrl-05,access_controller,0.688119,10.714355,11277.631525,0.664179,4.85,0.836667,0.184801,0.217265,0.00705
thermostat-16,thermostat,0.679293,7.600025,3822.602469,0.307625,3.7,0.741418,0.266532,0.215291,0.013744
plug-25,smart_plug,0.366958,2.668332,1693.770691,0.097796,1.67,0.497562,0.502821,0.322432,0.009008
cam-003,camera,1.261906,64.212669,78659.493502,1.843174,9.9,0.562768,0.381235,0.088839,0.033617
sensor-07,sensor,0.612839,3.361677,2271.208932,0.207743,2.08,0.816599,0.149149,0.301929,0.008235
router-05,router,0.851695,30.578965,66622.273126,1.893868,7.04,0.652395,0.301019,0.127595,0.024283
nvr-01,nvr,1.08312,18.950324,37050.911983,1.500383,4.34,0.780324,0.176619,0.166227,0.017941
access-ctrl-01,access_controller,0.576002,11.032818,10988.717264,0.816382,2.04,0.805767,0.185565,0.246881,0.008399
thermostat-13,thermostat,0.866002,5.240356,4843.528104,0.445621,2.51,0.712009,0.308421,0.210176,0.015931
plug-19,smart_plug,0.440058,3.361945,1151.278648,0.139734,1.87,0.551069,0.462613,0.34129,0.009463
cam-003,camera,1.35713,63.649778,86388.92665,2.746388,12.68,0.681977,0.319911,0.097663,0.040918
sensor-18,sensor,0.418823,4.664716,2752.91981,0.188306,2.88,0.760248,0.206076,0.251567,0.008255
router-05,router,0.956652,33.832565,51984.414196,1.830672,9.45,0.627546,0.381965,0.121274,0.028827
nvr-01,nvr,1.259066,27.077677,42185.313895,1.479613,5.52,0.798835,0.205458,0.194258,0.013871
access-ctrl-02,access_controller,0.579827,11.330189,9349.607962,0.545269,1.73,0.785852,0.224451,0.216826,0.011184
thermostat-20,thermostat,0.70842,5.317518,5181.21059,0.3432,4.37,0.664176,0.286525,0.231278,0.017543
plug-14,smart_plug,0.456658,3.498802,1008.600276,0.097543,2.95,0.513236,0.524195,0.349834,0.012
cam-002,camera,1.076684,43.661303,86599.099564,2.553035,9.23,0.65174,0.310891,0.085054,0.029141
sensor-24,sensor,0.584132,3.854265,1654.879197,0.099608,3.45,0.810656,0.145357,0.300851,0.008973
router-17,router,1.024079,40.963675,67518.790766,2.152973,7.15,0.663188,0.302201,0.149829,0.021718
nvr-04,nvr,1.031892,23.913414,32856.629817,1.639656,2.68,0.759088,0.202967,0.196593,0.02009
access-ctrl-05,access_controller,0.727019,11.083264,10353.628882,0.814322,3.27,0.810398,0.169256,0.231716,0.01134
thermostat-13,thermostat,0.704201,7.891869,4468.277238,0.466109,3.96,0.706204,0.319413,0.199891,0.015284
plug-29,smart_plug,0.338283,2.992085,1068.202491,0.120752,1.78,0.460788,0.500565,0.319996,0.0119
cam-003,camera,1.278801,48.17434,85600.743997,2.401176,8.04,0.604205,0.360104,0.10046,0.032092
sensor-21,sensor,0.456328,3.703298,1788.282464,0.141721,0.84,0.838892,0.16143,0.277901,0.007463
router-08,router,0.915823,41.263706,53831.902481,2.295161,8.73,0.703395,0.285307,0.128787,0.028483
nvr-04,nvr,0.924862,18.519013,42135.288662,1.140032,4.44,0.773166,0.190613,0.192158,0.018938
access-ctrl-06,access_controller,0.640486,9.482462,11140.121197,0.557346,4.38,0.797893,0.187353,0.240114,0.009846
thermostat-16,thermostat,0.781523,5.777624,5002.046902,0.379737,1.92,0.680145,0.273097,0.228532,0.012618
plug-22,smart_plug,0.37276,2.862906,1355.181348,0.140047,2.05,0.516671,0.427952,0.332571,0.011716
cam-004,camera,1.281525,55.866838,77149.799913,2.111563,9.95,0.656799,0.35847,0.108424,0.035422
sensor-07,sensor,0.509539,5.496997,2630.931229,0.148586,1.75,0.868704,0.116037,0.261459,0.009992
router-05,router,0.844284,37.29535,55084.069429,2.142284,7.41,0.632651,0.354062,0.128792,0.025285
nvr-06,nvr,1.248855,18.757626,37274.470753,1.272224,4.4,0.764769,0.255146,0.19538,0.01576
access-ctrl-04,access_controller,0.718759,7.987803,10093.425812,0.817773,2.54,0.825633,0.186929,0.216292,0.012924
thermostat-16,thermostat,0.717791,5.834766,4545.128138,0.383133,3.37,0.665907,0.325083,0.221666,0.01467
plug-22,smart_plug,0.335249,3.122869,824.565908,0.069543,1.82,0.484945,0.544059,0.315672,0.00939
cam-001,camera,1.277415,57.954177,92054.476235,2.156142,10.52,0.699901,0.290718,0.075141,0.037097
sensor-21,sensor,0.538249,5.505724,2252.329028,0.107974,0.0,0.785516,0.19631,0.285659,0.006671
router-02,router,0.903786,29.240264,64056.857263,1.866449,8.07,0.647794,0.339384,0.136191,0.028132
nvr-06,nvr,1.01775,19.451442,35916.74224,1.664988,3.9,0.726171,0.278327,0.216351,0.019553
access-ctrl-04,access_controller,0.607328,7.886367,14827.269591,0.702477,1.99,0.74444,0.246626,0.247249,0.011665
thermostat-13,thermostat,0.710731,6.677686,4774.616313,0.328823,1.98,0.725715,0.286618,0.226543,0.012984
plug-11,smart_plug,0.401239,2.743531,1016.528698,0.070602,2.24,0.492924,0.466197,0.34298,0.014143
cam-001,camera,1.172193,47.146413,103454.054638,1.771866,7.42,0.595974,0.429876,0.085781,0.0254
sensor-18,sensor,0.655537,4.921944,1726.592141,0.246335,2.97,0.856163,0.140643,0.26845,0.006571
router-17,router,0.741782,26.292378,47367.493429,1.752815,7.95,0.654035,0.346103,0.144764,0.030364
nvr-05,nvr,1.103381,27.71825,56637.422359,1.160774,5.1,0.707656,0.294827,0.18555,0.012533
access-ctrl-06,access_controller,0.746562,9.805971,11228.81179,0.556108,3.07,0.851753,0.173788,0.230795,0.007719
thermostat-20,thermostat,0.760572,6.249398,4303.92295,0.283735,2.08,0.713184,0.295577,0.211863,0.016126
plug-29,smart_plug,0.431046,2.570006,1112.260407,0.071404,0.85,0.53975,0.452223,0.331917,0.011576
cam-006,camera,1.342145,59.407147,82732.872599,1.848371,11.88,0.720685,0.282455,0.102788,0.039186
sensor-12,sensor,0.533254,3.013859,2406.120258,0.100923,1.91,0.825081,0.152748,0.286418,0.009261
router-08,router,0.813678,26.465531,55251.832541,1.791014,4.87,0.590241,0.375463,0.154898,0.027213
nvr-03,nvr,1.119808,22.802091,42111.927273,1.18119,2.78,0.738691,0.288932,0.197087,0.015648
access-ctrl-03,access_controller,0.647987,11.451961,11403.34093,0.571304,3.88,0.865854,0.135585,0.238621,0.011241
thermostat-13,thermostat,0.675147,8.058765,5356.351393,0.351122,1.82,0.715541,0.252442,0.210816,0.018695
plug-11,smart_plug,0.382564,3.964973,982.589073,0.069945,0.0,0.470765,0.475348,0.31585,0.012774
cam-002,camera,1.144219,59.68086,94983.340876,2.569315,6.12,0.63839,0.341385,0.092509,0.033876
sensor-07,sensor,0.614046,4.958512,2580.484874,0.129999,3.35,0.827631,0.176955,0.243754,0.004009
router-08,router,0.806993,38.886609,59918.372207,1.736819,7.59,0.695668,0.312383,0.126827,0.027541
nvr-04,nvr,1.049942,17.067931,35138.181904,1.272246,4.56,0.728114,0.288465,0.153951,0.01234
access-ctrl-02,access_controller,0.622456,9.279963,11059.511773,0.527923,3.5,0.778309,0.235504,0.239259,0.011481
thermostat-24,thermostat,0.66657,5.196932,5391.803591,0.28974,0.85,0.763705,0.263284,0.212174,0.016652
plug-19,smart_plug,0.451686,3.6382,935.116337,0.071172,0.48,0.485884,0.494265,0.331191,0.013751
cam-005,camera,1.101229,62.091736,87955.63719,2.445996,7.93,0.715673,0.277299,0.095351,0.024273
sensor-21,sensor,0.658573,3.124556,1502.687229,0.186605,0.0,0.831533,0.143579,0.301283,0.009703
router-11,router,0.98754,28.525917,64304.75358,2.291933,6.31,0.707373,0.29828,0.14899,0.01734
nvr-03,nvr,1.069336,27.881497,32546.91485,1.286987,4.97,0.74974,0.285495,0.173437,0.016558
access-ctrl-05,access_controller,0.588005,9.127537,10181.839452,0.534404,4.24,0.813509,0.205506,0.242777,0.010147
thermostat-04,thermostat,0.737432,6.275747,4775.473691,0.389313,4.81,0.682017,0.281867,0.233709,0.015596
plug-22,smart_plug,0.377133,3.390298,1273.853312,0.110386,0.0,0.523907,0.496996,0.352067,0.011592
cam-002,camera,1.160187,61.745591,77829.476402,2.717798,8.61,0.641475,0.364837,0.091318,0.037897
sensor-27,sensor,0.619949,5.827976,2081.115156,0.254348,0.61,0.847858,0.148004,0.267665,0.006141
router-11,router,0.839357,36.233062,42727.486909,1.712353,6.31,0.636766,0.392546,0.151633,0.025575
nvr-01,nvr,1.111338,24.54842,44075.783969,1.440467,5.34,0.690479,0.333279,0.160172,0.018731
access-ctrl-06,access_controller,0.553931,9.522569,13347.76491,0.53187,2.7,0.79256,0.172283,0.257219,0.012477
thermostat-24,thermostat,0.761914,5.293161,5623.365491,0.472259,5.38,0.722588,0.254701,0.196705,0.017705
plug-22,smart_plug,0.414137,3.133522,1005.374666,0.077904,0.54,0.489174,0.481601,0.353805,0.01342
cam-001,camera,1.101661,44.888315,89974.392313,2.185748,13.9,0.686722,0.358528,0.11291,0.033114
sensor-24,sensor,0.655049,5.585846,1686.421688,0.215014,0.37,0.837398,0.156562,0.283142,0.010394
router-14,router,0.829817,43.558482,64685.191496,2.055579,5.38,0.638174,0.382486,0.134953,0.016693
nvr-06,nvr,1.066396,22.89706,54123.394648,1.577519,5.12,0.80394,0.186847,0.182571,0.012823
access-ctrl-06,access_controller,0.624058,9.785002,10911.091271,0.814537,3.59,0.820514,0.166715,0.246073,0.012264
thermostat-16,thermostat,0.803715,6.666069,5507.5353,0.469556,4.41,0.776185,0.202839,0.225,0.015912
plug-19,smart_plug,0.352793,2.35853,1435.008271,0.078969,3.42,0.50036,0.521572,0.348444,0.013307
cam-006,camera,1.102387,47.261998,90942.280737,1.955177,11.28,0.69107,0.273749,0.089431,0.024634
sensor-21,sensor,0.594378,3.771025,1844.401272,0.205749,2.4,0.855226,0.154274,0.28999,0.007291
router-17,router,1.017432,41.250185,60267.554448,2.140193,11.43,0.669877,0.322327,0.144773,0.01758
nvr-06,nvr,1.139571,28.498906,44353.339756,1.106072,3.2,0.734413,0.256526,0.175975,0.014463
access-ctrl-06,access_controller,0.624646,10.272837,11775.896217,0.662285,1.7,0.810453,0.186758,0.238034,0.00811
thermostat-04,thermostat,0.685766,7.135542,4112.280337,0.492547,1.33,0.721353,0.222305,0.226257,0.018343
plug-19,smart_plug,0.438859,3.702617,1289.910441,0.059344,1.32,0.526604,0.504507,0.327249,0.012296
cam-003,camera,1.399083,50.104979,100366.303817,2.112349,12.55,0.668651,0.352458,0.097526,0.029456
sensor-27,sensor,0.568092,4.42709,2128.082162,0.078985,3.92,0.938222,0.08543,0.279494,0.008279
router-05,router,0.934865,30.327622,58906.758031,1.847182,7.1,0.719198,0.273967,0.157224,0.016512
nvr-04,nvr,1.170368,20.388637,43438.887333,1.31323,5.17,0.762615,0.255315,0.182926,0.012372
access-ctrl-02,access_controller,0.714892,10.935229,12108.047987,0.825856,5.0,0.788235,0.193557,0.258432,0.008054
thermostat-20,thermostat,0.814923,7.393205,5358.718084,0.326417,1.92,0.709229,0.313561,0.233832,0.018984
plug-11,smart_plug,0.424734,3.052524,1116.895343,0.088797,2.48,0.474003,0.494734,0.326581,0.012131
cam-005,camera,1.400278,54.112403,81604.51995,2.25599,11.86,0.600752,0.374516,0.111258,0.030326
sensor-12,sensor,0.574371,4.352396,2431.978307,0.185845,0.0,0.89636,0.085171,0.282824,0.009712
router-17,router,0.73067,42.876044,60614.342423,1.781481,6.8,0.590995,0.355671,0.123849,0.026087
nvr-02,nvr,1.073464,24.572585,39750.307915,1.343768,4.56,0.731301,0.25575,0.195937,0.016647
access-ctrl-05,access_controller,0.660126,9.310139,9311.509532,0.619438,1.52,0.844647,0.136145,0.25559,0.011442
thermostat-13,thermostat,0.6771,7.371529,5276.668682,0.295767,2.08,0.761926,0.223067,0.208153,0.018228
plug-29,smart_plug,0.419004,3.605961,955.944582,0.143557,0.94,0.538694,0.421754,0.332201,0.012779
cam-002,camera,1.176855,50.079698,99100.80639,2.349217,5.59,0.668874,0.313341,0.087841,0.039142
sensor-24,sensor,0.639336,4.887603,1591.879719,0.155955,2.57,0.907042,0.064664,0.268351,0.009515
router-02,router,0.972551,38.082293,55559.031192,2.171755,5.68,0.617135,0.335181,0.115903,0.019335
nvr-01,nvr,1.096495,20.94901,52226.038155,1.581542,6.2,0.801087,0.161092,0.187286,0.011692
access-ctrl-04,access_controller,0.574846,9.34504,12209.502512,0.626965,2.0,0.833713,0.144509,0.254066,0.007198
thermostat-16,thermostat,0.77361,5.242531,5328.950794,0.294448,3.35,0.7541,0.272228,0.204655,0.015197
plug-14,smart_plug,0.37348,2.300579,1230.145419,0.089279,2.27,0.53638,0.487465,0.344279,0.01271
cam-003,camera,1.300538,56.514245,86133.597077,1.953541,9.45,0.627417,0.296619,0.110531,0.038598
sensor-27,sensor,0.657985,2.909941,1106.632753,0.15835,0.85,0.817017,0.156023,0.317379,0.006952
router-05,router,0.936839,37.922281,44623.191331,2.12435,7.07,0.694177,0.280463,0.139796,0.020358
nvr-03,nvr,1.186717,26.469031,33679.115016,1.122757,3.81,0.729513,0.2451,0.204528,0.015801
access-ctrl-02,access_controller,0.573097,9.956254,12613.864253,0.78179,0.69,0.838512,0.170318,0.241367,0.012981
thermostat-09,thermostat,0.820987,7.754178,3780.399872,0.414419,2.64,0.714915,0.266378,0.227891,0.014288
plug-11,smart_plug,0.357845,3.295214,1500.22918,0.069599,0.95,0.476733,0.51608,0.322239,0.009501
cam-003,camera,1.279791,50.284343,71814.289145,1.942193,11.66,0.664094,0.290686,0.102832,0.040711
sensor-18,sensor,0.656989,3.035409,2571.682869,0.243945,0.73,0.855097,0.166054,0.294076,0.009404
router-02,router,0.868364,38.177654,51714.746115,2.100108,10.08,0.712797,0.307155,0.139953,0.023861
nvr-05,nvr,1.137635,21.548486,42002.404116,1.538499,5.88,0.701972,0.2734,0.181849,0.017606
access-ctrl-05,access_controller,0.739025,8.095859,9000.193648,0.496342,3.96,0.746563,0.210501,0.25442,0.012371
thermostat-20,thermostat,0.703033,5.691762,5518.89492,0.45018,1.67,0.699681,0.318252,0.207445,0.016706
plug-19,smart_plug,0.49376,2.670918,1201.979069,0.097271,2.01,0.450933,0.544523,0.332292,0.013783
cam-004,camera,1.228189,47.913793,74186.240011,2.776038,12.55,0.679674,0.304857,0.093826,0.028185
sensor-07,sensor,0.420096,3.506148,1710.738208,0.128733,0.0,0.889567,0.077655,0.282017,0.005136
router-02,router,0.809027,37.369291,67595.519148,2.332248,11.46,0.692664,0.283418,0.15467,0.027617
nvr-02,nvr,0.936963,25.262667,52594.225022,1.570261,4.79,0.680372,0.28689,0.177532,0.010872
access-ctrl-02,access_controller,0.579894,11.127156,9948.49939,0.602049,3.11,0.827241,0.102852,0.223461,0.010804
thermostat-04,thermostat,0.777007,5.783068,4240.574443,0.449087,0.78,0.65021,0.294036,0.213795,0.018951
plug-19,smart_plug,0.35373,2.442574,919.283002,0.118573,2.91,0.455975,0.532397,0.331918,0.013805
cam-003,camera,1.380272,58.834429,90960.395988,1.765505,8.56,0.6822,0.331763,0.113521,0.036363
sensor-07,sensor,0.493309,3.652317,1331.382317,0.164197,1.1,0.876865,0.146147,0.32072,0.007132
router-02,router,0.81616,42.256387,63821.997072,2.006672,3.95,0.711118,0.278017,0.155395,0.026637
nvr-01,nvr,1.14219,16.847876,53092.567583,1.531909,6.97,0.708763,0.255387,0.201215,0.016812
access-ctrl-05,access_controller,0.605624,9.422544,10789.743549,0.815707,2.89,0.78359,0.216168,0.237072,0.008074
thermostat-16,thermostat,0.636715,6.553845,4127.28996,0.47856,4.48,0.670559,0.321151,0.211732,0.013972
plug-19,smart_plug,0.427326,2.962568,1102.765459,0.060366,3.1,0.554034,0.43442,0.355067,0.013315
cam-005,camera,1.365586,44.759312,71198.188582,2.093848,9.84,0.714069,0.325976,0.100132,0.030658
sensor-12,sensor,0.564839,3.488037,1481.603159,0.133,1.21,0.777337,0.198401,0.290989,0.007169
router-02,router,0.754982,41.20504,66576.204351,2.189819,8.93,0.680509,0.298195,0.147463,0.018509
nvr-02,nvr,1.065691,26.784497,48514.519743,1.19123,5.45,0.745427,0.230964,0.185004,0.013759
access-ctrl-03,access_controller,0.738877,10.909579,9829.572416,0.733883,1.56,0.848008,0.156349,0.235733,0.011324
thermostat-09,thermostat,0.800632,6.776654,4297.194159,0.295314,3.16,0.698556,0.317509,0.232074,0.017625
plug-19,smart_plug,0.390929,3.781464,849.853745,0.099331,2.23,0.463579,0.53868,0.335998,0.012181
cam-001,camera,1.264009,43.006377,78453.618071,2.364088,13.25,0.597881,0.412768,0.114809,0.038781
sensor-18,sensor,0.466576,5.212132,2382.318793,0.102643,2.91,0.864778,0.14047,0.295809,0.009754
router-02,router,0.968254,43.327222,65369.316959,1.940737,5.56,0.706127,0.318806,0.134898,0.016907
nvr-06,nvr,1.078522,20.922207,54908.548753,1.683042,5.87,0.718166,0.23404,0.190455,0.016627
access-ctrl-02,access_controller,0.643456,8.815224,10339.142597,0.586063,4.99,0.84579,0.160818,0.233575,0.010585
thermostat-09,thermostat,0.642957,5.992212,4495.551078,0.305549,3.56,0.679606,0.337972,0.207185,0.014829
plug-19,smart_plug,0.480648,3.06775,1724.831521,0.132998,1.17,0.546887,0.475387,0.339974,0.011253
cam-003,camera,1.126852,64.072289,98353.573843,1.943185,11.01,0.604062,0.375734,0.100532,0.025178
sensor-24,sensor,0.466275,3.593921,1522.229926,0.182361,1.81,0.855199,0.147222,0.309187,0.007237
router-05,router,0.749482,39.355449,60811.526714,2.23724,9.36,0.73965,0.227812,0.150143,0.0172
nvr-06,nvr,1.091495,24.180962,49203.5964,1.204071,5.73,0.748757,0.197412,0.173485,0.013235
access-ctrl-02,access_controller,0.604419,11.211614,9418.99793,0.50872,2.53,0.757992,0.179395,0.262,0.010374
thermostat-24,thermostat,0.779856,5.56879,4426.835665,0.335027,2.79,0.643525,0.309972,0.200754,0.018816
plug-29,smart_plug,0.442816,2.565898,1081.490285,0.060354,1.74,0.522731,0.425219,0.339419,0.008605
cam-001,camera,1.351407,49.315027,96391.049852,2.759827,11.24,0.595617,0.390225,0.104634,0.026756
sensor-18,sensor,0.537853,5.439715,1538.803857,0.215272,1.85,0.87265,0.047672,0.315891,0.00467
router-02,router,0.781449,33.228605,49044.788061,2.127042,6.34,0.725694,0.265825,0.150295,0.017785
nvr-02,nvr,1.058158,17.916326,38485.376403,1.478405,5.06,0.789445,0.217893,0.173228,0.011297
access-ctrl-01,access_controller,0.629627,10.790884,11600.670163,0.597291,3.81,0.889712,0.155632,0.251864,0.010713
thermostat-16,thermostat,0.688528,7.892985,4647.044226,0.469545,3.1,0.647419,0.275615,0.215661,0.017361
plug-25,smart_plug,0.333233,2.201153,849.262412,0.133049,1.26,0.495013,0.528298,0.336524,0.012142
cam-004,camera,1.273581,55.260394,72005.586746,1.849425,8.16,0.561558,0.410879,0.09603,0.036765
sensor-27,sensor,0.613306,5.75161,1716.00774,0.225222,1.74,0.899842,0.099572,0.305156,0.01191
router-14,router,0.905087,28.043066,46165.561764,1.968272,11.35,0.639495,0.343893,0.128786,0.019915
nvr-02,nvr,0.913776,20.832859,47309.253381,1.593617,3.47,0.683332,0.244243,0.208504,0.011763
access-ctrl-05,access_controller,0.58642,8.531922,13722.504497,0.664255,0.77,0.861141,0.119776,0.218605,0.00957
thermostat-24,thermostat,0.751214,6.257312,5075.764402,0.439758,2.8,0.728381,0.258606,0.215364,0.014263
plug-19,smart_plug,0.373675,3.773716,1185.899644,0.07995,3.16,0.478586,0.513783,0.339426,0.010513
cam-003,camera,1.130712,47.925206,92352.422022,2.668104,10.62,0.690505,0.277811,0.075726,0.032372
sensor-24,sensor,0.45048,5.198541,1745.463832,0.090133,0.37,0.846241,0.164432,0.308585,0.009297
router-02,router,0.772357,30.110722,69322.040394,2.193034,4.39,0.632864,0.294592,0.146879,0.016215
nvr-03,nvr,0.935765,18.830413,55814.534358,1.305341,5.26,0.805292,0.144906,0.175036,0.011228
access-ctrl-05,access_controller,0.575526,10.494273,8999.074646,0.70544,0.75,0.802605,0.197859,0.246282,0.01191
thermostat-04,thermostat,0.74756,5.540857,4414.880187,0.442041,3.11,0.681232,0.281105,0.218187,0.013208
plug-25,smart_plug,0.449811,2.148036,1616.32691,0.087332,0.85,0.470304,0.488627,0.318625,0.014738
cam-002,camera,1.377451,56.040508,92506.246109,2.588273,13.42,0.691644,0.280428,0.102153,0.037761
sensor-12,sensor,0.513843,2.834766,2605.714578,0.214877,0.55,0.868231,0.171541,0.252516,0.008297
router-11,router,1.019074,31.57787,65014.045567,1.973757,8.07,0.658055,0.307806,0.134789,0.020044
nvr-03,nvr,1.17596,18.701676,52132.101082,1.552026,2.91,0.801588,0.215114,0.1699,0.013139
access-ctrl-05,access_controller,0.66302,9.827859,10342.324973,0.826416,3.64,0.818769,0.220917,0.220087,0.010192
thermostat-04,thermostat,0.682216,5.332211,5231.072655,0.41965,2.27,0.69669,0.30072,0.236408,0.016976
plug-14,smart_plug,0.455786,2.604416,1047.076927,0.138453,0.0,0.523573,0.475028,0.320486,0.01099
cam-001,camera,1.180289,50.927421,92772.558539,2.088184,8.36,0.671532,0.280631,0.092489,0.033428
sensor-21,sensor,0.532763,3.367187,1171.130673,0.153082,3.47,0.76787,0.197604,0.287602,0.00592
router-17,router,0.846587,35.76768,56110.802212,1.933741,9.9,0.630672,0.387311,0.124355,0.026499
nvr-02,nvr,1.070625,26.69246,52060.071333,1.549771,4.8,0.724959,0.279626,0.201597,0.019419
access-ctrl-06,access_controller,0.739345,8.060029,13531.340413,0.604768,1.98,0.889677,0.153667,0.208962,0.010127
thermostat-09,thermostat,0.657253,7.250787,4581.30713,0.422882,2.27,0.660419,0.301314,0.214989,0.013755
plug-22,smart_plug,0.414141,2.251863,1397.766042,0.060055,2.51,0.522384,0.495598,0.324784,0.010914
cam-001,camera,1.13275,62.017647,96839.623044,2.58705,8.85,0.706843,0.319417,0.085582,0.029211
sensor-07,sensor,0.503898,3.884558,1429.399509,0.146913,0.38,0.886491,0.110354,0.303172,0.008199
router-02,router,0.827237,31.979469,47291.351788,2.17455,5.82,0.694945,0.316142,0.137861,0.023618
nvr-03,nvr,1.020194,27.208197,38465.323209,1.379361,5.76,0.791639,0.1999,0.182112,0.016507
access-ctrl-02,access_controller,0.766384,8.361373,11971.909874,0.766,3.73,0.767525,0.231143,0.22796,0.011724
thermostat-13,thermostat,0.660814,6.068157,3865.887544,0.468452,3.33,0.655087,0.298888,0.23768,0.013329
plug-14,smart_plug,0.43816,3.35132,1706.241864,0.141188,2.21,0.513469,0.437896,0.354481,0.011321
cam-002,camera,1.34159,60.943772,100050.242057,2.678758,7.16,0.588259,0.394562,0.111676,0.030016
sensor-21,sensor,0.621676,3.70617,2152.976775,0.080961,1.84,0.832308,0.132666,0.326553,0.010304
router-11,router,0.880308,32.028053,69581.974173,1.879171,5.09,0.628092,0.322218,0.14356,0.02345
nvr-02,nvr,1.227428,22.874912,48181.322506,1.273276,1.78,0.693107,0.30128,0.163483,0.01632
access-ctrl-05,access_controller,0.660738,12.009992,14262.724265,0.600533,2.82,0.823591,0.219217,0.216811,0.01012
thermostat-20,thermostat,0.664894,7.254859,5514.426113,0.301588,2.45,0.697485,0.267878,0.204871,0.012906
plug-25,smart_plug,0.44246,3.258634,1486.366967,0.080315,2.18,0.517665,0.461997,0.365081,0.013701
cam-006,camera,1.293064,55.126135,82356.163226,2.36421,9.64,0.61118,0.374858,0.079174,0.039193
sensor-07,sensor,0.540266,5.553386,1956.637936,0.162032,1.99,0.874917,0.063732,0.29676,0.009953
router-14,router,0.936964,29.268651,47484.686689,2.302124,6.06,0.633687,0.335822,0.13699,0.019847
nvr-03,nvr,0.8868,22.774139,44533.036368,1.624866,3.97,0.778661,0.147627,0.169116,0.010259
access-ctrl-06,access_controller,0.576995,9.298346,13059.69792,0.501207,3.92,0.84479,0.176644,0.239111,0.011904
thermostat-24,thermostat,0.684145,5.668748,4039.959709,0.421808,0.62,0.669198,0.272288,0.227511,0.012607
plug-14,smart_plug,0.399662,3.459406,1150.749385,0.08043,0.0,0.513655,0.503343,0.347959,0.010638
cam-005,camera,1.299126,45.153093,89897.156848,2.095562,9.75,0.654384,0.343946,0.083969,0.037625
sensor-21,sensor,0.559168,4.86337,1237.801377,0.152358,3.01,0.867656,0.126996,0.291108,0.005733
router-08,router,0.940037,30.336063,49386.689265,2.327312,9.2,0.593724,0.38246,0.153095,0.02778
nvr-04,nvr,0.912739,18.964594,50335.480638,1.306038,4.22,0.81777,0.192444,0.188689,0.011248
access-ctrl-05,access_controller,0.692457,11.091465,10678.517146,0.602767,2.66,0.854215,0.121364,0.231664,0.009794
thermostat-13,thermostat,0.81109,6.36226,5445.316122,0.301053,3.86,0.704717,0.292337,0.218978,0.017888
plug-22,smart_plug,0.397182,3.321157,1335.086872,0.126451,2.09,0.421396,0.536221,0.353188,0.012719
cam-004,camera,1.394551,51.439481,94652.705694,1.834805,11.0,0.568642,0.385333,0.104365,0.032614
sensor-12,sensor,0.527051,5.586863,1240.462024,0.207799,0.0,0.84351,0.103396,0.300718,0.003826
router-17,router,0.880613,41.090775,64967.922593,2.052242,6.11,0.755128,0.245162,0.122948,0.028505
nvr-02,nvr,1.241379,19.733479,39336.91919,1.367108,5.72,0.80905,0.15445,0.163348,0.020772
access-ctrl-05,access_controller,0.59169,12.025359,12423.158868,0.768128,3.16,0.797113,0.178277,0.249596,0.009168
thermostat-20,thermostat,0.725867,5.598582,5130.092707,0.406883,4.46,0.696921,0.302252,0.224966,0.016823
plug-11,smart_plug,0.488581,3.201198,1467.88019,0.071383,1.37,0.498325,0.490033,0.344739,0.009964
cam-005,camera,1.378045,55.09994,70107.222425,1.873151,11.4,0.67511,0.33062,0.105055,0.033478
sensor-12,sensor,0.622347,3.853349,2145.437797,0.166154,1.92,0.913389,0.066767,0.297779,0.006221
router-08,router,0.883603,26.013284,68609.529824,2.090078,5.28,0.745162,0.257163,0.128018,0.020966
nvr-02,nvr,1.218312,25.837528,37721.89381,1.097176,5.58,0.788787,0.190123,0.199718,0.014803
access-ctrl-01,access_controller,0.626425,9.351024,11384.746644,0.495977,4.79,0.852288,0.157238,0.261317,0.011155
thermostat-24,thermostat,0.651144,7.445453,5506.117477,0.454651,1.56,0.738767,0.299648,0.217134,0.014354
plug-22,smart_plug,0.426753,3.339012,1262.628153,0.109754,3.31,0.506675,0.453291,0.35157,0.011562
cam-006,camera,1.168824,42.732325,86865.043501,2.013613,7.41,0.693069,0.284055,0.091966,0.035704
sensor-18,sensor,0.414475,4.199509,1805.141437,0.088429,1.09,0.879267,0.113765,0.267815,0.011138
router-08,router,1.019633,37.415895,56696.572363,1.706702,9.55,0.603908,0.363922,0.124167,0.02013
nvr-01,nvr,0.926443,16.669624,43810.063101,1.221689,6.85,0.781511,0.200679,0.201785,0.012386
access-ctrl-03,access_controller,0.711403,11.428033,12931.475662,0.757899,3.31,0.868458,0.166584,0.216031,0.009878
thermostat-24,thermostat,0.677248,7.104974,4223.945225,0.303243,1.9,0.671688,0.315541,0.226089,0.017449
plug-19,smart_plug,0.463738,2.78657,1320.934489,0.106734,0.08,0.444909,0.524309,0.313802,0.013475
cam-005,camera,1.265283,54.84815,94863.331717,2.610247,7.99,0.618648,0.36756,0.075137,0.03296
sensor-12,sensor,0.59072,5.329425,1156.699345,0.158409,0.25,0.81647,0.114302,0.302087,0.007109
router-02,router,0.930614,34.091163,47130.769543,1.646803,8.36,0.735846,0.267521,0.145687,0.018171
nvr-02,nvr,1.187842,26.341217,42331.378352,1.306703,3.7,0.717652,0.285147,0.204286,0.017603
access-ctrl-04,access_controller,0.614618,8.668132,13119.297853,0.682418,2.38,0.822887,0.13575,0.241598,0.009466
thermostat-09,thermostat,0.714242,7.975709,4609.552229,0.456796,2.89,0.702796,0.307154,0.212931,0.014875
plug-11,smart_plug,0.457639,3.988978,887.753383,0.137417,0.81,0.485711,0.484053,0.328609,0.011387
cam-003,camera,1.40615,57.469784,80877.787042,2.667298,13.67,0.706677,0.274589,0.098729,0.036998
sensor-21,sensor,0.583333,3.486528,2601.843906,0.111679,2.43,0.883113,0.12653,0.302463,0.004617
router-17,router,0.762742,29.267829,54903.242844,2.030477,9.53,0.603439,0.360426,0.120373,0.025717
nvr-05,nvr,1.035137,26.899249,49246.455013,1.311373,3.86,0.760493,0.240072,0.208408,0.014964
access-ctrl-01,access_controller,0.754489,8.116924,14238.674228,0.678337,4.35,0.815122,0.139737,0.216405,0.011578
thermostat-04,thermostat,0.632145,7.570366,4528.025254,0.314682,1.19,0.677435,0.314341,0.202815,0.017905
plug-29,smart_plug,0.435552,2.536012,1208.252347,0.078484,3.47,0.481769,0.484424,0.320694,0.01223
cam-002,camera,1.165173,50.850206,72183.208955,2.478874,5.63,0.551781,0.371869,0.089221,0.036832
sensor-18,sensor,0.658535,4.060595,2466.038391,0.088264,0.56,0.840573,0.174639,0.298177,0.005355
router-02,router,0.734624,31.025968,41736.508979,2.329399,9.42,0.714409,0.278569,0.137313,0.022882
nvr-03,nvr,1.213779,24.098764,45877.057273,1.390876,2.7,0.778666,0.215449,0.177079,0.014383
access-ctrl-05,access_controller,0.555907,11.611727,12613.894817,0.730319,2.23,0.812772,0.146962,0.226691,0.009071
thermostat-13,thermostat,0.803726,6.927626,3682.571918,0.376563,4.12,0.68109,0.348103,0.233278,0.012418
plug-11,smart_plug,0.428949,3.294192,1448.067729,0.058434,1.03,0.555078,0.448704,0.349192,0.012997
cam-002,camera,1.38702,51.938743,79734.029854,1.912057,7.65,0.619688,0.3661,0.1004,0.033842
sensor-07,sensor,0.643225,5.541519,1092.303622,0.127683,3.09,0.863754,0.08836,0.282437,0.006143
router-17,router,0.964562,37.018252,65618.426608,2.034364,5.75,0.72667,0.231094,0.122615,0.025931
nvr-04,nvr,0.987122,24.490927,50465.554892,1.133772,6.91,0.739021,0.232942,0.162808,0.013468
access-ctrl-06,access_controller,0.635494,10.708692,11328.862186,0.826651,4.04,0.838619,0.167152,0.234862,0.007197
thermostat-13,thermostat,0.720968,7.875605,4699.940042,0.441809,2.49,0.718163,0.268934,0.217368,0.012549
plug-14,smart_plug,0.354318,2.986651,1328.576555,0.081211,1.72,0.534743,0.450512,0.351717,0.010645
cam-005,camera,1.220385,63.232943,94993.80386,2.28089,9.47,0.63832,0.340759,0.09852,0.025299
sensor-21,sensor,0.496925,4.622993,1323.492485,0.139785,2.05,0.807158,0.195457,0.254351,0.010923
router-11,router,0.885238,26.301667,51672.738695,2.001929,7.59,0.602575,0.376998,0.15454,0.021749
nvr-04,nvr,0.934325,24.638059,39968.66608,1.465577,3.93,0.710058,0.280389,0.174151,0.015372
access-ctrl-05,access_controller,0.586579,9.455483,12245.566745,0.494782,1.57,0.817121,0.195329,0.216408,0.008905
thermostat-16,thermostat,0.811648,6.349079,5295.52622,0.332135,4.1,0.68881,0.302252,0.206635,0.015069
plug-22,smart_plug,0.451398,2.929555,1033.291857,0.099709,2.18,0.485594,0.456259,0.319009,0.008064
cam-002,camera,1.122589,51.664679,73659.779782,2.036014,8.39,0.577029,0.373982,0.110044,0.02614
sensor-12,sensor,0.428317,4.905448,2556.647288,0.112374,1.73,0.879422,0.076645,0.24754,0.008957
router-11,router,0.798783,31.84648,55486.339241,1.779589,6.12,0.705932,0.27258,0.11882,0.022207
nvr-06,nvr,1.282937,26.136487,42831.359567,1.142532,4.33,0.670447,0.258562,0.165552,0.018798
access-ctrl-05,access_controller,0.67218,10.115669,14391.786568,0.54206,3.88,0.844568,0.164237,0.249781,0.012762
thermostat-16,thermostat,0.648296,7.691344,5122.230915,0.405017,2.34,0.738599,0.260508,0.210779,0.0138
plug-19,smart_plug,0.415738,2.29418,817.670689,0.06867,2.21,0.523613,0.496741,0.345518,0.011741
cam-006,camera,1.302083,50.686555,93306.188791,1.85521,8.59,0.673345,0.303035,0.089965,0.042211
sensor-07,sensor,0.59187,4.427792,1325.445145,0.078105,2.8,0.829561,0.137056,0.291609,0.007012
router-17,router,0.868025,26.893212,68772.256662,2.111167,7.64,0.654757,0.361346,0.155033,0.018021
nvr-01,nvr,1.142951,25.728208,37651.334451,1.552828,3.95,0.734094,0.232906,0.172294,0.0199
access-ctrl-04,access_controller,0.733812,10.090333,10595.786627,0.490118,0.55,0.776031,0.167649,0.216449,0.009782
thermostat-20,thermostat,0.623779,7.720197,4698.479254,0.411268,3.57,0.693,0.262067,0.20109,0.015432
plug-25,smart_plug,0.374368,2.652494,1506.643559,0.151269,2.65,0.573821,0.423437,0.353883,0.013105
cam-006,camera,1.028497,59.354524,87505.312827,2.000172,7.62,0.574312,0.365483,0.084601,0.028979
sensor-24,sensor,0.455504,5.594716,2482.916666,0.196647,3.15,0.897815,0.129827,0.26266,0.004334
router-11,router,0.994941,41.890178,60685.998139,2.087744,7.07,0.652427,0.302502,0.146766,0.025242
nvr-03,nvr,0.972999,25.181422,35796.996219,1.670136,5.45,0.693351,0.287527,0.184079,0.01963
access-ctrl-02,access_controller,0.575128,9.623746,11109.898827,0.756998,1.4,0.805932,0.228986,0.251836,0.007072
thermostat-16,thermostat,0.751485,8.168223,4188.768687,0.462394,2.3,0.708885,0.321779,0.235487,0.018945
plug-19,smart_plug,0.374301,2.078838,1129.095752,0.081843,0.45,0.541093,0.468928,0.353468,0.011217
cam-002,camera,1.407143,42.795812,85968.119413,2.430345,13.26,0.669303,0.313956,0.097677,0.030794
sensor-27,sensor,0.444839,3.448534,1617.587548,0.231653,0.0,0.882471,0.097797,0.247712,0.008409
router-11,router,1.001443,29.429111,59748.534088,1.714677,8.72,0.629721,0.326688,0.157344,0.028521
nvr-06,nvr,0.921152,20.470216,39334.322041,1.471088,3.57,0.830816,0.169876,0.156541,0.013079
access-ctrl-04,access_controller,0.676103,10.603954,10255.766647,0.707869,4.66,0.866484,0.122889,0.248314,0.009885
thermostat-20,thermostat,0.77629,6.43981,4035.132652,0.392619,2.4,0.718492,0.242253,0.197052,0.019185
plug-14,smart_plug,0.469142,3.898453,1544.176235,0.068228,2.67,0.488688,0.5033,0.329873,0.012353
cam-002,camera,1.152378,56.265907,101660.491083,2.006191,8.32,0.626877,0.354801,0.116204,0.033792
sensor-07,sensor,0.568438,3.786634,1124.35693,0.121691,2.78,0.929176,0.077614,0.263192,0.009763
router-02,router,0.990605,36.559134,57159.000917,1.770051,8.96,0.643599,0.355438,0.144684,0.020907
nvr-03,nvr,0.903183,17.812599,35250.766592,1.516209,2.91,0.699283,0.241378,0.175709,0.015001
access-ctrl-01,access_controller,0.587842,10.494616,14001.717612,0.667171,5.41,0.782389,0.189373,0.255141,0.007177
thermostat-09,thermostat,0.676279,7.292472,4711.236016,0.367443,3.2,0.741654,0.236178,0.200019,0.018826
plug-22,smart_plug,0.456001,3.101787,1670.858543,0.091018,2.59,0.469054,0.545591,0.329595,0.012485
cam-002,camera,1.234529,54.810772,91919.596821,2.021171,11.59,0.60872,0.37568,0.080784,0.041445
sensor-27,sensor,0.423661,5.433096,2206.22518,0.112254,0.0,0.806258,0.208664,0.287004,0.009795
router-05,router,0.964963,32.05307,60795.543056,2.129485,4.77,0.669785,0.305172,0.139327,0.018935
nvr-04,nvr,0.898463,24.526293,34331.843319,1.482098,4.13,0.793659,0.175332,0.174414,0.015553
access-ctrl-03,access_controller,0.653838,8.122071,9763.566998,0.584707,3.69,0.788486,0.219222,0.225195,0.006003
thermostat-20,thermostat,0.740385,6.778919,5321.95888,0.444079,2.7,0.690238,0.282479,0.228767,0.015396
plug-29,smart_plug,0.36294,4.107636,1389.873268,0.081509,1.06,0.513539,0.410964,0.352396,0.012519
cam-006,camera,1.147033,51.61598,93465.92612,2.417917,13.11,0.679968,0.287588,0.091325,0.037491
sensor-12,sensor,0.485359,3.6185,1345.213645,0.232385,1.8,0.873663,0.095108,0.250372,0.010165
router-17,router,0.843991,37.959029,66526.030407,1.902054,10.31,0.769214,0.265682,0.130293,0.029946
nvr-01,nvr,1.06944,22.404762,44670.964772,1.422539,6.5,0.739011,0.306459,0.166634,0.016757
access-ctrl-05,access_controller,0.67167,9.120528,13294.209499,0.673447,3.87,0.771898,0.233513,0.24661,0.010278
thermostat-09,thermostat,0.784769,6.950554,5337.428392,0.445261,3.95,0.732106,0.267101,0.203926,0.01795
plug-11,smart_plug,0.407863,2.943828,1150.613049,0.11302,2.94,0.440998,0.491612,0.339488,0.011615
cam-005,camera,1.365553,50.729911,96884.671723,2.137121,13.34,0.664882,0.275675,0.098485,0.031862
sensor-07,sensor,0.48373,4.800702,1349.019122,0.263655,0.38,0.811705,0.13859,0.286344,0.006144
router-02,router,0.817127,29.708262,52548.875197,2.371496,6.4,0.740384,0.242925,0.122698,0.026336
nvr-01,nvr,0.887132,16.510298,50683.819485,1.132122,4.13,0.705195,0.309585,0.173615,0.01287
access-ctrl-06,access_controller,0.759709,9.600218,12170.381863,0.624737,2.8,0.803223,0.165458,0.25264,0.010795
thermostat-16,thermostat,0.81123,7.140461,5463.299805,0.354734,2.77,0.761507,0.272316,0.233907,0.016533
plug-29,smart_plug,0.472839,3.731965,1582.237267,0.141827,2.71,0.482899,0.518526,0.320185,0.012712
cam-005,camera,1.161098,59.201466,98068.308347,2.252852,10.77,0.704435,0.326233,0.080159,0.026232
sensor-27,sensor,0.45635,5.616599,2608.172813,0.180831,1.51,0.753713,0.192136,0.27154,0.00996
router-11,router,0.870477,38.287395,53451.922201,2.208613,8.06,0.726097,0.233328,0.126202,0.020077
nvr-02,nvr,1.137305,16.246122,47770.566341,1.285494,6.0,0.767347,0.226088,0.194772,0.016331
access-ctrl-01,access_controller,0.702473,9.716909,13267.247943,0.751285,4.47,0.757408,0.229811,0.241962,0.010957
thermostat-20,thermostat,0.836171,5.898239,4025.712001,0.357337,3.44,0.689989,0.299673,0.211267,0.015465
plug-29,smart_plug,0.427823,3.845693,1372.147109,0.122631,0.04,0.51925,0.473508,0.342678,0.011319
cam-002,camera,1.429276,50.237833,72567.146059,2.406294,8.53,0.719419,0.315463,0.086431,0.038063
sensor-24,sensor,0.54284,5.665982,2072.380375,0.153206,1.68,0.807854,0.165136,0.271302,0.01161
router-08,router,1.020989,35.743906,43910.827195,1.773477,6.91,0.691757,0.297465,0.152676,0.017436
nvr-03,nvr,1.187436,16.93579,44478.271493,1.216269,6.23,0.820699,0.199309,0.174236,0.014901
access-ctrl-02,access_controller,0.607332,10.307046,13612.246202,0.74158,4.42,0.750778,0.183148,0.231484,0.0103
thermostat-13,thermostat,0.68381,7.300104,4932.291837,0.298272,1.6,0.714451,0.249318,0.216414,0.018909
plug-14,smart_plug,0.42385,3.374576,1158.176306,0.111949,1.48,0.536664,0.501894,0.356184,0.00955
cam-003,camera,1.412868,51.288436,73691.630945,2.232654,8.97,0.600128,0.400585,0.09131,0.025146
sensor-18,sensor,0.552397,3.452482,2345.02152,0.213709,0.04,0.859051,0.138676,0.306774,0.006143
router-08,router,0.946687,41.386921,67989.023224,2.31021,6.05,0.648772,0.311185,0.12542,0.018073
nvr-06,nvr,1.171542,23.8836,54995.2977,1.296557,3.64,0.707404,0.267445,0.182732,0.017931
access-ctrl-04,access_controller,0.665506,9.023727,12535.095055,0.774829,3.16,0.818031,0.177383,0.251276,0.010412
thermostat-09,thermostat,0.666177,5.420249,5660.906363,0.398561,4.44,0.710369,0.261814,0.220586,0.016846
plug-14,smart_plug,0.369617,2.037011,1458.341134,0.143748,2.06,0.476968,0.549549,0.313959,0.013154
cam-003,camera,1.396154,58.879967,90111.293838,1.87323,13.11,0.63259,0.305941,0.11211,0.024474
sensor-07,sensor,0.500455,2.766351,1776.766258,0.195215,2.31,0.782962,0.171544,0.29038,0.009245
router-17,router,0.808803,29.854531,57296.687809,2.048439,4.7,0.674995,0.265251,0.143355,0.025389
nvr-02,nvr,1.112391,24.648107,39082.093278,1.482799,3.59,0.791558,0.172329,0.207944,0.011641
access-ctrl-03,access_controller,0.64403,9.752776,10491.250418,0.700092,2.8,0.731555,0.236216,0.211499,0.008249
thermostat-09,thermostat,0.751982,6.518864,3699.090819,0.302523,3.59,0.700011,0.246395,0.241223,0.011452
plug-22,smart_plug,0.359119,3.672729,1044.576432,0.138981,0.82,0.555538,0.430544,0.353781,0.011613
cam-005,camera,1.131401,55.965118,84038.773075,2.459226,13.1,0.633093,0.376448,0.098284,0.024341
sensor-12,sensor,0.482592,5.165544,2006.188506,0.142027,2.4,0.791901,0.215677,0.266475,0.004954
router-02,router,0.752794,26.108329,48628.547809,1.743206,3.88,0.682728,0.314125,0.121646,0.030451
nvr-05,nvr,1.193025,27.538644,40241.967226,1.318544,6.62,0.690986,0.309175,0.189331,0.016004
access-ctrl-05,access_controller,0.562333,9.35926,11295.612829,0.716018,3.94,0.848311,0.131475,0.221799,0.008813
thermostat-04,thermostat,0.771236,5.657369,4677.913993,0.425795,3.33,0.729907,0.213445,0.202921,0.017108
plug-14,smart_plug,0.41982,2.965137,854.043613,0.119453,1.03,0.493848,0.508779,0.328295,0.013996
cam-005,camera,1.289339,45.331907,76496.658112,2.003885,13.23,0.634755,0.39285,0.104252,0.030499
sensor-21,sensor,0.649871,4.665959,2286.217982,0.10194,4.14,0.781687,0.226552,0.271739,0.010929
router-14,router,1.060995,41.939549,47716.232022,1.888328,5.73,0.700365,0.290821,0.134557,0.022845
nvr-06,nvr,0.873616,19.252502,43579.664781,1.270805,4.25,0.752347,0.235985,0.19346,0.019598
access-ctrl-06,access_controller,0.641948,9.139891,9978.501823,0.512107,1.15,0.808289,0.185987,0.257187,0.009651
thermostat-13,thermostat,0.641603,7.483376,3962.800466,0.43969,1.57,0.706932,0.289713,0.204194,0.01601
plug-22,smart_plug,0.460535,3.139742,1414.545058,0.068326,1.98,0.485085,0.460859,0.325102,0.010248
cam-003,camera,1.34898,60.816879,102624.485949,2.026145,12.69,0.617957,0.3657,0.082398,0.040748
sensor-21,sensor,0.419904,4.981572,2144.799763,0.166551,2.56,0.796038,0.161554,0.313825,0.006397
router-14,router,0.804727,34.812471,60109.252617,1.714734,11.2,0.669619,0.27194,0.135831,0.01733
nvr-05,nvr,0.94651,25.876909,36787.303157,1.374285,5.64,0.669493,0.315864,0.17594,0.018004
access-ctrl-01,access_controller,0.59474,8.062612,11911.030947,0.761735,2.82,0.821269,0.109333,0.255,0.012535
thermostat-04,thermostat,0.77751,6.468471,4954.623356,0.349719,2.71,0.67606,0.287368,0.232803,0.014522
plug-11,smart_plug,0.462886,3.231194,886.59751,0.147745,1.8,0.55185,0.479655,0.345679,0.013641
cam-003,camera,1.119371,62.464318,77318.653721,2.550413,8.01,0.680871,0.309553,0.092503,0.029269
sensor-18,sensor,0.452531,4.987483,1666.525604,0.102942,3.29,0.825578,0.146988,0.28971,0.006102
router-08,router,1.014327,34.494698,53754.549261,1.652928,8.51,0.678752,0.300592,0.131122,0.019609
nvr-02,nvr,1.21297,23.190584,38987.367201,1.383167,2.46,0.762853,0.162453,0.159593,0.01549
access-ctrl-05,access_controller,0.687903,8.186253,10753.245609,0.653951,3.05,0.8269,0.161815,0.235206,0.008194
thermostat-16,thermostat,0.757239,7.924538,5083.04932,0.405848,4.72,0.651683,0.346728,0.206357,0.012743
plug-14,smart_plug,0.464147,2.358245,755.705694,0.112555,0.0,0.494555,0.477221,0.354833,0.013824
cam-005,camera,1.07991,45.047454,89689.997406,2.276677,6.72,0.692795,0.290574,0.115541,0.040146
sensor-12,sensor,0.530345,4.863582,1662.222391,0.147225,3.15,0.835152,0.172625,0.315553,0.006814
router-05,router,0.987367,31.017952,65219.776228,2.167905,6.23,0.674063,0.27514,0.130287,0.018008
nvr-06,nvr,1.223854,19.917795,54361.10613,1.163506,3.64,0.81397,0.197663,0.214465,0.017481
access-ctrl-03,access_controller,0.675818,10.009708,9866.422493,0.616975,3.0,0.795044,0.193049,0.233855,0.008802
thermostat-04,thermostat,0.759443,7.063517,4986.164933,0.324413,3.59,0.742749,0.287439,0.235369,0.015416
plug-11,smart_plug,0.370557,3.952818,939.958492,0.131624,1.16,0.500267,0.432737,0.34844,0.012078
cam-005,camera,1.341077,54.833666,98796.330839,2.002039,9.87,0.698545,0.27494,0.095824,0.024069
sensor-18,sensor,0.552948,4.35973,2314.512016,0.248037,1.75,0.842328,0.152957,0.295891,0.008817
router-14,router,0.865752,28.101178,47025.710346,2.109238,8.97,0.593157,0.397914,0.152974,0.020943
nvr-03,nvr,1.012266,28.289958,42038.146066,1.301543,1.82,0.774746,0.212919,0.173587,0.01274
access-ctrl-05,access_controller,0.705641,8.826863,10327.674679,0.678434,1.31,0.7949,0.198464,0.242627,0.009311
thermostat-20,thermostat,0.757606,6.385536,3671.8302,0.450617,0.78,0.660891,0.281102,0.236022,0.013378
plug-14,smart_plug,0.339807,3.548191,1495.121415,0.077701,0.0,0.480664,0.483652,0.33918,0.009139
cam-004,camera,1.373795,48.349518,77076.735756,2.817331,8.8,0.661607,0.343606,0.104903,0.034211
sensor-12,sensor,0.63531,4.564842,2624.434274,0.243794,2.43,0.772624,0.184901,0.271054,0.005285
router-11,router,0.977414,25.435217,63560.105158,1.962443,5.82,0.714168,0.270303,0.125543,0.019405
nvr-01,nvr,1.078732,22.785603,40715.536831,1.371704,2.5,0.749271,0.183353,0.185109,0.016255
access-ctrl-01,access_controller,0.684169,11.3164,13227.088848,0.582805,2.03,0.810189,0.17851,0.263356,0.010048
thermostat-04,thermostat,0.667071,5.97094,4557.088269,0.314737,5.14,0.743085,0.253053,0.219164,0.012225
plug-11,smart_plug,0.441078,3.808772,1205.488656,0.092462,1.57,0.496942,0.467101,0.332229,0.01484
cam-002,camera,1.095397,47.89847,70104.200501,1.883438,7.3,0.620766,0.359013,0.079793,0.032603
sensor-18,sensor,0.458574,3.0718,1891.944116,0.163996,3.49,0.865973,0.158643,0.305829,0.007153
router-05,router,0.979832,29.958782,61803.045433,1.948048,9.46,0.643436,0.353281,0.122056,0.019957
nvr-06,nvr,0.896116,25.016297,36880.698591,1.203784,4.77,0.759686,0.250912,0.158896,0.014639
access-ctrl-03,access_controller,0.656984,8.800966,9582.266716,0.722503,2.5,0.868128,0.149237,0.22157,0.008837
thermostat-13,thermostat,0.739871,6.713576,3708.211272,0.356749,3.65,0.714858,0.26531,0.227056,0.013387
plug-22,smart_plug,0.426257,2.12559,931.95367,0.097017,3.48,0.441029,0.503502,0.365775,0.011842
cam-004,camera,1.392212,63.322398,77371.828867,2.279074,10.96,0.587682,0.358648,0.112332,0.028944
sensor-07,sensor,0.512389,3.938199,1077.790459,0.126536,0.91,0.837723,0.192238,0.278934,0.008053
router-14,router,1.027895,32.845165,65114.455115,2.251776,8.72,0.750246,0.272229,0.115646,0.02373
nvr-01,nvr,0.867518,18.030542,40357.83241,1.568987,4.95,0.750945,0.224613,0.193843,0.015397
access-ctrl-02,access_controller,0.543384,8.554346,13766.319531,0.518611,2.59,0.807206,0.139353,0.2281,0.012064
thermostat-13,thermostat,0.862808,6.301246,4288.340777,0.305988,3.54,0.712559,0.293249,0.22129,0.018838
plug-22,smart_plug,0.430048,2.835171,1590.681505,0.058764,3.42,0.52129,0.498676,0.344083,0.009424
cam-003,camera,1.3395,62.723974,79707.02612,2.354243,8.18,0.650503,0.358994,0.112786,0.035596
sensor-24,sensor,0.463916,5.098176,2290.001672,0.244368,3.44,0.791684,0.146504,0.313843,0.007206
router-14,router,0.775805,30.413676,46925.675578,2.235562,5.7,0.675827,0.335391,0.126534,0.017103
nvr-06,nvr,1.048635,23.326608,46392.444399,1.213748,4.19,0.733824,0.277414,0.157584,0.012629
access-ctrl-05,access_controller,0.626232,10.384443,12422.228826,0.789555,3.69,0.751693,0.225111,0.255412,0.010948
thermostat-20,thermostat,0.678147,5.855057,4193.541646,0.436229,0.8,0.70845,0.269011,0.220145,0.014764
cam-005,camera,1.346943,58.306045,105001.865105,1.674248,13.89,0.683112,0.295597,0.082062,0.031769
sensor-12,sensor,0.529593,4.844415,1051.694077,0.107763,4.39,0.900978,0.093723,0.288598,0.00986
router-02,router,1.059819,42.007102,54732.19911,2.350137,7.07,0.625854,0.383441,0.137221,0.016775
nvr-03,nvr,0.903927,17.414582,38896.188903,1.096641,4.38,0.749851,0.248284,0.195711,0.011741
access-ctrl-06,access_controller,0.752121,10.281368,14375.727717,0.555881,2.78,0.758823,0.236043,0.232186,0.01256
thermostat-28,thermostat,0.763686,6.729941,5007.7155,0.467506,1.27,0.688396,0.285362,0.20861,0.013301
plug-31,smart_plug,0.381586,2.150364,1496.14477,0.058343,3.08,0.534056,0.48142,0.34851,0.009258
cam-007,camera,1.160645,57.9752,77220.111523,2.411583,10.55,0.660357,0.31577,0.107366,0.026365
sensor-21,sensor,0.664776,2.723306,1686.036764,0.246172,2.96,0.780477,0.201184,0.28932,0.005316
router-17,router,1.073473,33.128877,47517.168709,2.23493,5.78,0.727953,0.268549,0.157697,0.01593
nvr-03,nvr,0.897137,25.449058,36312.311978,1.425236,6.8,0.651968,0.299723,0.159235,0.018993
access-ctrl-02,access_controller,0.749383,8.90681,12323.391468,0.493351,0.61,0.779344,0.168198,0.230927,0.00864
thermostat-24,thermostat,0.777504,6.84124,4909.480507,0.287333,3.58,0.715807,0.268405,0.222873,0.012736
plug-19,smart_plug,0.349234,4.044081,856.99988,0.131058,0.75,0.454156,0.484304,0.305261,0.009424
cam-002,camera,1.308515,43.464522,90892.845649,1.951422,9.99,0.665546,0.334099,0.077261,0.038577
sensor-21,sensor,0.401748,3.765635,2856.069206,0.269603,3.57,0.889641,0.081801,0.265663,0.012386
router-08,router,0.933747,33.194379,69792.584469,2.10218,5.73,0.660078,0.326991,0.13753,0.018973
nvr-06,nvr,1.159762,24.045313,38050.87405,1.305468,2.95,0.66752,0.288849,0.187,0.016227
access-ctrl-03,access_controller,0.586073,11.335968,12569.585815,0.795581,1.85,0.879951,0.097543,0.231295,0.010939
thermostat-04,thermostat,0.790436,7.668315,5525.372849,0.348324,3.14,0.649966,0.312653,0.192232,0.012905
plug-11,smart_plug,0.442171,3.114292,691.25393,0.142636,0.55,0.513799,0.510125,0.326039,0.010399
cam-001,camera,1.442777,65.32707,69726.070796,2.646324,9.13,0.59139,0.425905,0.111356,0.028352
sensor-12,sensor,0.408238,5.589498,2039.546435,0.210539,0.64,0.880705,0.151313,0.260021,0.006566
router-05,router,0.765489,33.636667,67320.759973,2.049146,9.92,0.656229,0.308977,0.151046,0.020823
nvr-02,nvr,0.889808,24.565507,40966.888259,1.434694,3.83,0.804874,0.171958,0.172794,0.010841
access-ctrl-01,access_controller,0.540855,8.576589,9461.008583,0.618492,3.91,0.747466,0.258057,0.223416,0.007826
thermostat-13,thermostat,0.672689,7.085611,4535.691719,0.320251,2.62,0.673436,0.277016,0.207624,0.013529
plug-11,smart_plug,0.346905,2.646042,1684.336905,0.088604,2.2,0.534873,0.410932,0.3437,0.012749
cam-007,camera,1.294133,51.469704,82961.533195,2.584175,14.38,0.62957,0.38451,0.089472,0.030385
sensor-21,sensor,0.54468,4.384766,2417.93976,0.231074,0.89,0.848176,0.168641,0.250988,0.011808
router-08,router,0.840871,33.573426,39747.544632,2.341562,8.01,0.747886,0.277057,0.164314,0.022255
nvr-05,nvr,1.005326,27.486977,56709.714612,1.394761,3.78,0.676245,0.317734,0.198103,0.018056
access-ctrl-03,access_controller,0.739092,11.072545,12296.172909,0.546119,4.73,0.747833,0.227222,0.259028,0.011716
thermostat-24,thermostat,0.757975,5.63131,4720.769559,0.491041,1.24,0.706802,0.327163,0.235764,0.016319
plug-19,smart_plug,0.414329,2.565246,1436.903596,0.110913,1.24,0.456205,0.487548,0.309772,0.010214
cam-004,camera,1.253424,57.121137,95189.938205,1.899344,9.58,0.650299,0.343448,0.107942,0.030044
sensor-24,sensor,0.477463,4.932255,2153.819062,0.262922,1.63,0.838815,0.164498,0.248517,0.00536
router-02,router,0.89296,42.465203,59632.807017,2.14363,3.59,0.758555,0.289624,0.13487,0.026228
nvr-04,nvr,1.173263,16.063854,59031.831305,1.723,2.08,0.801773,0.141382,0.18513,0.016305
access-ctrl-06,access_controller,0.674528,7.71741,13093.792662,0.791722,1.16,0.783665,0.246391,0.258347,0.009963
thermostat-28,thermostat,0.883387,6.440936,3960.198636,0.335804,2.74,0.659748,0.320759,0.202775,0.017386
plug-31,smart_plug,0.36274,4.247138,1639.228707,0.157898,0.68,0.535019,0.475987,0.358896,0.012588
cam-005,camera,1.212126,64.75269,97293.790688,2.787188,13.74,0.578954,0.447375,0.078502,0.025859
sensor-07,sensor,0.622498,3.076557,1936.294825,0.27268,2.0,0.852026,0.110681,0.290506,0.008587
router-02,router,1.090973,41.962165,60033.980588,1.694841,3.59,0.640794,0.309361,0.122094,0.022715
nvr-03,nvr,1.071794,26.345791,44608.656946,1.474318,3.87,0.729115,0.210654,0.189039,0.019931
access-ctrl-04,access_controller,0.610629,9.215322,13375.285345,0.576019,2.31,0.871636,0.076175,0.226937,0.008216
thermostat-16,thermostat,0.777481,6.640366,4421.258643,0.409424,2.77,0.665372,0.309067,0.218615,0.014394
plug-19,smart_plug,0.519263,2.199822,1515.299738,0.119433,0.87,0.450268,0.509612,0.359456,0.011153
cam-001,camera,1.441169,64.249094,94364.021741,2.542315,14.23,0.567062,0.420499,0.087487,0.028792
sensor-07,sensor,0.635551,4.861736,2016.364393,0.068192,1.79,0.928151,0.093395,0.277201,0.012507
router-14,router,0.95426,27.894159,40500.858047,2.305433,8.68,0.641787,0.357275,0.133741,0.016934
nvr-04,nvr,0.869783,20.444148,56260.447111,1.166109,4.64,0.760624,0.176308,0.163246,0.010375
access-ctrl-07,access_controller,0.577762,8.723882,13794.554969,0.614482,3.61,0.864173,0.169374,0.25446,0.007736
thermostat-24,thermostat,0.680051,5.797451,3959.331867,0.369658,0.73,0.71976,0.276765,0.222087,0.01454
plug-14,smart_plug,0.411693,2.152185,1399.691201,0.146637,3.09,0.485182,0.533268,0.326888,0.011827
cam-006,camera,1.066583,42.025723,103534.100462,1.939019,10.48,0.708581,0.289315,0.116593,0.022452
sensor-07,sensor,0.40419,2.765767,1165.086349,0.250878,4.12,0.869569,0.124116,0.265235,0.007156
router-17,router,0.976891,24.437762,54114.618004,1.956107,10.96,0.651275,0.286272,0.117902,0.025181
nvr-01,nvr,0.951576,24.924784,48095.124436,1.740129,5.86,0.66924,0.310271,0.177299,0.014438
access-ctrl-06,access_controller,0.614928,7.508078,11839.676571,0.760614,3.84,0.841277,0.10667,0.237124,0.010614
thermostat-20,thermostat,0.756421,7.465882,3788.100676,0.368126,3.74,0.734434,0.253646,0.212925,0.012057
plug-31,smart_plug,0.403885,3.888918,1394.111699,0.164099,0.75,0.535888,0.429037,0.331044,0.011016
cam-006,camera,1.343001,51.093206,70306.464948,2.623185,8.7,0.675355,0.27764,0.105381,0.03922
sensor-07,sensor,0.44078,3.498659,1902.386588,0.283043,2.44,0.947538,0.053175,0.315313,0.010071
router-05,router,0.916953,38.276268,62677.816158,2.370447,5.36,0.702949,0.283514,0.137627,0.026468
nvr-07,nvr,0.910267,22.877428,45056.112966,1.393487,5.54,0.67728,0.295779,0.163259,0.011188
access-ctrl-06,access_controller,0.590115,11.132311,10067.940648,0.731356,3.22,0.844317,0.108907,0.246464,0.010375
thermostat-04,thermostat,0.808954,7.143123,5411.039036,0.319512,1.5,0.640651,0.29583,0.234883,0.013358
plug-25,smart_plug,0.43911,3.519741,1322.229825,0.130649,1.96,0.464851,0.466563,0.338353,0.012135
cam-002,camera,1.513254,64.777718,102390.003703,2.734307,6.94,0.585635,0.368276,0.105474,0.030905
sensor-27,sensor,0.578031,2.779346,1657.510704,0.149878,0.59,0.780814,0.161158,0.270367,0.009783
router-14,router,0.782683,32.787498,59917.750344,2.24281,5.84,0.671147,0.343693,0.123348,0.018957
nvr-03,nvr,1.082658,29.883036,55473.986408,1.099857,2.23,0.794461,0.228397,0.202279,0.015489
access-ctrl-05,access_controller,0.579162,8.526498,13754.548027,0.750387,3.13,0.880728,0.133953,0.249239,0.013917
thermostat-20,thermostat,0.781259,5.718328,5663.19853,0.378613,1.67,0.665038,0.359637,0.208586,0.014082
plug-31,smart_plug,0.410494,4.061446,1191.982582,0.05976,1.87,0.498089,0.53754,0.361353,0.011939
cam-004,camera,1.279918,52.275504,77137.792563,1.742644,13.4,0.617428,0.389859,0.084987,0.031577
sensor-07,sensor,0.610792,5.145958,2626.606858,0.148047,3.28,0.873192,0.068349,0.287792,0.008321
router-02,router,0.99914,31.719769,63388.17054,2.171391,11.08,0.67992,0.326133,0.143957,0.020172
nvr-07,nvr,1.27225,26.876602,49334.651347,1.728795,1.74,0.783131,0.178391,0.182395,0.019623
access-ctrl-03,access_controller,0.786414,7.465153,10222.575282,0.673363,1.28,0.768121,0.178644,0.243932,0.012358
thermostat-28,thermostat,0.801373,8.338927,3622.410388,0.481165,2.91,0.753257,0.208064,0.200878,0.017133
plug-29,smart_plug,0.493773,4.111274,1673.452715,0.143158,1.81,0.488317,0.466514,0.314437,0.01187
cam-003,camera,1.184924,55.793943,71688.526479,2.567694,12.73,0.61166,0.353535,0.110965,0.033839
sensor-24,sensor,0.54829,2.617973,2095.85215,0.206757,2.04,0.847636,0.102596,0.275078,0.004587
router-02,router,1.086393,32.091974,71963.467948,1.669014,5.92,0.642495,0.357613,0.119711,0.025109
nvr-01,nvr,1.23395,20.583453,41731.849684,1.678452,2.37,0.748888,0.209878,0.178178,0.018481
access-ctrl-07,access_controller,0.626488,10.752235,10247.598204,0.717082,2.93,0.784425,0.219718,0.212417,0.013351
thermostat-28,thermostat,0.653527,7.212791,5286.329996,0.360272,0.52,0.709097,0.291266,0.230544,0.016
plug-22,smart_plug,0.462865,3.811322,1038.263775,0.157161,0.92,0.519964,0.476629,0.321202,0.010244
cam-002,camera,1.342269,49.904646,92700.776263,2.204287,7.14,0.629301,0.390879,0.083768,0.031234
sensor-27,sensor,0.617484,2.923698,2516.491929,0.112102,3.47,0.810247,0.1545,0.259725,0.004952
router-17,router,0.7603,28.988496,44979.776055,2.259046,11.5,0.693471,0.281859,0.121079,0.025834
nvr-04,nvr,1.194588,18.850558,50498.627125,1.76678,3.53,0.698166,0.288707,0.204719,0.01324
access-ctrl-03,access_controller,0.651614,10.346677,9524.324124,0.638768,4.67,0.796614,0.208905,0.255798,0.009712
thermostat-09,thermostat,0.820158,4.95465,4858.380316,0.456981,0.69,0.709355,0.271112,0.215801,0.014679
plug-29,smart_plug,0.374777,2.848165,1467.223508,0.071103,1.41,0.523636,0.48497,0.358091,0.010753
cam-005,camera,1.237898,52.092177,107654.927436,2.779497,13.83,0.611526,0.367765,0.082124,0.02591
sensor-30,sensor,0.455807,4.833833,2786.816686,0.272355,2.06,0.769551,0.175792,0.244093,0.009868
router-14,router,0.948656,36.155166,42159.374742,2.271285,9.7,0.634197,0.363988,0.146086,0.017785
nvr-06,nvr,1.177805,21.098311,48084.445836,1.359064,3.84,0.840808,0.124373,0.210271,0.020213
access-ctrl-07,access_controller,0.704104,9.946507,14271.20257,0.475604,2.63,0.859332,0.154427,0.258262,0.013505
thermostat-09,thermostat,0.717301,5.922992,5437.730253,0.440876,2.94,0.70852,0.281538,0.218069,0.018258
plug-22,smart_plug,0.50506,2.946637,1618.556243,0.122832,0.58,0.494482,0.482795,0.348806,0.014371
cam-003,camera,1.267248,58.91791,105740.74975,1.95955,10.0,0.624222,0.358424,0.081272,0.032237
sensor-21,sensor,0.592078,4.793535,2224.682877,0.238956,1.63,0.804252,0.124689,0.298981,0.005596
router-11,router,0.89891,33.253603,46978.337281,1.623363,7.17,0.616437,0.435336,0.135941,0.017407
nvr-07,nvr,0.896151,21.876972,58702.733279,1.48122,5.23,0.711192,0.305909,0.165,0.012798
access-ctrl-02,access_controller,0.700847,10.118511,13307.866532,0.818572,5.25,0.755783,0.191799,0.240639,0.011522
thermostat-24,thermostat,0.851462,8.533427,5626.532934,0.431215,4.7,0.72545,0.3098,0.244424,0.014471
plug-11,smart_plug,0.448212,4.107519,1029.380729,0.060731,2.8,0.452122,0.548863,0.339935,0.009196
cam-006,camera,1.399377,49.8141,75312.663561,2.002252,6.31,0.632504,0.282136,0.083038,0.028301
sensor-18,sensor,0.557699,5.237487,2113.449321,0.205658,0.56,0.883321,0.076417,0.288287,0.011068
router-14,router,0.786646,31.035136,47070.493423,1.986237,9.66,0.705941,0.291726,0.150363,0.019854
nvr-02,nvr,1.036962,21.918098,35258.616343,1.574297,2.6,0.771619,0.186191,0.160623,0.017464
access-ctrl-07,access_controller,0.673562,9.344462,12920.03678,0.777708,3.88,0.794083,0.239456,0.220393,0.00744
thermostat-09,thermostat,0.692755,5.165363,3932.896683,0.274634,2.63,0.69098,0.299313,0.1989,0.013585
plug-29,smart_plug,0.402547,2.197189,837.582592,0.155937,1.25,0.472619,0.509696,0.313361,0.008714
cam-004,camera,1.373374,51.422262,87844.169915,2.124825,12.84,0.707561,0.279219,0.103166,0.041414
sensor-07,sensor,0.586882,4.800992,2182.003748,0.215045,2.62,0.897312,0.076787,0.302522,0.010274
router-14,router,0.966843,32.466461,59754.9052,1.572234,10.62,0.748983,0.228518,0.142986,0.017397
nvr-06,nvr,1.140164,29.916773,36971.005377,1.669891,1.6,0.736678,0.233051,0.174357,0.013169
access-ctrl-04,access_controller,0.710457,8.555971,9424.374108,0.684583,1.65,0.732665,0.212344,0.251153,0.011862
thermostat-20,thermostat,0.729852,8.202964,3824.510604,0.326987,0.58,0.756524,0.26359,0.245061,0.016815
plug-22,smart_plug,0.376887,3.519101,754.468304,0.138664,1.99,0.446045,0.515653,0.32136,0.012471
cam-002,camera,1.245987,62.987643,75357.677044,2.411601,14.53,0.721511,0.296279,0.083816,0.035152
sensor-21,sensor,0.492008,4.505106,2527.762565,0.258148,1.74,0.91548,0.067912,0.309721,0.008599
router-11,router,0.903811,25.645977,70770.974508,1.794597,10.51,0.743676,0.226933,0.156689,0.029318
nvr-05,nvr,1.169487,26.687728,58313.435375,1.212048,5.21,0.809259,0.165871,0.200068,0.011925
access-ctrl-06,access_controller,0.577909,11.676441,12197.691835,0.819026,4.03,0.853071,0.103515,0.258635,0.010553
thermostat-28,thermostat,0.785163,7.910733,5122.412125,0.304044,3.8,0.696569,0.302143,0.20237,0.012261
plug-19,smart_plug,0.489407,3.524769,1656.003076,0.117224,0.62,0.551066,0.461634,0.358711,0.009084
cam-006,camera,1.448649,51.31129,91719.699272,1.892243,8.27,0.590703,0.431449,0.073349,0.038498
sensor-07,sensor,0.653923,5.846804,1302.130728,0.219258,3.03,0.764219,0.209547,0.280816,0.006645
router-02,router,0.975059,45.080541,59842.763193,2.348603,4.48,0.67729,0.300099,0.142212,0.028304
nvr-07,nvr,0.988259,30.235256,36806.282132,1.400855,3.63,0.805819,0.224712,0.167104,0.015218
access-ctrl-01,access_controller,0.804601,12.007773,9936.681898,0.860422,3.24,0.860643,0.102892,0.248842,0.010065
thermostat-04,thermostat,0.851403,7.942923,3933.07067,0.272918,2.73,0.776131,0.233475,0.208044,0.016149
plug-11,smart_plug,0.3811,3.28378,1373.946612,0.122503,2.08,0.423086,0.54834,0.343503,0.012882
cam-004,camera,1.084766,62.433825,90634.526539,2.215444,6.23,0.576059,0.411718,0.103724,0.032496
sensor-18,sensor,0.420078,2.953388,993.688542,0.153422,0.59,0.901119,0.090339,0.324886,0.010307
router-02,router,0.845303,32.699569,58710.739552,1.727156,10.98,0.687517,0.282257,0.118941,0.016815
nvr-07,nvr,1.266408,21.326687,57992.703201,1.470948,2.44,0.66489,0.285261,0.196538,0.011152
access-ctrl-04,access_controller,0.554377,10.061951,9337.786222,0.685132,0.55,0.737247,0.205803,0.221724,0.00986
thermostat-04,thermostat,0.7102,4.887919,4274.079843,0.448148,2.57,0.749396,0.247943,0.208491,0.016837
plug-25,smart_plug,0.44043,2.676408,1447.466457,0.100342,1.64,0.527142,0.453846,0.369628,0.013183
cam-004,camera,1.369517,57.660291,97145.946049,1.906931,9.56,0.566934,0.414532,0.108671,0.038763
sensor-18,sensor,0.434437,4.693544,1204.011965,0.088291,3.8,0.804981,0.246197,0.306159,0.007791
router-11,router,0.824603,29.468115,57577.555922,2.055018,7.82,0.74052,0.235285,0.118069,0.016194
nvr-04,nvr,1.234801,21.096948,46053.529204,1.13646,4.24,0.720644,0.285601,0.213703,0.020637
access-ctrl-01,access_controller,0.676686,9.296622,10652.982997,0.567883,3.47,0.752641,0.211148,0.23405,0.008231
thermostat-04,thermostat,0.62462,6.218651,5221.692218,0.315658,1.82,0.763121,0.217309,0.235764,0.019978
plug-25,smart_plug,0.466996,2.973866,1799.795082,0.156554,0.12,0.470327,0.565292,0.323556,0.012805
cam-002,camera,1.45918,44.004912,91254.206221,2.755936,15.0,0.551547,0.392188,0.111889,0.027142
sensor-07,sensor,0.638773,3.904889,2057.062196,0.256801,0.0,0.782379,0.230685,0.315943,0.008865
router-17,router,0.877347,35.050147,67847.568279,1.865572,4.85,0.601223,0.354744,0.121094,0.019455
nvr-04,nvr,1.157864,16.907159,51823.350722,1.209405,4.04,0.786623,0.232409,0.191844,0.020849
access-ctrl-03,access_controller,0.697202,10.362015,12188.416135,0.553869,5.02,0.789668,0.242654,0.223592,0.007269
thermostat-04,thermostat,0.611401,5.47799,5791.660791,0.297711,2.52,0.655917,0.309086,0.240444,0.016467
plug-29,smart_plug,0.375043,2.258403,1093.107914,0.092434,3.07,0.534967,0.450192,0.304873,0.012115
cam-004,camera,1.424644,46.092284,90567.081296,2.296878,13.64,0.625034,0.378263,0.081922,0.043405
sensor-21,sensor,0.50021,3.359221,1872.387581,0.138254,2.96,0.887805,0.103533,0.266694,0.007962
router-17,router,0.731844,33.20923,73887.883547,2.223502,6.36,0.748162,0.249524,0.141364,0.020232
nvr-06,nvr,1.087694,23.046831,57273.42841,1.649264,5.61,0.746421,0.249024,0.179218,0.019978
access-ctrl-03,access_controller,0.696304,8.364779,11744.799454,0.78035,5.17,0.80697,0.163648,0.263224,0.008523
thermostat-20,thermostat,0.702231,6.755682,5444.969395,0.367751,3.24,0.656099,0.333691,0.207982,0.013637
plug-22,smart_plug,0.355864,3.182684,801.471573,0.097999,0.12,0.527517,0.496873,0.327209,0.007659
cam-006,camera,1.237746,41.470035,75543.015735,2.789717,8.77,0.632284,0.384734,0.105665,0.027106
sensor-30,sensor,0.676228,3.70414,2268.077053,0.147286,0.97,0.792142,0.201583,0.252826,0.008603
router-02,router,1.024639,34.943121,60558.742771,1.6731,12.32,0.582164,0.331202,0.164227,0.023205
nvr-04,nvr,1.083325,22.279796,46880.761216,1.254872,3.19,0.816345,0.154839,0.202201,0.012247
access-ctrl-01,access_controller,0.762782,8.175464,12661.481365,0.537649,2.31,0.735095,0.194433,0.266505,0.012525
thermostat-28,thermostat,0.805887,7.767076,3784.533803,0.513209,1.96,0.704152,0.307557,0.208111,0.014211
plug-31,smart_plug,0.444929,2.671444,1073.795456,0.077712,0.32,0.44216,0.515856,0.322996,0.011943
cam-005,camera,1.254092,61.559334,77323.03933,2.689808,9.95,0.65446,0.351992,0.104376,0.035928
sensor-12,sensor,0.61989,4.173199,2833.199962,0.100279,1.82,0.813444,0.178511,0.254423,0.007464
router-11,router,1.031877,35.835274,64632.134526,1.910596,5.93,0.698549,0.275723,0.12742,0.01673
nvr-03,nvr,0.919438,17.828466,41090.282146,1.228527,3.92,0.793382,0.203998,0.173174,0.012535
access-ctrl-07,access_controller,0.620627,10.578954,8894.624082,0.52868,1.46,0.843919,0.134392,0.220266,0.010381
thermostat-24,thermostat,0.812242,8.34499,4492.254252,0.296634,3.46,0.67931,0.322532,0.22019,0.019717
plug-19,smart_plug,0.494191,2.437215,1456.643528,0.101196,0.63,0.515413,0.469726,0.371449,0.008332
cam-004,camera,1.225395,62.213056,89920.402249,2.598127,9.01,0.608189,0.379232,0.115703,0.024094
sensor-24,sensor,0.447284,3.358537,2891.761802,0.088889,2.27,0.870601,0.121349,0.257768,0.005743
router-17,router,0.827391,27.886995,68614.589105,1.895777,9.34,0.622868,0.381163,0.120179,0.023926
nvr-02,nvr,1.272453,30.666181,55461.982609,1.684887,2.91,0.731463,0.279764,0.165971,0.013833
access-ctrl-02,access_controller,0.744056,8.961011,11739.623717,0.731646,2.06,0.871643,0.142264,0.240536,0.011122
thermostat-04,thermostat,0.628817,6.268078,3484.451521,0.441562,3.18,0.757729,0.255673,0.215052,0.015642
plug-25,smart_plug,0.511043,3.316725,1236.419619,0.100747,1.71,0.465285,0.522461,0.353347,0.008155
cam-006,camera,1.380595,45.926929,76465.091141,2.148992,6.81,0.627813,0.385239,0.079245,0.039592
sensor-30,sensor,0.589465,3.016591,2274.191947,0.244425,4.11,0.79011,0.208404,0.246982,0.011567
router-02,router,0.998465,43.408873,55561.204702,1.810761,5.99,0.762477,0.2394,0.14435,0.017104
nvr-05,nvr,1.180829,20.326179,43595.964451,1.34589,6.0,0.657038,0.323609,0.169741,0.012771
access-ctrl-05,access_controller,0.688943,9.590445,11130.663586,0.561031,3.15,0.830531,0.197322,0.252575,0.010667
thermostat-04,thermostat,0.870906,5.101963,5182.740941,0.439738,4.87,0.661122,0.333474,0.227116,0.017696
plug-19,smart_plug,0.456613,1.983882,1119.716228,0.080816,1.69,0.442827,0.523588,0.354277,0.014879
cam-006,camera,1.161749,53.74457,87254.421307,1.795685,8.83,0.60156,0.360337,0.084033,0.022188
sensor-12,sensor,0.486145,3.152722,1404.652557,0.070448,1.6,0.846497,0.118724,0.315134,0.008391
router-05,router,0.965479,38.890126,69863.642732,2.344619,7.09,0.685654,0.349834,0.142119,0.022981
nvr-07,nvr,1.198088,23.517413,51751.568703,1.568407,2.61,0.80173,0.173656,0.180171,0.011472
access-ctrl-02,access_controller,0.613353,10.170148,9917.907622,0.653279,2.67,0.848249,0.12374,0.210783,0.012088
thermostat-28,thermostat,0.771753,5.39908,4154.222778,0.39811,3.01,0.770894,0.218989,0.212637,0.017811
plug-19,smart_plug,0.422189,2.155982,1566.534368,0.092379,1.71,0.560263,0.440178,0.354499,0.01065
cam-001,camera,1.380126,57.985781,101225.532713,2.401815,12.33,0.551921,0.430328,0.092156,0.038563
sensor-30,sensor,0.459122,2.522503,1851.521205,0.089194,2.52,0.82409,0.191778,0.291152,0.003926
router-20,router,0.840199,39.114891,42522.709434,1.991713,5.27,0.657946,0.356003,0.134287,0.023435
nvr-07,nvr,0.942848,27.978955,34289.290806,1.447662,7.01,0.838539,0.184089,0.186478,0.018512
access-ctrl-02,access_controller,0.567219,8.661481,11726.106086,0.588408,2.92,0.818932,0.153558,0.221773,0.008767
thermostat-28,thermostat,0.725664,7.704028,4385.373024,0.483078,3.97,0.664722,0.310932,0.238008,0.017899
plug-31,smart_plug,0.352752,3.569663,936.232323,0.102008,1.66,0.502277,0.45264,0.334003,0.007694
cam-005,camera,1.110333,65.341237,70961.151178,2.610906,12.01,0.619791,0.417658,0.076085,0.038623
sensor-27,sensor,0.433617,5.189919,908.714236,0.087923,2.47,0.791186,0.168389,0.324683,0.005745
router-14,router,0.843773,27.143193,43450.757156,2.267053,9.39,0.63216,0.340474,0.155264,0.021669
nvr-04,nvr,1.140026,15.811402,43737.991506,1.571519,5.9,0.65117,0.301305,0.16908,0.016913
access-ctrl-01,access_controller,0.77351,11.753958,9619.544965,0.775235,3.26,0.782393,0.170273,0.266828,0.0106
thermostat-20,thermostat,0.740337,5.726817,3783.819164,0.378899,2.02,0.665259,0.346444,0.222911,0.014802
plug-11,smart_plug,0.378968,4.002929,1771.789621,0.061392,3.4,0.516571,0.471908,0.323929,0.014504
cam-002,camera,1.046239,49.301444,109617.647475,2.611678,12.43,0.635949,0.378089,0.093767,0.025331
sensor-21,sensor,0.485025,4.404823,2750.785918,0.098808,0.74,0.814171,0.142199,0.252631,0.007489
router-17,router,0.758312,32.357461,52269.652166,2.316846,5.53,0.688248,0.321207,0.135598,0.031826
nvr-02,nvr,1.010106,20.499604,35582.901881,1.483044,1.79,0.68771,0.275783,0.171152,0.017547
access-ctrl-07,access_controller,0.573374,7.949662,11259.510758,0.826245,1.68,0.764299,0.179299,0.24752,0.012173
thermostat-20,thermostat,0.757142,7.045579,5463.411807,0.287723,1.52,0.769394,0.246634,0.224337,0.016829
plug-19,smart_plug,0.453931,2.739197,1276.642981,0.127748,0.81,0.500375,0.479243,0.351427,0.00957
cam-006,camera,1.201783,62.175867,66850.601767,2.024196,7.77,0.629813,0.35094,0.097925,0.03193
sensor-12,sensor,0.623973,4.651354,1790.138617,0.091957,1.91,0.850733,0.109142,0.294313,0.007768
router-20,router,0.77788,32.872639,41902.252044,1.709856,6.81,0.628177,0.335519,0.146167,0.023207
nvr-06,nvr,1.303226,29.611381,54661.697842,1.098254,4.51,0.732101,0.251892,0.180032,0.014961
access-ctrl-02,access_controller,0.591123,10.823791,14554.99907,0.518882,3.51,0.786051,0.225409,0.256265,0.012626
thermostat-24,thermostat,0.871746,7.978395,5346.154824,0.286202,1.86,0.659377,0.312026,0.208763,0.015373
plug-19,smart_plug,0.42361,2.376594,1301.879103,0.112107,2.13,0.450724,0.511413,0.34181,0.010649
cam-002,camera,1.240036,60.344804,91645.246492,2.129111,10.72,0.564918,0.395043,0.084884,0.03649
sensor-24,sensor,0.544307,4.481397,1010.157337,0.082265,2.57,0.894646,0.099534,0.272365,0.008465
router-08,router,0.821159,32.319168,48380.704435,2.113743,8.94,0.738611,0.288269,0.124797,0.023764
nvr-01,nvr,0.89507,15.985505,60077.239817,1.136751,4.77,0.701343,0.287022,0.18033,0.019306
access-ctrl-01,access_controller,0.562637,9.07988,11072.600003,0.556882,3.07,0.815659,0.138192,0.243205,0.011708
thermostat-28,thermostat,0.807393,6.718386,4313.20588,0.409334,3.78,0.716217,0.284812,0.240958,0.012554
plug-14,smart_plug,0.454629,2.817577,845.282447,0.060642,0.32,0.514431,0.431123,0.347206,0.00926
cam-007,camera,1.084626,44.060381,94488.100105,1.77047,13.16,0.631084,0.299477,0.077906,0.029576
sensor-30,sensor,0.455725,4.180436,1349.078849,0.221779,1.49,0.803342,0.185792,0.285402,0.010681
router-20,router,0.733179,29.401558,44947.144232,2.008817,6.13,0.671864,0.330379,0.117256,0.018065
nvr-01,nvr,1.255999,28.271744,32728.986081,1.656071,3.54,0.742453,0.269092,0.210336,0.013584
access-ctrl-05,access_controller,0.62302,11.620406,10610.798931,0.745544,3.0,0.761098,0.205892,0.232723,0.006047
thermostat-16,thermostat,0.812437,8.328107,5353.02963,0.344429,3.26,0.717902,0.266427,0.20828,0.017194
plug-25,smart_plug,0.481718,2.57382,1710.228726,0.117686,0.0,0.486651,0.534068,0.317107,0.013817
cam-005,camera,1.309449,59.50643,80374.791536,2.759768,11.59,0.676338,0.313085,0.109955,0.025524
sensor-12,sensor,0.633003,2.805985,998.498054,0.091939,2.98,0.847835,0.149568,0.315042,0.006848
router-05,router,0.853172,43.342666,70779.452288,1.910784,9.89,0.710336,0.274437,0.128097,0.028306
nvr-05,nvr,1.264999,26.058982,49998.919325,1.379772,1.92,0.757195,0.249935,0.166992,0.020464
access-ctrl-07,access_controller,0.749512,7.81706,10581.816811,0.481996,3.92,0.825458,0.132218,0.265819,0.009767
thermostat-16,thermostat,0.716565,6.720927,5895.82233,0.306306,1.98,0.762144,0.242479,0.203947,0.018874
plug-19,smart_plug,0.369102,3.759581,1324.343325,0.15355,0.12,0.537671,0.424703,0.355187,0.011979
cam-007,camera,1.292613,65.095714,78605.013705,2.383073,8.31,0.679876,0.315209,0.093058,0.036916
sensor-21,sensor,0.462487,4.366858,1613.419328,0.101061,2.1,0.949732,0.09173,0.311751,0.009834
router-14,router,0.995458,34.238,63673.304832,1.636719,7.44,0.65205,0.321423,0.130849,0.021452
nvr-01,nvr,0.849317,23.853691,33765.602569,1.280318,2.59,0.812997,0.190694,0.161436,0.017857
access-ctrl-03,access_controller,0.576692,11.745108,14556.569452,0.499562,4.76,0.796707,0.150137,0.238746,0.00968
thermostat-16,thermostat,0.748088,6.717039,3721.12551,0.448881,2.43,0.704444,0.293952,0.213892,0.013489
plug-31,smart_plug,0.453376,4.049642,1344.521757,0.050862,1.6,0.514094,0.485666,0.367676,0.012296
cam-001,camera,1.392101,42.083583,101694.819618,2.588503,10.37,0.626688,0.349498,0.077619,0.032951
sensor-18,sensor,0.438412,2.66677,1171.890708,0.080936,0.0,0.78754,0.193054,0.268183,0.003056
router-17,router,0.894257,26.384336,54177.44053,2.118965,10.66,0.744727,0.289767,0.120316,0.027237
nvr-07,nvr,1.078247,22.190623,48707.122776,1.398985,2.44,0.682462,0.331925,0.198824,0.018338
access-ctrl-06,access_controller,0.630954,9.609128,14385.807458,0.854351,3.34,0.800542,0.178558,0.259633,0.010557
thermostat-16,thermostat,0.864179,7.223231,4804.857046,0.366814,1.88,0.674762,0.344378,0.218365,0.014691
plug-11,smart_plug,0.335605,2.503618,821.391403,0.147323,1.49,0.533909,0.42593,0.352358,0.012134
cam-005,camera,1.454636,42.889248,77821.428029,2.46388,10.41,0.603358,0.364002,0.088639,0.023512
sensor-07,sensor,0.436177,5.158048,2248.159909,0.1674,1.57,0.837364,0.102414,0.329141,0.010104
router-14,router,0.838914,31.993668,47314.528537,2.249525,12.21,0.691353,0.273652,0.155418,0.027171
nvr-06,nvr,1.125461,28.039761,37835.659137,1.199924,5.46,0.798034,0.171786,0.159248,0.019167
access-ctrl-06,access_controller,0.746201,11.930251,10121.900458,0.549579,3.21,0.854903,0.171668,0.258823,0.009773
thermostat-20,thermostat,0.731984,7.460828,5920.663364,0.473226,1.87,0.65003,0.325274,0.233411,0.013985
plug-11,smart_plug,0.411849,3.601575,938.799189,0.143792,1.4,0.472036,0.534941,0.337389,0.010123
cam-007,camera,1.136807,48.425168,104491.701194,2.392308,10.96,0.579152,0.418461,0.081855,0.032326
sensor-27,sensor,0.448009,2.788579,2184.095394,0.153828,0.83,0.888273,0.102315,0.298212,0.012558
router-20,router,0.771986,42.948054,60271.43511,2.21581,7.09,0.696175,0.238004,0.152999,0.017142
nvr-04,nvr,0.900934,19.097974,57534.149042,1.78001,7.06,0.706607,0.259428,0.194179,0.014962
access-ctrl-01,access_controller,0.696355,10.783644,14181.104506,0.857962,5.3,0.828319,0.181374,0.219384,0.01029
thermostat-16,thermostat,0.752418,7.731641,4868.592188,0.488521,2.78,0.703613,0.265027,0.230571,0.014808
plug-14,smart_plug,0.472936,3.865745,1287.159318,0.113135,2.8,0.471169,0.50226,0.315388,0.014433
cam-002,camera,1.451901,55.574877,100505.068172,2.777653,7.48,0.643598,0.311967,0.084529,0.037007
sensor-24,sensor,0.551547,4.784409,2176.924663,0.207801,1.94,0.793276,0.198192,0.265293,0.006092
router-11,router,1.039852,40.85523,48715.531067,1.998445,9.34,0.696402,0.302501,0.138604,0.020279
nvr-01,nvr,0.878041,16.966054,41173.543326,1.132928,3.9,0.79499,0.179473,0.174841,0.013828
access-ctrl-01,access_controller,0.695166,9.398642,9090.94417,0.84452,2.76,0.804714,0.164364,0.256989,0.012521
thermostat-13,thermostat,0.631173,5.134923,4814.789165,0.477673,1.7,0.687154,0.332684,0.225455,0.012707
plug-22,smart_plug,0.50191,3.189601,1425.143633,0.049052,1.9,0.487648,0.489981,0.361816,0.008408
cam-003,camera,1.458276,63.327203,73170.794972,2.736024,13.73,0.643778,0.339181,0.109936,0.039066
sensor-18,sensor,0.522637,3.302428,2799.312496,0.119548,1.6,0.880253,0.117897,0.301153,0.004984
router-02,router,1.024579,34.374929,41107.194596,2.007837,12.42,0.636835,0.381906,0.162866,0.027693
nvr-02,nvr,0.877737,21.532346,50903.857526,1.523774,5.76,0.706027,0.285857,0.162791,0.010903
access-ctrl-05,access_controller,0.695526,7.810389,10853.090345,0.691811,2.44,0.790389,0.191663,0.265027,0.00964
thermostat-13,thermostat,0.627445,7.576054,5698.439267,0.485191,3.98,0.691132,0.253514,0.22103,0.014518
plug-25,smart_plug,0.422851,4.243984,1696.169527,0.109721,2.5,0.556196,0.444466,0.314235,0.011761
cam-002,camera,1.410408,51.209874,71180.106929,1.787911,8.04,0.591573,0.366115,0.077572,0.03457
sensor-27,sensor,0.491178,5.341854,1285.552314,0.148338,0.19,0.902528,0.068176,0.316555,0.004542
router-08,router,1.026178,38.043422,43860.983748,1.565182,8.2,0.706378,0.300049,0.140936,0.025888
nvr-04,nvr,0.943612,22.519564,54067.263518,1.445373,2.7,0.722338,0.23283,0.187472,0.012186
access-ctrl-03,access_controller,0.754989,10.452929,12297.458332,0.693885,2.77,0.797221,0.179347,0.262642,0.011499
thermostat-13,thermostat,0.79121,5.986899,3946.633499,0.325756,1.58,0.695317,0.23672,0.207463,0.012015
plug-19,smart_plug,0.427646,3.876672,1360.570846,0.079302,2.34,0.460192,0.526049,0.323615,0.010601
cam-004,camera,1.431676,58.113998,84208.250832,2.602659,7.91,0.687079,0.316483,0.093822,0.026647
sensor-30,sensor,0.52836,5.515663,973.758512,0.087991,0.97,0.861704,0.145737,0.302812,0.007605
router-14,router,1.093519,38.467937,49822.503286,2.347946,3.97,0.710345,0.276177,0.150076,0.026484
nvr-06,nvr,0.916757,17.558054,42217.876188,1.679689,4.99,0.689853,0.288364,0.160195,0.020818
access-ctrl-06,access_controller,0.66056,11.871172,15098.324604,0.494947,3.17,0.762053,0.232322,0.21931,0.010093
thermostat-13,thermostat,0.804024,7.644919,3634.48805,0.362411,0.54,0.753831,0.245527,0.239825,0.012225
plug-29,smart_plug,0.4793,2.469605,973.36411,0.140309,0.0,0.556196,0.448211,0.357904,0.012939
cam-003,camera,1.485051,49.373442,85233.263995,1.894596,9.34,0.722979,0.278667,0.095403,0.024704
sensor-12,sensor,0.412346,4.325898,2688.918256,0.195042,0.18,0.804931,0.115687,0.305229,0.010774
router-17,router,0.966551,38.261005,46760.120827,2.099889,7.49,0.648437,0.360101,0.127152,0.029154
nvr-02,nvr,1.115086,20.921229,54768.403261,1.134666,3.48,0.834762,0.186077,0.206075,0.019812
access-ctrl-07,access_controller,0.715033,8.950506,9779.462741,0.823981,2.93,0.832047,0.127686,0.245908,0.013645
thermostat-16,thermostat,0.753244,5.494669,4123.01915,0.272085,3.95,0.664632,0.317126,0.231962,0.015243
plug-25,smart_plug,0.401101,2.931207,860.453248,0.142255,2.27,0.490235,0.503552,0.348802,0.008614
cam-001,camera,1.099165,57.668708,82020.589471,2.272682,7.53,0.701144,0.263787,0.093241,0.042359
sensor-27,sensor,0.5345,3.225993,2606.612884,0.239387,0.0,0.783028,0.207743,0.323078,0.009614
router-08,router,0.806898,45.5873,39312.089334,1.68633,8.01,0.673853,0.346475,0.12153,0.02639
nvr-07,nvr,1.275501,21.927845,42677.530638,1.267506,4.56,0.756056,0.219106,0.156304,0.02005
access-ctrl-03,access_controller,0.753332,10.810177,11438.938073,0.54422,2.09,0.862468,0.096008,0.227346,0.013269
thermostat-28,thermostat,0.684822,5.919447,4036.91848,0.47977,3.33,0.68658,0.341498,0.209182,0.012918
plug-29,smart_plug,0.369696,3.160927,875.569075,0.082266,2.18,0.49808,0.478167,0.374595,0.009001
cam-006,camera,1.23135,58.29437,79569.291221,1.978989,11.34,0.707557,0.263553,0.102446,0.025288
sensor-07,sensor,0.428126,3.352389,2970.729088,0.123247,1.23,0.887179,0.128765,0.265254,0.009387
router-05,router,0.795647,27.765609,55859.980497,1.953415,8.18,0.677408,0.294379,0.123199,0.017304
nvr-02,nvr,1.185957,16.771549,56149.385161,1.485089,2.85,0.68867,0.246157,0.206581,0.009942
access-ctrl-06,access_controller,0.706738,9.286536,14210.7768,0.689911,2.86,0.844224,0.13874,0.223369,0.007683
thermostat-24,thermostat,0.749608,5.455171,4593.109615,0.327509,0.84,0.697992,0.275099,0.218831,0.014383
plug-14,smart_plug,0.42742,2.234117,1404.406591,0.058571,2.49,0.496199,0.515943,0.314386,0.009739
cam-004,camera,1.353259,62.538416,107252.428897,2.239426,11.41,0.60191,0.396812,0.096277,0.035516
sensor-07,sensor,0.650166,3.101455,2173.470328,0.244843,4.45,0.794986,0.136068,0.283104,0.005485
router-11,router,0.82975,39.514777,68588.909585,2.206298,11.84,0.612512,0.38364,0.149976,0.016752
nvr-05,nvr,1.09124,28.714408,39626.857457,1.096649,4.27,0.767616,0.247244,0.193876,0.019235
access-ctrl-05,access_controller,0.731406,7.833972,11315.993513,0.768171,1.77,0.743625,0.244659,0.216994,0.008576
thermostat-09,thermostat,0.76585,7.332125,4017.480085,0.379772,4.94,0.687687,0.336658,0.200009,0.011051
plug-14,smart_plug,0.391566,3.205781,898.412362,0.13663,2.26,0.538114,0.483743,0.371632,0.007507
cam-003,camera,1.243305,56.169457,70926.681703,2.048638,7.84,0.662868,0.307492,0.077209,0.036474
sensor-24,sensor,0.55969,3.831995,1046.73599,0.230652,0.47,0.844079,0.130912,0.258808,0.007689
router-05,router,0.909045,42.076096,50209.237382,2.079503,12.01,0.623654,0.359721,0.136651,0.020444
nvr-05,nvr,1.149538,17.006938,50257.533275,1.295146,3.65,0.775881,0.212444,0.183342,0.013612
access-ctrl-01,access_controller,0.64496,12.284964,11337.052932,0.494683,1.83,0.874911,0.14453,0.263124,0.008121
thermostat-09,thermostat,0.660014,6.114001,4370.082771,0.323756,2.1,0.645433,0.305878,0.213727,0.010809
plug-22,smart_plug,0.345031,2.127202,1574.094344,0.129195,2.26,0.486218,0.507364,0.365776,0.014775
cam-004,camera,1.283925,51.314947,100828.51436,2.533717,12.83,0.562446,0.402879,0.079794,0.036498
sensor-07,sensor,0.659782,5.507972,2871.927104,0.137861,0.18,0.808874,0.182958,0.313551,0.011487
router-11,router,0.942109,42.685489,58299.581956,1.691282,7.15,0.644085,0.334739,0.123526,0.016162
nvr-05,nvr,0.977406,26.503891,34493.915913,1.441027,5.62,0.778915,0.258206,0.185333,0.01674
access-ctrl-04,access_controller,0.696322,9.133316,13433.462068,0.495712,3.37,0.79807,0.171597,0.269644,0.013494
thermostat-24,thermostat,0.681562,5.181947,5033.186356,0.427162,4.02,0.678544,0.308809,0.218964,0.019208
plug-29,smart_plug,0.354622,2.937856,1745.047467,0.150487,2.46,0.477917,0.504456,0.343537,0.012238
cam-003,camera,1.209792,54.291322,99224.484229,1.891941,7.18,0.58354,0.383453,0.090168,0.037816
sensor-12,sensor,0.469859,4.144774,1893.309744,0.253283,1.21,0.876841,0.133666,0.267384,0.005982
router-08,router,0.779435,28.435847,46118.244221,2.113261,7.86,0.602304,0.41048,0.128678,0.01614
nvr-05,nvr,1.053235,23.821205,42129.096708,1.363232,4.54,0.728868,0.210407,0.180177,0.012424
access-ctrl-07,access_controller,0.664306,9.674092,14677.681724,0.563825,4.09,0.813823,0.183953,0.250172,0.010203
thermostat-04,thermostat,0.741336,5.001878,5599.811296,0.494393,2.98,0.68717,0.255346,0.228969,0.013148
plug-31,smart_plug,0.472393,4.072313,1593.116031,0.161886,0.0,0.520598,0.415752,0.321184,0.010415
cam-003,camera,1.350022,51.699013,90210.733795,2.047816,7.18,0.689138,0.31798,0.085173,0.042635
sensor-18,sensor,0.580831,2.913672,2001.669066,0.205784,1.68,0.902389,0.060111,0.257982,0.008058
router-17,router,0.921766,29.395322,45737.942498,2.468584,8.19,0.741562,0.297343,0.153084,0.023242
nvr-04,nvr,1.049571,19.662049,48954.194254,1.247238,6.24,0.715983,0.274439,0.164781,0.019413
access-ctrl-03,access_controller,0.60344,7.551001,13684.476243,0.764355,2.59,0.762326,0.202255,0.268173,0.013881
thermostat-28,thermostat,0.631428,6.426549,4665.870672,0.307192,1.04,0.671109,0.354014,0.202971,0.018207
plug-14,smart_plug,0.422235,4.20332,745.071364,0.164115,1.14,0.493331,0.486876,0.327289,0.013109
cam-005,camera,1.208167,51.382575,78293.60455,2.720877,8.07,0.604257,0.361499,0.093275,0.035884
sensor-30,sensor,0.488954,3.176198,1037.769702,0.183662,0.8,0.901191,0.109811,0.260168,0.007055
router-17,router,0.813649,28.053635,43668.97832,2.406679,9.1,0.669219,0.296874,0.134518,0.026888
nvr-02,nvr,0.9458,17.631117,51251.79609,1.282288,2.81,0.753675,0.23658,0.157148,0.013985
access-ctrl-03,access_controller,0.711371,10.264131,12060.230595,0.621025,1.62,0.886807,0.118427,0.257344,0.011801
thermostat-13,thermostat,0.67172,5.243971,4141.613193,0.390802,2.64,0.738177,0.221294,0.223044,0.017105
plug-29,smart_plug,0.418005,3.169509,1183.702577,0.170245,0.03,0.442249,0.541951,0.339156,0.008197
cam-004,camera,1.139968,48.925277,91753.651163,2.679539,13.11,0.542404,0.428425,0.091268,0.024844
sensor-18,sensor,0.56977,4.753408,1508.449798,0.252274,1.22,0.828818,0.199878,0.244917,0.007974
router-20,router,0.917635,32.349209,42256.408223,1.838375,8.93,0.72477,0.260112,0.134002,0.024846
nvr-05,nvr,0.984148,21.458317,51693.451943,1.159105,6.14,0.704198,0.276357,0.166884,0.011832
access-ctrl-03,access_controller,0.616787,7.696145,10288.776516,0.478932,2.96,0.826008,0.187592,0.215639,0.009392
thermostat-28,thermostat,0.657985,8.280178,4268.845962,0.43355,1.85,0.764133,0.249312,0.222687,0.013655
plug-14,smart_plug,0.513305,3.645943,1001.756647,0.051292,0.69,0.542176,0.427082,0.355489,0.013217
cam-005,camera,1.319171,52.599629,91998.038339,1.776732,13.16,0.609878,0.347627,0.079289,0.04292
sensor-27,sensor,0.537108,5.213709,1989.99207,0.206024,2.79,0.818385,0.174505,0.288986,0.007876
router-08,router,1.007922,38.925237,57957.829156,1.887871,9.8,0.591338,0.372626,0.137481,0.021138
nvr-03,nvr,1.242568,26.941079,34769.926768,1.404675,2.55,0.712039,0.258648,0.214591,0.011306
access-ctrl-07,access_controller,0.730756,9.640808,13358.791583,0.647896,2.47,0.806332,0.21228,0.232825,0.010492
thermostat-28,thermostat,0.661131,7.224561,4202.116159,0.41114,0.67,0.781086,0.204595,0.222457,0.017237
plug-22,smart_plug,0.343068,2.975307,1449.636822,0.117433,0.0,0.50402,0.442873,0.322208,0.014627
cam-005,camera,1.50386,50.911001,72882.091654,2.740936,10.19,0.584435,0.378932,0.10349,0.040023
sensor-18,sensor,0.544691,2.763455,1070.401611,0.179456,1.74,0.920973,0.066757,0.268482,0.007976
router-11,router,0.857677,38.238677,66302.796483,1.864068,6.58,0.658664,0.328226,0.144128,0.023935
nvr-01,nvr,1.102045,21.890408,58304.816981,1.078094,3.92,0.668639,0.277596,0.211642,0.013083
access-ctrl-03,access_controller,0.61968,10.140165,11763.264818,0.683912,4.33,0.795268,0.175064,0.215983,0.011888
thermostat-09,thermostat,0.645649,7.636965,5190.245657,0.308119,3.67,0.642355,0.303018,0.221809,0.017389
plug-25,smart_plug,0.49076,2.221031,1581.198143,0.112642,2.14,0.475839,0.524492,0.348989,0.009427
cam-003,camera,1.44815,53.024982,73072.419921,2.07484,8.0,0.726475,0.277416,0.07979,0.036372
sensor-12,sensor,0.521613,2.938209,983.126856,0.240252,2.04,0.826579,0.181638,0.258221,0.009334
router-11,router,0.986399,35.415065,64147.956604,2.144779,4.71,0.666912,0.321869,0.127319,0.017937
nvr-02,nvr,1.195836,22.001249,42183.98609,1.4439,4.3,0.826739,0.174119,0.18406,0.017352
access-ctrl-02,access_controller,0.783258,10.434052,10727.158897,0.561954,2.66,0.821156,0.188798,0.228376,0.011406
thermostat-16,thermostat,0.744067,6.486353,4200.133966,0.337204,5.23,0.755007,0.259695,0.224664,0.012407
plug-29,smart_plug,0.454197,2.245007,1042.85807,0.092164,0.96,0.464911,0.531938,0.369605,0.009317
cam-006,camera,1.103453,57.594643,85718.635489,2.073366,12.21,0.708567,0.309832,0.085155,0.035881
sensor-24,sensor,0.467057,5.477561,1795.085363,0.158842,1.01,0.761197,0.211287,0.271075,0.005862
router-14,router,0.824177,36.686035,71820.579345,2.015307,6.34,0.714007,0.303136,0.160566,0.020773
nvr-07,nvr,1.256632,17.996978,53202.16176,1.420872,2.95,0.789574,0.237458,0.186875,0.012923
access-ctrl-05,access_controller,0.771609,10.228113,13848.093152,0.63374,2.31,0.797959,0.180957,0.234373,0.010835
thermostat-04,thermostat,0.725306,5.718021,3508.938965,0.355253,4.06,0.714956,0.279377,0.221259,0.016104
plug-25,smart_plug,0.492164,2.075636,1214.267882,0.049799,0.0,0.485,0.535586,0.323185,0.01016
cam-005,camera,1.063261,62.679479,109471.655971,2.266763,12.7,0.601153,0.34284,0.101403,0.02576
sensor-12,sensor,0.622182,3.030943,2133.91017,0.089112,3.91,0.931218,0.107047,0.320207,0.008684
router-05,router,0.831525,43.666637,67881.68089,1.918713,5.3,0.654801,0.375127,0.145288,0.025332
nvr-01,nvr,1.028682,25.413398,34287.061033,1.527968,5.92,0.736423,0.194465,0.208405,0.014308
access-ctrl-01,access_controller,0.559948,11.082385,15400.892502,0.708522,1.54,0.828419,0.20221,0.265861,0.011312
thermostat-28,thermostat,0.795978,8.484932,5570.854035,0.511202,2.86,0.69635,0.257319,0.230793,0.010399
plug-31,smart_plug,0.507382,3.704503,1433.01278,0.143792,0.51,0.517496,0.473985,0.35028,0.012159
cam-004,camera,1.45416,59.504545,105903.560045,2.189499,12.46,0.606327,0.371164,0.084906,0.026352
sensor-24,sensor,0.562045,3.699969,2106.412405,0.116445,2.03,0.781863,0.158634,0.2386,0.005945
router-14,router,0.789358,40.385666,46548.252667,1.883948,6.46,0.689519,0.309745,0.158274,0.023185
nvr-05,nvr,1.177129,22.809103,41109.773637,1.672594,4.97,0.804127,0.201833,0.202867,0.020936
access-ctrl-02,access_controller,0.600911,8.629692,14117.352887,0.574523,2.53,0.833975,0.187191,0.230308,0.00816
thermostat-16,thermostat,0.883803,7.495953,4250.782602,0.375423,2.76,0.695288,0.32498,0.221147,0.017362
plug-29,smart_plug,0.333528,2.337487,1062.634445,0.071427,0.85,0.454532,0.538827,0.306994,0.009527
cam-003,camera,1.048137,44.390666,88142.051443,2.090886,6.63,0.651174,0.307897,0.098772,0.042042
sensor-18,sensor,0.500187,6.067186,2331.899337,0.133113,2.86,0.798525,0.175033,0.291587,0.010049
router-14,router,1.017501,25.318487,45232.238275,1.935229,9.7,0.660837,0.327483,0.154485,0.015346
nvr-03,nvr,1.106134,28.057589,35324.884409,1.221977,1.95,0.820239,0.111301,0.164927,0.015607
access-ctrl-06,access_controller,0.801303,7.923382,14445.111089,0.559548,3.67,0.865971,0.12684,0.243918,0.014938
thermostat-28,thermostat,0.623095,7.50211,4571.049414,0.395759,3.93,0.687359,0.264109,0.204293,0.019607
plug-14,smart_plug,0.417892,3.883112,1219.784888,0.107747,2.39,0.521043,0.47574,0.333263,0.013259
cam-006,camera,1.282988,58.579456,76762.95115,2.340027,7.61,0.588226,0.403787,0.076756,0.036816
sensor-27,sensor,0.619017,4.552031,2341.934996,0.112454,0.44,0.904944,0.118352,0.282784,0.00811
router-20,router,0.823799,42.762109,64411.79585,1.593534,9.47,0.627961,0.398268,0.144609,0.023186
nvr-05,nvr,1.013748,29.046613,57074.892628,1.227768,3.56,0.760658,0.205735,0.181687,0.017247
access-ctrl-03,access_controller,0.575178,9.39489,12222.782925,0.67548,4.37,0.83596,0.146969,0.250095,0.009583
thermostat-16,thermostat,0.611675,5.87151,5317.692906,0.282327,3.24,0.737984,0.229633,0.224288,0.013965
plug-14,smart_plug,0.479596,3.649552,1263.211133,0.102912,1.31,0.552179,0.459448,0.313721,0.010915
cam-006,camera,1.367963,59.415082,109330.040133,1.845716,7.08,0.697931,0.296947,0.111919,0.023846
sensor-24,sensor,0.62166,3.00903,1306.984196,0.176156,1.58,0.819098,0.185742,0.2622,0.00493
router-20,router,1.024588,40.916218,52064.31399,2.09693,11.28,0.635508,0.346465,0.127247,0.028552
nvr-06,nvr,1.103492,17.75016,53817.029874,1.515454,6.37,0.667435,0.332064,0.156492,0.010738
access-ctrl-05,access_controller,0.721909,10.638916,12973.903657,0.786032,4.44,0.753732,0.209597,0.234638,0.012069
thermostat-04,thermostat,0.868538,6.525591,5280.623839,0.398968,0.67,0.703036,0.277912,0.222034,0.018136
plug-14,smart_plug,0.352474,4.005467,1407.204501,0.09841,1.76,0.508339,0.490289,0.357118,0.012502
cam-004,camera,1.25943,60.262672,89021.624811,2.248975,9.69,0.569299,0.409371,0.084566,0.026897
sensor-24,sensor,0.625226,5.63577,1391.731137,0.078748,1.43,0.913461,0.043149,0.293925,0.010451
router-17,router,0.982269,43.356476,53178.114904,1.644985,8.11,0.610035,0.349377,0.117782,0.023341
nvr-04,nvr,0.942021,18.083593,57154.332831,1.464759,3.59,0.723002,0.252408,0.212135,0.014418
access-ctrl-03,access_controller,0.773823,10.577678,14281.876487,0.592888,3.6,0.903915,0.099851,0.251588,0.010072
thermostat-09,thermostat,0.737937,5.276207,5469.31683,0.421418,2.03,0.669592,0.282095,0.205317,0.015669
plug-19,smart_plug,0.455227,1.971241,746.542646,0.128326,0.59,0.446202,0.539085,0.348246,0.013811
cam-002,camera,1.236173,43.470732,77657.964753,2.465402,15.12,0.672009,0.294212,0.110617,0.034679
sensor-24,sensor,0.485017,3.581197,1054.739124,0.237998,0.66,0.847567,0.134011,0.328403,0.003505
router-14,router,0.800533,32.722465,38359.039783,2.285392,10.5,0.669976,0.333197,0.154006,0.014916
nvr-07,nvr,0.963642,30.152376,48235.9214,1.218549,3.29,0.8377,0.180021,0.155993,0.018155
access-ctrl-02,access_controller,0.556568,10.282172,10351.408632,0.525421,0.53,0.796454,0.140001,0.226252,0.012457
thermostat-13,thermostat,0.709094,5.952587,4471.318017,0.383324,4.41,0.744511,0.252369,0.217096,0.014307
plug-31,smart_plug,0.414896,2.430249,1255.707899,0.107636,0.87,0.525935,0.508997,0.319761,0.007241
cam-007,camera,1.189679,53.000708,88015.367245,2.35248,13.3,0.600475,0.346755,0.0902,0.02791
sensor-24,sensor,0.583216,4.552628,1624.581157,0.116562,1.19,0.793797,0.191508,0.257527,0.004795
router-02,router,1.062131,37.04195,53404.79076,1.606687,9.03,0.670796,0.293844,0.135259,0.021919
nvr-03,nvr,1.104389,20.251882,57621.896732,1.345562,2.3,0.700275,0.327791,0.171725,0.015379
access-ctrl-04,access_controller,0.723221,8.546927,12809.766077,0.642427,4.07,0.753537,0.232177,0.221819,0.010431
thermostat-09,thermostat,0.811641,7.305214,4502.983,0.367054,2.96,0.702675,0.282396,0.230425,0.017452
plug-31,smart_plug,0.370905,3.264501,1616.399238,0.139219,2.24,0.442327,0.579011,0.345453,0.013295
cam-004,camera,1.394296,49.633239,79754.046378,2.45634,9.38,0.545187,0.415192,0.076304,0.041019
sensor-24,sensor,0.534626,3.190548,1224.875009,0.212272,3.17,0.850607,0.155098,0.328239,0.00529
router-08,router,0.762684,42.939175,68893.23157,1.766444,10.22,0.648634,0.387537,0.128455,0.017793
nvr-01,nvr,1.029601,21.479711,59715.18913,1.303432,6.06,0.724528,0.245283,0.191578,0.019885
access-ctrl-02,access_controller,0.679636,10.919239,12477.753535,0.779494,2.48,0.870188,0.122399,0.264764,0.008046
thermostat-04,thermostat,0.835713,7.865154,5454.83861,0.308289,4.75,0.656386,0.308428,0.22936,0.020669
plug-19,smart_plug,0.470908,2.84577,1324.098822,0.152642,2.01,0.436468,0.498661,0.303992,0.0149
cam-005,camera,1.102651,63.440627,93915.583039,2.365943,12.79,0.61887,0.36141,0.08844,0.030242
sensor-12,sensor,0.451326,4.777851,1563.719671,0.256154,3.35,0.845315,0.121451,0.237609,0.004396
router-14,router,0.997893,36.750799,47742.958,2.200522,10.27,0.598706,0.376888,0.126427,0.028983
nvr-06,nvr,1.185707,22.85001,45314.057158,1.356131,4.08,0.773025,0.212341,0.205911,0.014377
access-ctrl-06,access_controller,0.56404,10.901696,10154.282192,0.479721,1.58,0.80232,0.149247,0.241747,0.00695
thermostat-13,thermostat,0.751968,4.874889,5894.264272,0.47608,5.27,0.757281,0.244943,0.209695,0.017968
plug-25,smart_plug,0.417986,3.361202,1811.63435,0.112341,0.15,0.474636,0.470618,0.317753,0.009725
cam-002,camera,1.454096,44.636755,96917.775559,1.790223,12.89,0.681828,0.313291,0.108703,0.029307
sensor-07,sensor,0.476732,3.618503,1552.243852,0.219883,4.21,0.767603,0.189765,0.30215,0.009663
router-20,router,0.781264,37.60465,70737.491142,1.816603,8.96,0.630342,0.346544,0.138504,0.028811
nvr-06,nvr,0.924876,16.534752,47514.791875,1.614359,5.55,0.710732,0.273724,0.168439,0.013402
access-ctrl-04,access_controller,0.71729,9.663313,9784.501537,0.598509,3.34,0.873766,0.116286,0.229152,0.012398
thermostat-20,thermostat,0.728424,5.308006,3994.921837,0.483883,0.82,0.738419,0.226734,0.208715,0.014845
plug-29,smart_plug,0.486955,2.36584,1425.364574,0.049573,1.7,0.575156,0.454397,0.357886,0.011242
cam-007,camera,1.36181,48.905769,106630.036637,2.651398,11.49,0.672399,0.27578,0.111037,0.02658
sensor-24,sensor,0.637735,5.570854,1276.553754,0.275502,0.94,0.827993,0.152088,0.308674,0.00912
router-08,router,0.834174,38.582224,71137.167244,2.040423,8.53,0.662823,0.328224,0.131231,0.023721
nvr-03,nvr,1.058796,27.771357,54681.063928,1.278367,4.8,0.803271,0.178004,0.191474,0.010608
access-ctrl-07,access_controller,0.724287,9.189603,11356.720035,0.572136,1.7,0.800803,0.199242,0.227901,0.009494
thermostat-16,thermostat,0.761404,6.530472,4572.744151,0.393408,1.29,0.69358,0.245912,0.245338,0.013561
plug-29,smart_plug,0.369231,3.839138,1694.698912,0.149017,1.32,0.542016,0.464917,0.300135,0.01023
cam-007,camera,1.343005,57.510845,80339.859649,1.858046,11.97,0.635939,0.357258,0.100622,0.026865
sensor-30,sensor,0.495646,3.993318,910.734583,0.276345,0.0,0.818484,0.172171,0.278207,0.007929
router-02,router,0.987856,42.128595,42189.64156,1.763727,7.48,0.728489,0.26691,0.13109,0.028772
nvr-04,nvr,1.247169,25.181547,37522.484945,1.753446,5.32,0.779661,0.214439,0.172682,0.020182
access-ctrl-07,access_controller,0.759529,11.0941,14476.74914,0.624887,2.25,0.846093,0.106275,0.249796,0.007027
thermostat-16,thermostat,0.662485,5.941222,4711.367633,0.50198,1.55,0.718381,0.279544,0.21723,0.012823
plug-31,smart_plug,0.473201,2.986293,1419.422615,0.121932,3.17,0.458357,0.516195,0.316064,0.013374
cam-002,camera,1.269362,51.531921,104285.722664,2.229161,8.25,0.580405,0.403476,0.095099,0.041341
sensor-21,sensor,0.510819,5.595682,1761.234936,0.137338,2.44,0.889817,0.084738,0.325694,0.007541
router-17,router,0.863519,42.595392,48335.112249,1.610174,8.26,0.637991,0.408787,0.131716,0.016007
nvr-05,nvr,0.883202,24.112112,52566.528228,1.515874,7.47,0.675015,0.306625,0.176712,0.009398
access-ctrl-07,access_controller,0.720064,9.857058,11955.838912,0.734173,1.93,0.853213,0.107167,0.232465,0.008723
thermostat-16,thermostat,0.753378,5.352986,5231.756224,0.286126,3.15,0.646105,0.327032,0.209211,0.017373
plug-19,smart_plug,0.373272,4.298611,1158.609123,0.165001,1.51,0.467462,0.49663,0.30969,0.008461
cam-006,camera,1.369654,57.844053,85568.397855,2.608208,13.02,0.579102,0.403223,0.085054,0.02744
sensor-21,sensor,0.560088,3.976078,2619.496656,0.221535,2.36,0.775471,0.204427,0.270553,0.010539
router-08,router,0.749382,43.908346,40161.364645,1.553548,6.88,0.639939,0.310413,0.139617,0.019215
nvr-01,nvr,0.96464,16.804664,40792.992345,1.478795,3.66,0.762803,0.196022,0.204733,0.018425
access-ctrl-07,access_controller,0.77731,8.621974,11213.729855,0.785384,2.64,0.882476,0.076303,0.243452,0.012983
thermostat-09,thermostat,0.783379,7.410627,4711.164702,0.469973,2.35,0.760293,0.246393,0.230232,0.014407
plug-11,smart_plug,0.412483,3.339388,1339.098146,0.111901,0.12,0.438853,0.524306,0.360483,0.012581
cam-006,camera,1.269171,49.798294,82354.072202,2.389783,10.31,0.684644,0.281855,0.089742,0.0326
sensor-21,sensor,0.506599,2.67492,2614.195788,0.269854,2.67,0.854551,0.125368,0.297559,0.004457
router-14,router,0.982076,44.179533,46040.616057,1.685793,10.06,0.698701,0.305946,0.120196,0.021692
nvr-07,nvr,0.925875,16.762676,35125.999821,1.502113,7.25,0.805543,0.151719,0.196547,0.011159
access-ctrl-02,access_controller,0.800218,7.87777,11663.428081,0.684412,3.34,0.844958,0.153745,0.225423,0.008041
thermostat-16,thermostat,0.737932,6.633647,4911.381014,0.464268,3.85,0.77723,0.276491,0.200034,0.014096
plug-11,smart_plug,0.338752,3.582934,906.424911,0.081477,1.09,0.562752,0.394043,0.348464,0.011635
cam-002,camera,1.245519,54.052887,90199.794644,2.051616,13.67,0.679163,0.305929,0.082718,0.041733
sensor-21,sensor,0.633221,4.673512,1644.305782,0.213673,2.01,0.863411,0.088097,0.256846,0.011312
router-14,router,0.78235,30.242358,51479.206283,1.948598,6.34,0.614747,0.330509,0.123051,0.026496
nvr-04,nvr,1.240342,20.609998,39154.808537,1.667644,3.5,0.777646,0.22793,0.206173,0.01879
access-ctrl-01,access_controller,0.661642,8.053295,13654.492544,0.873567,5.33,0.841236,0.136331,0.226935,0.013499
thermostat-13,thermostat,0.781625,8.411829,4113.089445,0.410078,3.0,0.73829,0.252414,0.206228,0.016735
plug-19,smart_plug,0.355646,2.314407,1396.621671,0.138958,1.62,0.458873,0.501922,0.354401,0.012871
cam-007,camera,1.290633,61.372654,98461.20489,2.319744,7.75,0.678944,0.318118,0.07582,0.037868
sensor-27,sensor,0.609847,4.483537,1785.582105,0.179637,2.9,0.832943,0.177798,0.309429,0.004103
router-02,router,1.098744,38.393337,50327.980654,1.708764,7.66,0.587905,0.403193,0.141289,0.019867
nvr-04,nvr,0.985776,22.006559,39294.593648,1.178379,5.3,0.772118,0.248768,0.189309,0.011387
access-ctrl-06,access_controller,0.676711,8.231636,11924.999353,0.528528,3.63,0.846177,0.111481,0.258561,0.012042
thermostat-20,thermostat,0.631441,6.36291,3609.511237,0.329214,3.37,0.657096,0.293055,0.20621,0.016247
plug-11,smart_plug,0.358669,2.697978,1050.356204,0.068052,1.84,0.51372,0.483981,0.330199,0.008936
cam-005,camera,1.231172,64.42464,105198.115046,2.44116,14.67,0.576026,0.378533,0.091216,0.03317
sensor-27,sensor,0.60575,4.570854,1316.783278,0.266807,4.36,0.87167,0.104158,0.242794,0.007652
router-05,router,1.037845,44.625639,69103.652492,2.470164,9.5,0.723974,0.26153,0.146904,0.023965
nvr-02,nvr,1.061622,18.86406,41090.05452,1.702312,5.98,0.694798,0.267576,0.185338,0.021234
access-ctrl-01,access_controller,0.586397,7.861974,15097.790192,0.719404,2.18,0.86335,0.158863,0.208855,0.00933
thermostat-28,thermostat,0.861378,7.070456,4555.862705,0.301616,3.55,0.748371,0.266698,0.22747,0.01763
plug-14,smart_plug,0.408373,3.15626,821.117122,0.167966,2.42,0.469479,0.533077,0.338854,0.012603
cam-005,camera,1.261387,66.161925,99697.001665,2.286299,10.16,0.597371,0.397861,0.083232,0.033181
sensor-27,sensor,0.62157,5.35561,2280.711579,0.169177,2.49,0.834868,0.119747,0.246721,0.005857
router-17,router,0.896061,40.245683,74297.865835,1.783086,8.95,0.669243,0.27839,0.137029,0.020875
nvr-07,nvr,1.211596,16.730396,53023.261801,1.69917,4.37,0.675305,0.304319,0.188879,0.018573
access-ctrl-07,access_controller,0.684511,11.562745,12704.783215,0.791703,2.63,0.834973,0.104926,0.255461,0.011017
thermostat-24,thermostat,0.791914,5.797442,5197.671274,0.493538,4.92,0.678878,0.35951,0.204696,0.018355
plug-31,smart_plug,0.361863,3.807382,1334.248096,0.14156,2.98,0.471435,0.51432,0.327707,0.013786
cam-006,camera,1.435222,45.116415,68554.152031,2.408541,12.34,0.729286,0.271535,0.086257,0.026782
sensor-27,sensor,0.483916,5.370488,2279.700209,0.120831,3.08,0.809908,0.197067,0.316516,0.009212
router-17,router,0.798335,38.52882,43293.212991,2.029596,7.32,0.631342,0.341922,0.137852,0.02933
nvr-06,nvr,1.082513,24.548652,52363.432867,1.140607,4.38,0.792339,0.194066,0.181278,0.01947
access-ctrl-01,access_controller,0.740935,7.315341,13791.017925,0.531598,2.95,0.749313,0.184767,0.244278,0.013235
thermostat-04,thermostat,0.693287,6.180998,4531.604031,0.36053,2.81,0.701264,0.284756,0.208702,0.016871
plug-14,smart_plug,0.430037,2.92511,866.412187,0.1605,1.26,0.506246,0.502586,0.358423,0.007068
cam-001,camera,1.410324,48.289274,100886.042681,2.099267,14.06,0.705131,0.261194,0.096986,0.029317
sensor-30,sensor,0.665879,4.353959,2856.440455,0.205375,2.48,0.888002,0.125341,0.267,0.012831
router-08,router,0.752996,43.616826,43800.124306,2.023815,6.36,0.594948,0.379214,0.143073,0.023296
nvr-06,nvr,0.920748,27.661679,53449.2072,1.777443,5.22,0.753247,0.245072,0.173779,0.017263
access-ctrl-01,access_controller,0.759511,9.976523,11821.247636,0.70822,2.95,0.859459,0.130065,0.221099,0.008665
thermostat-13,thermostat,0.767235,5.882318,4458.332056,0.350648,4.17,0.799618,0.206748,0.218461,0.01687
plug-22,smart_plug,0.451875,3.66486,1420.151142,0.162103,1.14,0.472328,0.535346,0.34238,0.013665
cam-001,camera,1.252995,58.542871,102744.119738,2.436269,11.13,0.735743,0.284846,0.090587,0.024462
sensor-24,sensor,0.524123,3.317997,2858.273656,0.128442,3.46,0.872323,0.073768,0.290891,0.006508
router-11,router,0.788738,43.279685,42979.578211,2.331564,5.85,0.643819,0.315801,0.143853,0.026605
nvr-07,nvr,0.89764,17.015054,37727.069058,1.114406,3.01,0.697156,0.337678,0.216806,0.015612
access-ctrl-06,access_controller,0.66397,11.190325,11688.066034,0.638823,3.48,0.797253,0.166952,0.231261,0.011979
thermostat-24,thermostat,0.702552,8.214637,5608.122327,0.373166,4.56,0.644781,0.338811,0.218707,0.015041
plug-22,smart_plug,0.479118,4.161355,720.394355,0.151417,2.52,0.524935,0.464357,0.359502,0.011328
cam-007,camera,1.034408,67.094154,78636.753062,2.80711,10.15,0.574115,0.408969,0.102239,0.03472
sensor-18,sensor,0.601524,3.543743,2094.442978,0.18318,4.33,0.927909,0.066802,0.241293,0.006243
router-14,router,0.965162,30.503168,70910.045417,2.071931,6.5,0.656698,0.274996,0.151584,0.019706
nvr-06,nvr,1.261457,19.921568,39201.323589,1.652036,6.23,0.817221,0.208165,0.204214,0.015984
access-ctrl-04,access_controller,0.578045,11.093892,9439.492684,0.879893,2.08,0.849467,0.185439,0.233896,0.01168
thermostat-13,thermostat,0.784752,5.077027,5299.866692,0.400298,4.94,0.702742,0.241409,0.225848,0.014547
plug-14,smart_plug,0.487135,2.435035,1773.96864,0.127869,1.47,0.564773,0.449663,0.369915,0.011775
cam-005,camera,1.07915,53.221516,75751.362529,2.831976,5.51,0.611325,0.40926,0.086187,0.03733
sensor-18,sensor,0.606909,5.203281,1648.164563,0.194127,0.0,0.800581,0.215679,0.297091,0.009233
router-05,router,1.046616,41.98575,66229.53797,1.915617,9.52,0.687497,0.281949,0.163218,0.015634
nvr-03,nvr,1.176581,28.439304,51703.205801,1.430127,3.66,0.668012,0.337845,0.158471,0.020517
access-ctrl-03,access_controller,0.595665,9.008476,14954.986723,0.656516,0.72,0.821858,0.144507,0.209563,0.0136
thermostat-09,thermostat,0.815946,6.173251,5096.775938,0.465846,3.11,0.745885,0.286174,0.22362,0.017725
plug-19,smart_plug,0.468341,1.971704,1046.458655,0.13303,1.05,0.452739,0.548022,0.312877,0.010553
cam-006,camera,1.438888,43.931948,78663.47599,2.206559,11.93,0.622936,0.384642,0.116314,0.039513
sensor-18,sensor,0.56176,3.259914,2545.990518,0.203028,0.0,0.94513,0.05521,0.318994,0.006538
router-05,router,0.720111,42.958906,64952.866678,2.060861,8.82,0.658619,0.308153,0.115033,0.026084
nvr-02,nvr,1.005574,22.823743,53374.242881,1.709646,2.75,0.750103,0.228909,0.189783,0.018733
access-ctrl-07,access_controller,0.735731,10.389815,13215.881494,0.668243,2.01,0.807437,0.24183,0.251146,0.011979
thermostat-13,thermostat,0.630706,7.610477,3552.022312,0.28495,4.83,0.641253,0.332854,0.224893,0.017422
plug-19,smart_plug,0.383805,2.355716,923.536853,0.059439,0.71,0.515446,0.494645,0.343566,0.009498
cam-002,camera,1.225642,52.001879,68879.718161,2.945989,13.99,0.728669,0.294333,0.105017,0.030506
sensor-18,sensor,0.53773,5.788263,2658.27218,0.156352,1.51,0.857947,0.072412,0.313086,0.01149
router-08,router,0.72999,31.039054,39744.036734,1.89736,7.38,0.704474,0.309111,0.13676,0.02666
nvr-06,nvr,1.174699,28.706666,52678.163105,1.673514,3.67,0.717136,0.322128,0.203838,0.010822
access-ctrl-06,access_controller,0.605743,10.310352,11986.164803,0.549972,4.41,0.862407,0.101191,0.215684,0.008716
thermostat-28,thermostat,0.858277,5.196853,4951.946055,0.478199,2.26,0.645998,0.309516,0.199309,0.017667
plug-29,smart_plug,0.446556,3.705391,951.781251,0.087896,1.36,0.427007,0.520624,0.317037,0.009946
cam-002,camera,1.371273,59.798547,101383.032732,2.875638,9.17,0.562055,0.431831,0.109179,0.039057
sensor-30,sensor,0.591707,2.796699,1735.533273,0.273843,1.84,0.868713,0.113075,0.30464,0.005103
router-05,router,0.877407,24.564906,64757.55434,1.82574,9.26,0.60593,0.38172,0.122121,0.02962
nvr-05,nvr,1.073761,15.96996,39079.298873,1.591576,4.2,0.715126,0.244658,0.164394,0.020863
access-ctrl-06,access_controller,0.725159,9.843755,12618.357165,0.809995,4.38,0.858647,0.140202,0.241467,0.007655
thermostat-16,thermostat,0.879899,8.025859,5478.24446,0.368633,2.08,0.646508,0.30838,0.228566,0.013502
plug-25,smart_plug,0.376762,4.121203,1153.851792,0.090917,3.38,0.503913,0.491413,0.35145,0.015249
cam-003,camera,1.08482,52.145749,74818.429485,2.319906,9.78,0.661949,0.329589,0.080664,0.023125
sensor-24,sensor,0.576489,3.611909,1360.571084,0.098388,4.1,0.832298,0.134742,0.317165,0.004145
router-14,router,0.889555,41.450792,71143.466169,1.565029,8.71,0.693108,0.255811,0.158647,0.016836
nvr-05,nvr,1.173567,26.560557,38840.460224,1.197364,5.18,0.785609,0.185414,0.217449,0.014187
access-ctrl-04,access_controller,0.728914,9.455454,10327.467598,0.790248,3.22,0.858561,0.116625,0.248926,0.012515
thermostat-24,thermostat,0.729878,6.358557,4011.483089,0.411814,2.89,0.773248,0.226006,0.239053,0.011459
plug-22,smart_plug,0.50227,3.49202,1307.223307,0.071826,2.76,0.483377,0.499858,0.311401,0.009961
cam-005,camera,1.124819,57.774169,71706.349304,1.92655,6.2,0.602712,0.330763,0.095846,0.023395
sensor-07,sensor,0.622251,3.407868,1563.245857,0.120854,0.59,0.833545,0.183444,0.289664,0.009513
router-08,router,0.995352,27.440281,49187.962869,1.61804,8.0,0.579544,0.372685,0.156845,0.02607
nvr-01,nvr,0.87265,26.636993,55395.018305,1.345624,3.97,0.704393,0.254903,0.178298,0.019399
access-ctrl-06,access_controller,0.67618,8.305139,11743.686609,0.869575,4.09,0.894055,0.125501,0.25179,0.014171
thermostat-04,thermostat,0.75225,5.683945,5154.717621,0.442489,2.48,0.662935,0.296944,0.213712,0.013673
plug-19,smart_plug,0.488385,2.274571,1049.651084,0.174347,2.89,0.470137,0.501776,0.35262,0.013545
cam-003,camera,1.177513,50.431359,77305.737746,1.943991,10.88,0.573228,0.38422,0.113227,0.029714
sensor-30,sensor,0.551982,3.974706,2259.10469,0.12153,2.95,0.85317,0.090788,0.285291,0.009598
router-17,router,1.013962,43.105915,54194.56494,2.155633,8.72,0.66234,0.295014,0.15323,0.024187
nvr-01,nvr,1.123662,24.872774,50363.34118,1.400603,3.97,0.710274,0.268383,0.209585,0.018398
access-ctrl-03,access_controller,0.565711,11.061223,9978.363619,0.54743,2.4,0.744809,0.215608,0.224472,0.009363
thermostat-16,thermostat,0.648626,8.318191,3930.71287,0.291208,2.58,0.669893,0.291452,0.225105,0.011061
plug-14,smart_plug,0.366059,3.046361,722.101135,0.100515,0.0,0.461425,0.517185,0.300576,0.008567
cam-004,camera,1.383232,42.569343,95912.239944,1.76594,13.31,0.583154,0.459304,0.086023,0.038393
sensor-07,sensor,0.67167,5.501327,2518.836247,0.18763,0.98,0.872747,0.088877,0.312117,0.01008
router-02,router,0.987231,28.538,45664.632583,1.576246,8.97,0.707339,0.287299,0.124486,0.017759
nvr-02,nvr,1.128011,25.300467,46884.327119,1.468691,1.51,0.795677,0.174737,0.20607,0.016683
access-ctrl-07,access_controller,0.545428,11.811251,10397.704134,0.626416,2.19,0.764148,0.168956,0.225832,0.008456
thermostat-16,thermostat,0.643044,8.279371,4203.980042,0.489261,3.86,0.75252,0.192512,0.218777,0.01425
plug-25,smart_plug,0.389273,2.35794,704.184594,0.11235,1.17,0.487085,0.517191,0.302958,0.009249
cam-005,camera,1.482017,45.978949,101301.897721,1.687468,5.69,0.576069,0.352819,0.075256,0.022783
sensor-27,sensor,0.591654,4.496297,1559.20218,0.270474,0.51,0.897535,0.07552,0.317661,0.010355
router-11,router,0.934485,26.597522,73950.736372,2.101974,7.63,0.715831,0.291699,0.117836,0.016536
nvr-02,nvr,1.126185,18.407312,43816.953307,1.540931,2.39,0.790252,0.184285,0.168698,0.012461
access-ctrl-01,access_controller,0.556897,9.697204,13477.682542,0.676728,2.65,0.842095,0.153514,0.250425,0.011428
thermostat-04,thermostat,0.850175,7.523563,5221.725598,0.439635,4.97,0.697498,0.308933,0.212586,0.013709
plug-22,smart_plug,0.456758,3.858746,1344.920952,0.155606,0.71,0.513745,0.470545,0.315936,0.014366
cam-006,camera,1.234537,45.006826,89134.35908,2.74905,5.75,0.622636,0.344671,0.078943,0.026581
sensor-07,sensor,0.572589,3.05665,1878.587777,0.205017,1.82,0.893847,0.102102,0.277932,0.011002
router-02,router,1.000321,44.96459,65517.06298,2.118398,6.9,0.619905,0.363692,0.123378,0.017075
nvr-01,nvr,1.223564,17.0354,41461.866038,1.752106,7.25,0.802536,0.175903,0.192313,0.011657
access-ctrl-05,access_controller,0.758807,8.801249,10035.211425,0.864504,1.17,0.738485,0.206131,0.240016,0.0112
thermostat-04,thermostat,0.791242,8.004873,4886.832417,0.481278,2.32,0.661917,0.325599,0.214673,0.010396
plug-22,smart_plug,0.452183,2.187459,1275.31238,0.068848,3.15,0.511289,0.523402,0.322595,0.011836
cam-003,camera,1.39933,57.3168,99535.630383,1.781364,12.67,0.587703,0.400041,0.079555,0.041129
sensor-27,sensor,0.602886,4.503442,2223.736965,0.147163,1.96,0.819836,0.161764,0.267535,0.007557
router-20,router,0.986488,33.24093,73151.129311,2.214993,7.23,0.652637,0.338336,0.13968,0.021528
nvr-04,nvr,1.154812,22.529408,42411.655627,1.206049,4.75,0.730184,0.237263,0.192633,0.011736
access-ctrl-06,access_controller,0.691917,11.051802,8792.441578,0.573431,0.71,0.83739,0.131558,0.241882,0.008574
thermostat-20,thermostat,0.811907,8.065115,4672.942242,0.279619,5.01,0.705193,0.305391,0.216787,0.013341
plug-11,smart_plug,0.486421,3.592736,816.185615,0.150053,0.0,0.507078,0.470111,0.317436,0.010184
cam-003,camera,1.200451,62.423434,71478.092968,1.925892,12.06,0.704435,0.274829,0.0928,0.041321
sensor-21,sensor,0.630342,3.861973,1582.275828,0.168934,2.81,0.917444,0.062782,0.273138,0.004233
router-05,router,0.987504,32.843235,69842.852343,1.6533,9.08,0.629415,0.391215,0.116881,0.020781
nvr-04,nvr,1.053765,26.723296,39713.304697,1.651781,2.96,0.717338,0.249223,0.177574,0.0172
access-ctrl-05,access_controller,0.696177,11.109214,12785.834024,0.812905,4.95,0.810545,0.141004,0.257107,0.013971
thermostat-09,thermostat,0.724801,6.171904,4677.159293,0.276519,4.36,0.689035,0.329883,0.232045,0.012926
plug-29,smart_plug,0.488475,3.557665,1288.201046,0.122115,2.46,0.536815,0.470557,0.316927,0.012726
cam-001,camera,1.475659,57.403691,96826.91643,2.038617,12.14,0.668708,0.326871,0.086015,0.03807
sensor-12,sensor,0.664797,5.259626,1178.895066,0.142707,2.02,0.909591,0.124851,0.261003,0.009579
router-08,router,0.984356,33.142956,55909.917093,2.153923,9.27,0.618439,0.384171,0.141828,0.026146
nvr-03,nvr,0.995759,25.677302,39193.567836,1.486987,7.11,0.689406,0.329817,0.163378,0.021519
access-ctrl-04,access_controller,0.781366,9.701323,12651.124037,0.531051,2.77,0.861333,0.108711,0.227811,0.008159
thermostat-28,thermostat,0.645252,7.02888,4775.64283,0.461803,3.38,0.676338,0.36324,0.20485,0.018585
plug-22,smart_plug,0.367708,2.876152,1006.03403,0.15624,2.02,0.498425,0.493382,0.364026,0.010553
cam-006,camera,1.145161,56.013988,72191.547156,1.722717,12.37,0.551378,0.413475,0.091075,0.02628
sensor-24,sensor,0.638356,5.671855,1349.991817,0.080681,1.02,0.852954,0.1137,0.280073,0.007456
router-14,router,0.845379,35.524726,56139.21527,2.438242,11.45,0.683911,0.331213,0.136274,0.019122
nvr-03,nvr,1.233233,21.707392,39473.412606,1.503786,2.53,0.694448,0.299815,0.218126,0.010804
access-ctrl-05,access_controller,0.702783,8.665625,13851.985795,0.488772,3.85,0.794374,0.185786,0.249665,0.010293
thermostat-04,thermostat,0.888497,6.92683,4458.49874,0.311356,3.53,0.747821,0.255408,0.217243,0.016124
plug-25,smart_plug,0.468521,3.903581,1209.526505,0.061376,1.8,0.498434,0.498822,0.363407,0.012848
cam-005,camera,1.231286,48.478427,107799.709165,1.908327,9.95,0.715257,0.286389,0.11435,0.03748
sensor-30,sensor,0.552927,3.778729,1132.146495,0.13718,1.76,0.810059,0.140063,0.318265,0.006201
router-14,router,0.901508,43.906387,42837.935517,2.012634,12.44,0.663231,0.282124,0.128683,0.023387
nvr-02,nvr,0.956378,19.572742,57770.388329,1.719607,7.34,0.792511,0.143359,0.185637,0.00916
access-ctrl-01,access_controller,0.705454,9.743898,11856.744067,0.759142,3.72,0.840631,0.117772,0.248384,0.008165
thermostat-13,thermostat,0.757415,5.172274,4864.714488,0.456209,1.16,0.636788,0.301009,0.213939,0.015885
plug-19,smart_plug,0.483576,2.939216,1119.209109,0.089725,0.0,0.514193,0.481781,0.345517,0.009193
cam-006,camera,1.228435,59.096012,92360.677479,2.044694,9.67,0.59956,0.42537,0.111767,0.025964
sensor-21,sensor,0.572237,3.180442,2157.426937,0.132166,0.57,0.896194,0.110478,0.247428,0.010941
router-20,router,0.922992,38.892047,45868.816742,1.838565,11.29,0.641473,0.345837,0.139466,0.016832
nvr-03,nvr,1.143191,19.062403,41952.36986,1.766204,2.11,0.749767,0.294458,0.204158,0.014157
access-ctrl-07,access_controller,0.578084,9.630061,14046.010659,0.53747,2.98,0.858773,0.149065,0.212588,0.013092
thermostat-28,thermostat,0.802297,6.054609,5625.517965,0.358866,4.17,0.702711,0.268426,0.216194,0.014452
plug-22,smart_plug,0.382247,4.018914,1055.560844,0.112403,1.38,0.53258,0.439048,0.305732,0.01057
cam-005,camera,1.34298,59.826259,107149.742602,1.764462,7.7,0.612051,0.395661,0.096284,0.032482
sensor-12,sensor,0.619987,5.604499,2678.090436,0.116941,3.0,0.888344,0.112691,0.257961,0.010178
router-02,router,0.774926,28.11284,48894.633193,2.212576,6.42,0.620297,0.342768,0.158195,0.030983
nvr-05,nvr,1.186232,19.222042,43495.192724,1.164807,5.98,0.782484,0.232362,0.168729,0.011696
access-ctrl-03,access_controller,0.58838,11.423079,12862.340899,0.612202,2.19,0.775016,0.247586,0.256443,0.011571
thermostat-04,thermostat,0.874626,6.382851,5393.822564,0.394229,5.48,0.647214,0.362007,0.217721,0.016876
plug-31,smart_plug,0.364138,4.176081,1040.179394,0.156607,1.88,0.481905,0.460135,0.319777,0.009169
cam-006,camera,1.102076,49.53176,73561.755183,1.91007,6.98,0.749529,0.270725,0.116101,0.041748
sensor-24,sensor,0.623765,4.426129,2908.317472,0.111233,1.71,0.86902,0.084372,0.297678,0.009874
router-17,router,0.945134,31.633469,55381.442853,2.365424,6.87,0.63565,0.332366,0.140761,0.030545
nvr-02,nvr,0.966389,19.517634,38567.504129,1.559979,3.14,0.74097,0.1895,0.157624,0.014076
access-ctrl-03,access_controller,0.732491,8.748312,8918.925457,0.82116,2.49,0.862537,0.168501,0.257509,0.008383
thermostat-24,thermostat,0.86038,7.40634,3471.187481,0.286426,1.51,0.754125,0.260732,0.240857,0.011295
plug-22,smart_plug,0.414546,2.891624,1324.621579,0.119697,2.93,0.564775,0.471717,0.36571,0.011714
cam-002,camera,1.127854,43.098265,105486.848391,1.98686,9.09,0.686146,0.309404,0.089385,0.037257
sensor-27,sensor,0.404463,4.168941,1770.919074,0.077905,2.38,0.848401,0.179694,0.260502,0.011769
router-14,router,0.939835,35.158905,40375.66289,2.300801,6.66,0.629235,0.370045,0.131565,0.022154
nvr-02,nvr,1.129587,22.938681,38337.84316,1.743355,6.54,0.770039,0.198613,0.200166,0.012585
access-ctrl-03,access_controller,0.714327,12.039588,12976.516873,0.797753,3.1,0.805334,0.183409,0.221992,0.008664
thermostat-16,thermostat,0.668257,6.806093,4713.425847,0.274421,3.2,0.710554,0.254788,0.225674,0.018537
plug-22,smart_plug,0.470858,2.803962,1756.846063,0.119237,0.0,0.489588,0.526683,0.314946,0.013493
cam-006,camera,1.273602,56.414444,91821.029234,2.062025,13.87,0.659819,0.333332,0.082115,0.033092
sensor-12,sensor,0.430118,3.013067,2420.941669,0.099429,1.28,0.871068,0.16496,0.242355,0.012523
router-08,router,1.074146,25.648242,66796.642349,2.207408,5.67,0.758118,0.240311,0.125265,0.021443
nvr-07,nvr,1.001559,20.30729,44296.026431,1.719017,3.81,0.701627,0.316375,0.20992,0.014421
access-ctrl-07,access_controller,0.615135,10.589781,13574.738655,0.580659,5.37,0.866975,0.163521,0.207781,0.009641
thermostat-13,thermostat,0.739457,6.873482,4519.406792,0.373712,1.08,0.687688,0.277199,0.207158,0.013025
plug-29,smart_plug,0.351616,3.794643,1158.475091,0.089899,1.95,0.442813,0.511293,0.370495,0.009164
cam-003,camera,1.410192,58.432912,99915.246157,2.702181,12.42,0.689515,0.277221,0.097971,0.042556
sensor-30,sensor,0.439395,5.879669,2558.28188,0.173938,2.95,0.878551,0.130753,0.300441,0.009476
router-08,router,0.896018,30.428588,37999.40952,2.39428,9.3,0.750796,0.261828,0.143221,0.027218
nvr-04,nvr,1.119455,30.424663,34304.843831,1.685094,5.87,0.756943,0.246879,0.211101,0.011183
access-ctrl-04,access_controller,0.579056,10.028168,10851.294044,0.752982,3.93,0.766301,0.187787,0.248026,0.008054
thermostat-16,thermostat,0.857965,6.539933,5062.458008,0.283681,1.49,0.718546,0.308564,0.225026,0.016117
plug-31,smart_plug,0.366103,3.049127,1585.61239,0.152631,1.85,0.506532,0.457919,0.301857,0.012985
cam-003,camera,1.396286,56.938634,100956.861723,1.838489,12.12,0.570372,0.395299,0.087369,0.04173
sensor-27,sensor,0.415397,3.84849,1524.323768,0.08826,0.0,0.95748,0.084629,0.334119,0.006625
router-02,router,1.035514,41.280402,67406.501723,2.123806,6.15,0.562572,0.418097,0.129006,0.026459
nvr-06,nvr,1.261051,20.760825,47392.764206,1.730826,5.13,0.702985,0.329625,0.175089,0.015737
access-ctrl-04,access_controller,0.535785,11.546977,14927.24529,0.787342,3.11,0.82798,0.163333,0.241309,0.008201
thermostat-04,thermostat,0.622563,7.045365,4339.445396,0.417053,2.26,0.709706,0.289438,0.213995,0.015701
plug-11,smart_plug,0.50442,3.244973,813.503253,0.171401,0.82,0.496967,0.518589,0.303485,0.012013
cam-002,camera,1.041577,62.657519,98958.552303,1.803315,8.61,0.682549,0.317521,0.091141,0.03666
sensor-18,sensor,0.627438,5.614571,2414.985827,0.081138,2.07,0.823775,0.132011,0.265199,0.009682
router-05,router,0.921904,37.85159,56918.829125,1.657691,8.52,0.685391,0.244685,0.13209,0.02632
nvr-03,nvr,1.276446,25.144337,32032.708477,1.469855,3.91,0.751121,0.215226,0.208449,0.020574
access-ctrl-03,access_controller,0.696314,11.785896,12013.463315,0.710367,1.59,0.847664,0.13903,0.219394,0.012725
thermostat-28,thermostat,0.780161,6.234014,4987.241853,0.370243,2.83,0.720187,0.277214,0.220156,0.016108
plug-22,smart_plug,0.506887,2.384519,782.310707,0.147135,0.82,0.467256,0.508126,0.355437,0.012375
cam-004,camera,1.443392,61.746025,92406.701189,2.143395,9.47,0.697997,0.327401,0.094352,0.030652
sensor-24,sensor,0.568605,3.114257,1095.377612,0.151033,3.72,0.872894,0.177321,0.278841,0.008599
router-08,router,0.868114,27.942075,61558.079036,2.302973,8.15,0.624187,0.339994,0.143306,0.022405
nvr-02,nvr,1.152065,18.586142,43642.178491,1.728656,3.17,0.778484,0.195073,0.173886,0.015289
access-ctrl-03,access_controller,0.588252,9.513439,11815.279911,0.488877,2.37,0.846514,0.154263,0.214874,0.007508
thermostat-04,thermostat,0.794544,7.827018,5155.171257,0.385131,1.04,0.73681,0.269492,0.238041,0.012878
plug-22,smart_plug,0.421919,2.94138,823.193042,0.097333,1.24,0.514064,0.478111,0.333539,0.012995
cam-002,camera,1.074426,55.667674,79928.19409,2.840188,9.24,0.603499,0.404899,0.085659,0.024298
sensor-12,sensor,0.641806,2.943978,1165.240581,0.152639,0.69,0.917435,0.111779,0.310892,0.006347
router-11,router,1.033232,43.183239,56365.740887,1.831639,6.32,0.62309,0.381117,0.135048,0.023138
nvr-06,nvr,0.931501,26.924203,51353.942653,1.650044,4.62,0.67086,0.301079,0.154262,0.013789
access-ctrl-07,access_controller,0.564719,9.794604,15156.523681,0.731195,4.81,0.84212,0.096688,0.241103,0.009845
thermostat-16,thermostat,0.746456,5.807618,3669.570917,0.462038,2.83,0.703985,0.260111,0.220451,0.01542
plug-31,smart_plug,0.395334,4.09565,1684.347545,0.135992,0.0,0.494631,0.526753,0.312246,0.012174
cam-003,camera,1.080075,56.440768,105393.986426,2.07725,12.46,0.674095,0.301571,0.115773,0.023393
sensor-30,sensor,0.417227,2.885312,2182.077872,0.216178,3.28,0.775576,0.208045,0.296549,0.003097
router-05,router,0.959475,39.066379,65665.937832,2.110503,11.56,0.652024,0.337621,0.153691,0.03032
nvr-01,nvr,1.089995,22.44161,57859.657778,1.433771,4.84,0.724162,0.23777,0.158896,0.012242
access-ctrl-07,access_controller,0.577581,8.971105,15028.42483,0.716889,4.28,0.835597,0.195944,0.23565,0.008246
thermostat-20,thermostat,0.679233,7.583327,5660.308241,0.398355,1.51,0.762169,0.24962,0.210435,0.014754
plug-31,smart_plug,0.43803,4.066396,855.16677,0.111745,1.35,0.436028,0.507067,0.344895,0.009366
cam-004,camera,1.45083,63.989758,76510.069758,1.999281,11.49,0.628919,0.359008,0.07404,0.037154
sensor-12,sensor,0.479588,3.418646,2224.458517,0.218241,3.4,0.863294,0.160379,0.284397,0.005484
router-17,router,1.039589,31.262477,54476.94559,1.747329,8.29,0.617692,0.341674,0.137972,0.030034
nvr-06,nvr,1.102688,22.413302,55686.990068,1.558714,4.77,0.791541,0.159598,0.160704,0.013614
access-ctrl-01,access_controller,0.799844,9.532391,11052.206269,0.872517,3.16,0.806711,0.161539,0.234705,0.00886
thermostat-13,thermostat,0.826138,8.132017,4054.069905,0.482086,1.98,0.633619,0.325944,0.225896,0.015438
plug-25,smart_plug,0.390579,2.98762,894.003125,0.077707,1.18,0.427589,0.516884,0.31481,0.011802
cam-007,camera,1.456099,61.012584,109550.799461,2.834672,8.55,0.698522,0.28331,0.112401,0.031571
sensor-07,sensor,0.393993,4.007675,1927.337196,0.23563,2.72,0.929783,0.074852,0.272265,0.009737
router-02,router,0.829102,30.643362,54078.327346,2.351902,6.53,0.689882,0.302318,0.150322,0.018345
nvr-03,nvr,0.915832,24.270215,46642.911794,1.775159,5.25,0.716051,0.236634,0.1826,0.016538
access-ctrl-06,access_controller,0.641236,9.407999,12805.504756,0.612107,5.23,0.887552,0.113231,0.227413,0.009797
thermostat-20,thermostat,0.650116,7.413031,5599.056717,0.42041,3.13,0.731011,0.25874,0.196991,0.017896
plug-11,smart_plug,0.332822,3.207035,1028.38537,0.123414,1.61,0.487807,0.481729,0.318023,0.009906
cam-003,camera,1.230988,62.157755,82329.165911,2.0178,11.64,0.732214,0.281667,0.090166,0.028551
sensor-18,sensor,0.652089,4.683083,2463.01308,0.091102,1.57,0.923908,0.050904,0.30057,0.007056
router-08,router,0.971494,38.328848,53969.689177,2.019713,7.59,0.57723,0.350328,0.146309,0.024342
nvr-06,nvr,1.17568,21.015269,41975.203592,1.284387,4.26,0.816369,0.155253,0.209212,0.020787
access-ctrl-01,access_controller,0.662605,9.454939,9719.402398,0.560827,4.99,0.881969,0.1085,0.21188,0.01196
thermostat-20,thermostat,0.825169,4.878116,4413.271449,0.49491,2.27,0.725306,0.297706,0.197526,0.012177
plug-22,smart_plug,0.353497,3.909838,1639.271292,0.067983,1.47,0.475134,0.522633,0.370562,0.008136
cam-007,camera,1.316762,48.436356,94420.061868,2.358403,7.31,0.670182,0.274957,0.098866,0.035062
sensor-27,sensor,0.589899,5.251704,949.255394,0.09001,1.92,0.757858,0.249808,0.294578,0.005859
router-05,router,0.844645,44.582038,61161.753398,2.298999,11.44,0.64192,0.325419,0.117289,0.024627
nvr-06,nvr,0.963145,21.372261,32926.136639,1.551659,2.65,0.665975,0.262977,0.188555,0.015098
access-ctrl-07,access_controller,0.789047,8.67654,12394.437963,0.480421,2.47,0.860981,0.114218,0.252894,0.009339
thermostat-13,thermostat,0.734166,5.426848,3649.021432,0.525168,3.84,0.62088,0.352689,0.201859,0.01233
plug-31,smart_plug,0.487965,3.705418,1115.629368,0.165168,0.9,0.550934,0.439189,0.367893,0.012343
cam-002,camera,1.394738,62.193573,75957.403477,1.868355,7.58,0.618195,0.397666,0.078056,0.036931
sensor-21,sensor,0.636238,3.079869,1344.713469,0.216505,2.55,0.885056,0.114294,0.315799,0.00777
router-17,router,1.087979,33.695721,54682.415886,1.592049,6.43,0.747751,0.273857,0.152342,0.031252
nvr-01,nvr,1.017596,18.769728,48983.139232,1.701595,7.05,0.73823,0.285685,0.179139,0.020608
access-ctrl-07,access_controller,0.694589,11.779452,9018.565813,0.746652,2.57,0.860789,0.155626,0.245041,0.009881
thermostat-20,thermostat,0.770316,7.073447,4033.225432,0.450963,2.94,0.73557,0.202809,0.231642,0.011947
plug-31,smart_plug,0.400005,2.347278,803.154848,0.069497,0.76,0.465741,0.49549,0.326876,0.009168
cam-001,camera,1.175364,61.714602,106867.305301,2.744812,12.87,0.645994,0.345408,0.111641,0.030301
sensor-24,sensor,0.679093,3.576695,1689.777361,0.222248,4.04,0.909875,0.043002,0.253845,0.008709
router-05,router,0.921651,30.945299,44758.703629,2.421429,10.77,0.611277,0.342641,0.120829,0.019285
nvr-03,nvr,0.872753,26.255451,33893.272825,1.142945,5.17,0.739998,0.212643,0.18552,0.020862
access-ctrl-03,access_controller,0.643112,8.478779,14586.523696,0.705929,1.05,0.7684,0.263086,0.266649,0.010404
thermostat-13,thermostat,0.631669,5.435583,5478.512528,0.462912,2.29,0.716708,0.251537,0.233341,0.010625
plug-31,smart_plug,0.379815,3.30037,1222.445686,0.126897,0.0,0.568874,0.431334,0.320931,0.010651
cam-005,camera,1.242997,48.824535,69110.472255,2.430369,14.22,0.687361,0.28332,0.087181,0.028065
sensor-27,sensor,0.420046,3.322588,2286.002826,0.068477,0.28,0.898771,0.099436,0.259884,0.01189
router-08,router,0.984454,26.977911,71489.7396,2.210536,8.4,0.692867,0.289782,0.135701,0.027513
nvr-06,nvr,1.165509,19.135271,42944.374981,1.267537,4.94,0.849915,0.172388,0.1965,0.011216
access-ctrl-04,access_controller,0.58968,10.841057,13419.244779,0.653732,3.44,0.812627,0.145271,0.242817,0.012189
thermostat-28,thermostat,0.791958,8.362389,4561.299243,0.382174,5.22,0.726705,0.248125,0.227053,0.014249
plug-19,smart_plug,0.351303,2.769404,804.728189,0.098159,1.37,0.471695,0.484033,0.353908,0.012126
cam-007,camera,1.462084,57.14591,108143.050899,2.811138,8.82,0.567607,0.395522,0.092211,0.032506
sensor-27,sensor,0.634932,3.509808,1096.220399,0.212892,2.1,0.787704,0.203069,0.257615,0.010159
router-20,router,0.907352,44.34511,64570.43786,2.359989,12.02,0.697353,0.325147,0.12998,0.024894
nvr-03,nvr,0.922535,21.851642,36114.02354,1.191395,5.25,0.848515,0.15375,0.214515,0.011881
access-ctrl-01,access_controller,0.748848,7.347236,14914.169523,0.79837,0.77,0.780417,0.175673,0.221494,0.01432
thermostat-04,thermostat,0.839909,5.235473,4738.391379,0.384093,1.68,0.721247,0.258665,0.217178,0.017394
plug-19,smart_plug,0.4468,3.237395,1048.558051,0.136391,0.0,0.480966,0.493712,0.369222,0.011076
cam-001,camera,1.321161,52.857567,72506.17001,2.145833,11.73,0.712561,0.267546,0.083073,0.03351
sensor-12,sensor,0.506095,5.353418,1767.461833,0.243237,3.28,0.82908,0.158068,0.299315,0.008061
router-14,router,0.834002,26.67601,55297.645544,2.382192,9.63,0.621911,0.387131,0.13492,0.028114
nvr-01,nvr,1.245118,26.49603,49490.679161,1.668455,4.29,0.690861,0.28743,0.162138,0.011847
access-ctrl-06,access_controller,0.545518,10.966061,13010.819173,0.880251,3.21,0.866951,0.138511,0.241349,0.009441
thermostat-16,thermostat,0.6508,6.517222,4929.603945,0.45959,5.07,0.722172,0.277936,0.214736,0.014567
plug-31,smart_plug,0.479991,3.62992,882.675022,0.161926,0.0,0.443789,0.53004,0.335163,0.008458
cam-007,camera,1.080276,45.627109,69764.007269,2.723332,12.06,0.610494,0.347647,0.094557,0.029596
sensor-30,sensor,0.428147,5.625847,2399.602911,0.179719,2.7,0.815829,0.186796,0.303983,0.004207
router-17,router,1.019837,36.755509,48379.090307,1.875543,7.42,0.690202,0.337393,0.128257,0.022034
nvr-05,nvr,1.132356,29.013224,52177.969495,1.501998,4.55,0.818475,0.160976,0.158009,0.012422
access-ctrl-02,access_controller,0.658879,7.528068,9591.857941,0.519598,4.29,0.806506,0.186645,0.219701,0.013027
thermostat-09,thermostat,0.824673,7.276399,4486.197953,0.397805,2.29,0.679847,0.318719,0.19199,0.014461
plug-19,smart_plug,0.440824,3.016946,799.377119,0.059024,1.78,0.468723,0.503679,0.305149,0.013177
cam-002,camera,1.211646,55.427383,82703.060891,2.337564,12.42,0.688133,0.29211,0.103518,0.03603
sensor-18,sensor,0.434978,4.49606,1794.167751,0.213165,3.01,0.882719,0.121722,0.290332,0.0049
router-20,router,0.787991,41.836738,72153.347648,1.818528,5.6,0.629132,0.350312,0.122342,0.017394
nvr-03,nvr,0.930751,16.310626,41671.421773,1.204477,3.64,0.676847,0.316185,0.164123,0.021473
access-ctrl-03,access_controller,0.658323,7.379791,9274.734077,0.876285,1.75,0.866303,0.136413,0.218408,0.009486
thermostat-20,thermostat,0.869095,5.345002,5371.966476,0.469698,0.59,0.722057,0.303305,0.220395,0.014339
plug-11,smart_plug,0.380003,3.394845,1192.127989,0.141302,0.68,0.540808,0.486404,0.306905,0.010494
cam-004,camera,1.419853,60.472936,102640.780459,1.739866,9.33,0.71757,0.273773,0.088144,0.040007
sensor-18,sensor,0.528492,2.921598,1331.035717,0.122504,4.14,0.820709,0.16147,0.308582,0.007576
router-02,router,1.085428,31.627875,48447.452922,1.957747,9.92,0.727196,0.2843,0.132672,0.027691
nvr-01,nvr,1.264632,27.882466,40640.51785,1.407443,4.28,0.76565,0.239551,0.16901,0.01607
access-ctrl-03,access_controller,0.535517,8.278638,11775.161216,0.540676,3.61,0.853148,0.110934,0.254816,0.014511
thermostat-13,thermostat,0.74316,6.465095,3858.080767,0.291666,0.94,0.72739,0.27014,0.236261,0.014748
plug-29,smart_plug,0.354942,3.86929,938.809108,0.139375,1.26,0.48087,0.4693,0.325379,0.013381
cam-004,camera,1.324171,57.657178,74306.667783,1.999406,11.9,0.61876,0.356454,0.108669,0.041087
sensor-27,sensor,0.565788,4.569273,1492.31993,0.111511,1.29,0.854862,0.15288,0.270918,0.011536
router-02,router,0.768205,41.407879,72324.562741,2.061364,8.99,0.604128,0.354081,0.147405,0.021952
nvr-03,nvr,0.987955,24.330682,52491.902923,1.142541,6.95,0.796622,0.223995,0.160525,0.011034
access-ctrl-02,access_controller,0.76067,7.491812,9764.52811,0.635777,3.0,0.727268,0.248973,0.235927,0.00846
thermostat-04,thermostat,0.84937,7.08813,4190.644078,0.44692,2.8,0.656877,0.314602,0.233111,0.019263
plug-14,smart_plug,0.474836,2.408368,1592.343262,0.099885,1.66,0.480672,0.445017,0.335828,0.013745
cam-004,camera,1.363868,61.312934,79954.869814,1.820611,9.16,0.635713,0.398993,0.116982,0.037054
sensor-24,sensor,0.600372,3.210378,2743.131174,0.14929,3.75,0.911373,0.108491,0.282729,0.006619
router-17,router,1.042421,29.355405,63764.594267,1.688895,6.6,0.621913,0.366386,0.140797,0.021671
nvr-05,nvr,1.232878,22.855966,44974.600108,1.161586,6.33,0.74715,0.2753,0.210209,0.016149
access-ctrl-03,access_controller,0.670109,8.293004,10411.808919,0.77126,4.51,0.845325,0.105522,0.231046,0.008295
thermostat-28,thermostat,0.809725,6.125262,3714.508251,0.30238,4.02,0.729587,0.263488,0.223047,0.019616
plug-11,smart_plug,0.370925,2.440086,1756.948207,0.164055,1.27,0.496346,0.488166,0.35148,0.01203
cam-007,camera,1.422932,53.52278,101838.835151,1.835296,8.38,0.59845,0.362058,0.108437,0.038278
sensor-24,sensor,0.401619,3.11989,2117.591162,0.160268,1.12,0.863482,0.131202,0.330662,0.010237
router-02,router,0.911591,39.325087,62865.784683,1.932101,8.72,0.591838,0.378171,0.15135,0.018726
nvr-06,nvr,1.183935,19.581139,58789.076046,1.534816,3.28,0.67759,0.316596,0.162342,0.012762
access-ctrl-02,access_controller,0.619662,11.005765,9961.469718,0.88692,2.23,0.859862,0.141206,0.238837,0.009956
thermostat-28,thermostat,0.76243,5.045823,4973.956876,0.450489,2.61,0.688352,0.25437,0.194544,0.011671
plug-25,smart_plug,0.444988,2.568601,1284.952899,0.169561,2.62,0.560258,0.408278,0.344745,0.008204
cam-001,camera,1.505224,45.472015,81416.296011,2.784838,7.15,0.67682,0.286513,0.108598,0.042082
sensor-24,sensor,0.597687,3.432175,1602.708957,0.174519,0.5,0.905258,0.076957,0.280134,0.007763
router-14,router,1.076045,37.364095,58280.118995,2.139585,8.9,0.689398,0.300797,0.144192,0.022972
nvr-02,nvr,1.081307,24.431699,48072.8921,1.700998,6.03,0.798492,0.180674,0.158725,0.016661
access-ctrl-04,access_controller,0.607571,9.807945,8931.832024,0.564805,1.7,0.87552,0.163909,0.212845,0.009901
thermostat-13,thermostat,0.877854,6.780467,4224.676261,0.398134,2.91,0.750658,0.189777,0.197709,0.012656
plug-22,smart_plug,0.405307,3.763836,1035.313741,0.146301,1.06,0.546719,0.47901,0.354129,0.011378
cam-007,camera,1.073806,46.464729,70045.154201,2.318772,8.67,0.636038,0.415452,0.116017,0.034734
sensor-18,sensor,0.639288,5.54915,1779.990342,0.220824,3.59,0.876927,0.095488,0.318414,0.005949
router-08,router,0.96636,43.989172,72985.704158,1.894512,6.95,0.59517,0.331156,0.122831,0.02676
nvr-01,nvr,1.217559,21.148362,42497.061104,1.200811,3.66,0.804171,0.161977,0.186618,0.016142
access-ctrl-05,access_controller,0.776733,10.778297,12305.933789,0.534258,3.27,0.86204,0.159278,0.207717,0.011008
thermostat-13,thermostat,0.711979,7.327057,5715.134781,0.335778,2.93,0.718451,0.264049,0.235551,0.017186
plug-25,smart_plug,0.431886,3.065737,785.834726,0.097789,1.27,0.577393,0.435959,0.335249,0.008465
cam-006,camera,1.500238,45.791185,84681.473118,2.230923,6.92,0.598286,0.428656,0.11212,0.028803
sensor-18,sensor,0.537166,2.727882,1351.078021,0.116727,0.56,0.923689,0.086646,0.288109,0.004366
router-17,router,0.898287,27.658573,50176.505055,2.176423,8.69,0.666271,0.321441,0.128883,0.026484
nvr-03,nvr,1.236961,25.651976,46706.752667,1.203149,5.32,0.75274,0.192335,0.177245,0.016388
access-ctrl-06,access_controller,0.641841,8.029192,10024.979875,0.614076,5.29,0.810203,0.18283,0.221033,0.008636
thermostat-20,thermostat,0.678733,5.638975,5995.240267,0.393057,4.05,0.694354,0.268274,0.229592,0.016668
plug-31,smart_plug,0.398692,2.690982,714.299858,0.097301,0.58,0.567192,0.421146,0.323344,0.013794
cam-004,camera,1.129713,61.997072,104573.070421,2.504054,9.12,0.669998,0.33594,0.088855,0.031987
sensor-21,sensor,0.475635,4.562267,2898.599391,0.120721,2.17,0.825984,0.115,0.247906,0.012558
router-02,router,0.810923,29.075421,64038.468831,1.952003,9.49,0.717696,0.286546,0.117267,0.018108
nvr-07,nvr,1.113378,22.640111,44040.640787,1.691752,5.61,0.694028,0.289054,0.19903,0.019397
access-ctrl-07,access_controller,0.555744,10.786903,14306.135201,0.458232,0.91,0.836264,0.148825,0.222862,0.009132
thermostat-16,thermostat,0.889414,6.522927,5615.327427,0.398024,2.94,0.775138,0.204736,0.193379,0.011429
plug-19,smart_plug,0.395136,3.923942,1493.157282,0.164479,2.46,0.461184,0.515578,0.349784,0.008235
cam-002,camera,1.428722,56.947083,90863.093622,2.848685,12.79,0.632251,0.390671,0.089804,0.039119
sensor-12,sensor,0.553956,4.049991,2795.998577,0.099197,0.0,0.863836,0.11506,0.31848,0.006019
router-17,router,0.953818,30.104096,48883.34346,1.809615,11.82,0.690732,0.261402,0.127602,0.028006
nvr-02,nvr,1.238616,23.296131,40259.498473,1.573213,5.02,0.791924,0.235619,0.196721,0.019086
access-ctrl-02,access_controller,0.715404,10.75821,12661.776994,0.638246,2.51,0.786922,0.243514,0.220932,0.010718
thermostat-20,thermostat,0.660139,7.483096,4534.403483,0.461851,0.94,0.651681,0.30424,0.223919,0.019928
plug-31,smart_plug,0.411707,2.511641,1767.150454,0.089448,1.79,0.57484,0.439455,0.305688,0.010093
cam-005,camera,1.08394,62.215897,74115.574137,2.33709,7.22,0.598739,0.386023,0.091984,0.041533
sensor-30,sensor,0.503419,2.726278,1642.898292,0.128354,1.24,0.897791,0.122498,0.260628,0.003006
router-17,router,0.799557,42.583339,43895.969149,2.066598,9.48,0.703078,0.277973,0.143779,0.028146
nvr-01,nvr,0.884476,25.315609,45670.914481,1.781639,3.05,0.796346,0.182234,0.196205,0.019122
access-ctrl-06,access_controller,0.549475,8.933347,11904.877566,0.744015,4.87,0.738463,0.241361,0.246469,0.008474
thermostat-24,thermostat,0.612308,6.903969,4225.841084,0.497653,4.53,0.70137,0.260337,0.223489,0.014082
plug-22,smart_plug,0.512406,2.801753,810.308141,0.117491,3.21,0.425303,0.523555,0.351984,0.008272
cam-002,camera,1.11796,46.778842,93478.659775,2.322062,13.27,0.687392,0.305254,0.116363,0.043146
sensor-24,sensor,0.483593,3.988275,2171.56569,0.173679,0.76,0.855605,0.135616,0.285683,0.010335
router-02,router,1.001969,34.102877,52269.545023,2.384219,11.15,0.70784,0.313085,0.123289,0.02374
nvr-06,nvr,1.121388,27.972864,42205.408659,1.496703,4.57,0.67575,0.300066,0.196349,0.013182
access-ctrl-05,access_controller,0.752898,9.797262,12240.962528,0.591796,3.04,0.835887,0.177446,0.258624,0.013591
thermostat-16,thermostat,0.820962,6.469683,5840.872282,0.440588,4.86,0.731335,0.284592,0.20774,0.014373
plug-11,smart_plug,0.381494,2.191253,1535.73228,0.16003,0.13,0.482286,0.493014,0.353886,0.013177
cam-001,camera,1.344737,51.865349,100846.270819,2.854928,10.61,0.645652,0.313361,0.098239,0.028101
sensor-24,sensor,0.6795,4.060559,2230.151859,0.170357,1.92,0.846232,0.142957,0.282804,0.009751
router-11,router,1.108681,28.914774,61233.372869,1.843115,10.91,0.706567,0.287687,0.156208,0.015107
nvr-02,nvr,1.122122,24.220203,39861.129825,1.309659,2.99,0.753238,0.203072,0.195339,0.020073
access-ctrl-07,access_controller,0.745562,9.897113,10685.14826,0.514972,1.97,0.765118,0.176645,0.229824,0.012558
thermostat-24,thermostat,0.628919,7.823206,5444.236667,0.340508,0.83,0.655288,0.337209,0.235008,0.017205
plug-31,smart_plug,0.461435,3.785389,1609.116398,0.120917,0.54,0.472167,0.462471,0.30067,0.014874
cam-003,camera,1.487276,48.37054,70337.357442,2.765535,6.99,0.641029,0.347632,0.11248,0.032487
sensor-18,sensor,0.486274,5.251423,2081.002237,0.264016,0.0,0.810128,0.122822,0.298518,0.005394
router-08,router,0.889619,41.90115,59905.576704,2.299737,5.19,0.669691,0.317415,0.114997,0.022806
nvr-04,nvr,0.897697,22.550313,33433.168279,1.685474,1.57,0.779714,0.185893,0.207943,0.017767
access-ctrl-02,access_controller,0.566242,12.073,15058.552344,0.724662,2.32,0.841636,0.149547,0.257796,0.008062
thermostat-24,thermostat,0.742642,6.204368,3512.477511,0.36739,3.73,0.789271,0.194013,0.21255,0.011324
plug-11,smart_plug,0.461863,3.25788,693.420099,0.156338,1.96,0.450065,0.522014,0.341166,0.008737
cam-003,camera,1.306207,56.330831,77719.494932,1.805711,8.76,0.593455,0.42299,0.103227,0.03086
sensor-27,sensor,0.526525,5.103716,2779.163485,0.218174,1.41,0.867216,0.125784,0.237453,0.011312
router-17,router,0.886848,35.852008,56629.293848,2.143514,9.31,0.711314,0.233483,0.129351,0.026017
nvr-01,nvr,1.08954,28.190287,50661.611204,1.60354,5.01,0.708081,0.272924,0.193456,0.019591
access-ctrl-04,access_controller,0.734109,7.568996,13020.048868,0.851075,3.99,0.830611,0.139273,0.262037,0.008533
thermostat-04,thermostat,0.62661,8.086005,5098.919053,0.443597,3.36,0.652028,0.34958,0.212011,0.011901
plug-29,smart_plug,0.342401,2.231667,1352.028532,0.107674,0.22,0.488668,0.49924,0.325676,0.014202
cam-006,camera,1.304141,57.177571,72893.462272,2.297566,7.22,0.628039,0.367942,0.086466,0.026894
sensor-18,sensor,0.545077,2.649239,1476.995679,0.262833,3.09,0.843495,0.105645,0.304463,0.00763
router-02,router,0.794457,29.730485,57874.067377,1.836121,6.05,0.67174,0.29434,0.122069,0.016438
nvr-01,nvr,1.071563,21.856512,41330.197801,1.588701,5.19,0.746114,0.20985,0.190467,0.018174
access-ctrl-04,access_controller,0.675639,10.890987,13894.079534,0.731754,3.2,0.868144,0.146819,0.252866,0.00748
thermostat-04,thermostat,0.764027,5.690488,4201.161254,0.407368,4.29,0.685679,0.310167,0.211714,0.012127
plug-19,smart_plug,0.481433,4.045968,1289.587263,0.148589,1.61,0.502129,0.504496,0.310348,0.012851
cam-004,camera,1.426433,62.116448,96090.397888,2.750211,9.53,0.635625,0.375757,0.097949,0.03288
sensor-24,sensor,0.512317,4.670975,1211.516737,0.107899,2.06,0.894372,0.077192,0.291165,0.011273
router-17,router,0.982156,30.391328,42125.679966,2.070478,6.65,0.615988,0.377155,0.120494,0.030907
nvr-06,nvr,1.120034,21.004736,56516.692785,1.812189,5.32,0.688995,0.30806,0.174065,0.017618
access-ctrl-01,access_controller,0.68891,9.733502,10600.171553,0.629248,3.81,0.73356,0.257663,0.255743,0.009036
thermostat-13,thermostat,0.711455,5.460348,4970.644003,0.461884,2.97,0.785185,0.198525,0.226714,0.013737
plug-31,smart_plug,0.361058,3.511954,1766.689206,0.138159,0.97,0.441765,0.568168,0.34438,0.010793
cam-007,camera,1.394367,48.451784,106345.033687,2.799063,11.03,0.639029,0.370723,0.089508,0.027994
sensor-12,sensor,0.625313,4.213209,2758.295103,0.163032,1.58,0.821742,0.197798,0.299598,0.011641
router-20,router,0.963687,33.687871,46042.698912,1.597375,6.7,0.609435,0.351298,0.144722,0.016223
nvr-06,nvr,1.280827,22.494954,36067.476463,1.584635,3.6,0.748917,0.25882,0.157996,0.018126
access-ctrl-02,access_controller,0.605136,8.134804,9351.907771,0.545128,1.64,0.771519,0.169119,0.239003,0.006356
thermostat-04,thermostat,0.840806,5.041612,5558.243531,0.282731,3.34,0.657195,0.281588,0.232196,0.018935
plug-29,smart_plug,0.455192,3.81188,1213.728325,0.162525,2.09,0.537653,0.425211,0.325356,0.011817
cam-005,camera,1.423766,45.559554,75559.013446,2.903817,8.96,0.696534,0.290561,0.086126,0.032202
sensor-07,sensor,0.627961,3.142083,2151.998592,0.111875,2.53,0.803148,0.237982,0.274544,0.008787
router-08,router,1.060034,25.650885,47139.298472,2.19551,6.42,0.616251,0.396562,0.122447,0.02238
nvr-06,nvr,1.171559,18.01591,53013.229693,1.418296,4.92,0.69161,0.333664,0.161144,0.014564
access-ctrl-05,access_controller,0.747483,8.950744,9129.737177,0.610266,4.42,0.878173,0.075498,0.231559,0.010952
thermostat-09,thermostat,0.690641,8.046219,4804.687547,0.437428,1.86,0.75034,0.209504,0.222624,0.012762
plug-31,smart_plug,0.439164,2.098915,1086.108305,0.126878,2.43,0.477129,0.548829,0.331384,0.013925
cam-007,camera,1.394719,60.374839,83829.05628,2.116571,11.08,0.669973,0.340509,0.084667,0.024415
sensor-21,sensor,0.621009,5.210016,2205.3547,0.269651,2.47,0.935225,0.047861,0.259404,0.01094
router-05,router,0.963341,37.120255,55071.231986,2.09536,11.26,0.730501,0.268084,0.120816,0.018584
nvr-03,nvr,1.091618,18.923638,36981.00521,1.123632,4.2,0.813041,0.2099,0.206268,0.01172
access-ctrl-02,access_controller,0.647274,12.021765,9543.307165,0.794097,3.96,0.807076,0.219583,0.243701,0.012312
thermostat-09,thermostat,0.829451,6.891742,4745.430406,0.406969,2.94,0.777924,0.194,0.236074,0.016063
plug-11,smart_plug,0.394517,2.830857,1089.46217,0.146441,0.21,0.459134,0.518915,0.330936,0.0159
cam-006,camera,1.341556,63.175424,74184.068403,1.970751,10.48,0.573185,0.373122,0.076544,0.025115
sensor-30,sensor,0.447512,4.544272,2360.026605,0.173347,1.92,0.891923,0.053795,0.267651,0.006582
router-17,router,0.924067,38.278372,58378.568627,2.320942,11.31,0.629581,0.342097,0.12247,0.022441
nvr-01,nvr,1.110726,26.6053,41903.985466,1.683907,5.78,0.711014,0.286001,0.187292,0.012442
access-ctrl-01,access_controller,0.713937,9.139028,14300.777733,0.722036,3.57,0.761092,0.20863,0.203707,0.013274
thermostat-24,thermostat,0.857139,5.976455,3770.086811,0.446611,4.37,0.749122,0.205766,0.226064,0.01118
plug-29,smart_plug,0.464571,3.387279,1046.474783,0.121814,1.79,0.506798,0.494212,0.359689,0.015295
cam-001,camera,1.213118,62.347387,107343.341666,2.545807,11.99,0.589433,0.399032,0.09358,0.024204
sensor-21,sensor,0.558926,4.889555,1698.352425,0.272834,1.58,0.877549,0.161727,0.277514,0.00507
router-17,router,0.978539,33.990913,63460.041714,1.673521,8.31,0.726442,0.301096,0.146433,0.027397
nvr-06,nvr,1.107149,17.291436,38243.569857,1.432839,5.49,0.791303,0.197229,0.193983,0.021571
access-ctrl-07,access_controller,0.796491,9.122382,11883.240807,0.56419,2.86,0.754155,0.22053,0.226674,0.008973
thermostat-16,thermostat,0.774297,5.559793,4731.830335,0.339104,5.26,0.668796,0.332658,0.224087,0.018842
plug-14,smart_plug,0.471728,2.881842,1232.723358,0.090893,0.81,0.524055,0.474344,0.316759,0.008847
cam-007,camera,1.258399,60.763783,69296.274057,2.363672,9.54,0.581438,0.392026,0.116448,0.032066
sensor-24,sensor,0.636418,4.063839,1856.913378,0.119786,0.0,0.914347,0.108503,0.299163,0.005233
router-02,router,0.77083,44.243835,49026.025389,2.066604,5.45,0.618241,0.351757,0.131771,0.029412
nvr-02,nvr,1.092618,23.531364,53380.370408,1.569208,4.55,0.749691,0.179666,0.201947,0.012413
access-ctrl-04,access_controller,0.671828,10.292469,10054.730495,0.58397,3.25,0.797246,0.203575,0.215902,0.007671
thermostat-28,thermostat,0.73527,5.84453,4175.330261,0.458196,2.4,0.749824,0.205704,0.238608,0.016847
plug-11,smart_plug,0.426182,2.767642,1711.716006,0.107182,2.19,0.476719,0.503731,0.373348,0.009178
cam-006,camera,1.137,61.928037,95933.504521,3.003103,7.33,0.597053,0.373585,0.088988,0.036814
sensor-27,sensor,0.414048,5.608677,1821.031459,0.09085,2.18,0.758766,0.182865,0.271175,0.01084
router-20,router,0.9862,29.95865,47903.980618,1.636586,8.51,0.661991,0.346232,0.130175,0.023716
nvr-06,nvr,1.242582,27.086142,56794.334041,1.222803,5.18,0.71426,0.237745,0.202295,0.01223
access-ctrl-04,access_controller,0.729069,9.336971,13486.397025,0.645091,4.06,0.791563,0.177818,0.233924,0.011741
thermostat-04,thermostat,0.768735,8.141604,5132.260219,0.439893,1.23,0.642575,0.306688,0.237041,0.014609
plug-22,smart_plug,0.34875,3.915612,1790.841567,0.07028,1.97,0.538486,0.444238,0.336066,0.012273
cam-007,camera,1.103883,44.008916,97953.032979,2.962374,9.09,0.671726,0.335694,0.10403,0.034168
sensor-30,sensor,0.614685,4.999837,1138.83624,0.080266,2.79,0.93837,0.075362,0.30499,0.005889
router-17,router,0.857529,35.004531,43589.141622,1.783868,7.48,0.583273,0.365079,0.114071,0.023084
nvr-01,nvr,0.942646,22.405914,37434.558238,1.481331,4.99,0.719454,0.250245,0.16335,0.014716
access-ctrl-03,access_controller,0.569383,10.273747,14004.566068,0.865123,3.47,0.731123,0.203919,0.233309,0.013159
thermostat-13,thermostat,0.810216,7.789234,3711.845939,0.457136,2.96,0.719872,0.24196,0.208585,0.013977
plug-29,smart_plug,0.504534,2.734142,850.803714,0.100414,0.34,0.535196,0.487556,0.323129,0.008609
cam-004,camera,1.072918,59.373879,94455.944419,2.957499,5.69,0.56581,0.439613,0.080038,0.029683
sensor-24,sensor,0.584104,5.705477,1906.032889,0.112209,2.34,0.779802,0.208904,0.241577,0.010561
router-08,router,0.874237,29.720374,55594.79893,2.068132,10.76,0.675527,0.311938,0.123229,0.017988
nvr-01,nvr,0.946972,17.90928,43883.000372,1.310609,5.7,0.73949,0.262932,0.188171,0.019459
access-ctrl-07,access_controller,0.727544,9.359574,10995.144086,0.720807,2.58,0.80022,0.185667,0.217428,0.007866
thermostat-24,thermostat,0.718275,5.311042,4363.219196,0.389494,2.33,0.735054,0.238911,0.224238,0.014113
plug-29,smart_plug,0.384805,3.571962,1461.017867,0.06159,0.02,0.47385,0.514903,0.343467,0.011632
cam-001,camera,1.225297,50.239093,94343.802972,2.0809,7.88,0.6628,0.292411,0.090773,0.025893
sensor-18,sensor,0.468268,4.583565,2003.089039,0.174256,0.55,0.877253,0.079783,0.320396,0.005594
router-08,router,0.711044,37.436852,60619.455674,2.424885,10.67,0.734978,0.265537,0.158563,0.023925
nvr-06,nvr,1.158891,24.988043,50324.371033,1.27075,6.57,0.689267,0.275627,0.185507,0.017573
access-ctrl-07,access_controller,0.603626,10.115186,13323.809944,0.515691,3.58,0.792497,0.182209,0.255282,0.012308
thermostat-24,thermostat,0.717567,5.240224,4591.349312,0.327146,0.69,0.719333,0.265928,0.234177,0.01317
plug-29,smart_plug,0.384289,2.085545,812.395974,0.069083,1.26,0.520428,0.48437,0.325505,0.009971
cam-005,camera,1.209158,61.51997,94703.553588,2.79704,7.06,0.557799,0.365157,0.079772,0.030062
sensor-18,sensor,0.668174,5.057093,2549.769628,0.257238,3.16,0.808441,0.194565,0.248115,0.007833
router-02,router,0.822848,28.453532,65423.678651,2.217257,10.95,0.651615,0.367876,0.1621,0.018197
nvr-01,nvr,1.149736,16.486353,58685.524106,1.457962,3.56,0.755891,0.244113,0.21296,0.013219
access-ctrl-06,access_controller,0.546628,10.197514,14205.255367,0.862445,2.75,0.744986,0.223453,0.250131,0.009043
thermostat-04,thermostat,0.837572,7.342344,4238.245002,0.36281,4.54,0.731106,0.25564,0.221935,0.019765
plug-14,smart_plug,0.42127,3.278484,1495.228953,0.058205,2.12,0.45173,0.53857,0.320991,0.012886
cam-005,camera,1.505707,45.54512,102786.586703,2.743052,7.03,0.694807,0.279836,0.111447,0.034965
sensor-27,sensor,0.391989,4.597249,2508.015971,0.109192,3.02,0.840962,0.136725,0.276074,0.004379
router-02,router,1.031131,26.894892,69415.28297,1.956272,4.69,0.65808,0.322552,0.151975,0.016195
nvr-05,nvr,1.078001,21.746185,57410.000299,1.763476,2.92,0.837687,0.159601,0.213177,0.018307
access-ctrl-07,access_controller,0.607012,8.389825,10192.98762,0.731267,4.93,0.848029,0.119247,0.24406,0.010855
thermostat-04,thermostat,0.773453,5.429326,4810.995391,0.379414,5.37,0.726116,0.243102,0.215402,0.011635
plug-29,smart_plug,0.456951,3.036204,1234.713672,0.109577,0.89,0.563212,0.41925,0.344103,0.011653
cam-005,camera,1.36804,56.55131,86048.588687,1.886776,9.63,0.690113,0.275553,0.108093,0.039342
sensor-21,sensor,0.561721,5.464624,1683.637798,0.068349,2.46,0.885617,0.102427,0.257439,0.010069
router-20,router,0.878111,29.051929,52585.169072,2.344011,9.75,0.66103,0.335662,0.140723,0.021564
nvr-05,nvr,1.131253,20.940604,44185.287103,1.60612,4.63,0.6923,0.302184,0.181472,0.017072
access-ctrl-03,access_controller,0.607397,9.384834,13892.795766,0.82281,0.83,0.789603,0.193376,0.213199,0.006619
thermostat-28,thermostat,0.681952,6.35709,5080.641866,0.446226,4.88,0.74066,0.255684,0.224461,0.011996
plug-11,smart_plug,0.443651,3.296127,984.217491,0.150187,1.83,0.537586,0.478268,0.305941,0.01474
cam-005,camera,1.360014,59.8721,77755.708334,2.191465,9.89,0.627772,0.340818,0.108716,0.03043
sensor-18,sensor,0.627585,2.544594,2740.311499,0.088288,2.42,0.823838,0.117059,0.282884,0.007064
router-20,router,1.007573,28.033186,70193.709046,1.908843,9.25,0.594101,0.411712,0.143073,0.02218
nvr-04,nvr,1.001327,16.845765,38049.615681,1.521394,5.33,0.788606,0.226661,0.16891,0.017193
access-ctrl-04,access_controller,0.646571,10.220175,10588.878547,0.541606,1.67,0.772511,0.235335,0.25544,0.011376
thermostat-04,thermostat,0.676259,4.850639,4004.52285,0.297591,2.74,0.742354,0.221604,0.210677,0.014746
plug-31,smart_plug,0.329879,2.721353,988.608649,0.1275,1.23,0.551768,0.414097,0.358456,0.008871
cam-003,camera,1.32421,49.27943,96344.233157,2.281707,8.01,0.716701,0.286038,0.096401,0.029902
sensor-30,sensor,0.420856,3.585354,1756.354002,0.213229,4.3,0.911468,0.060639,0.304015,0.010779
router-11,router,1.012692,31.202998,51231.072948,1.970261,11.15,0.612231,0.388873,0.135245,0.018494
nvr-03,nvr,1.210411,27.01708,55591.668708,1.130589,7.24,0.695003,0.336078,0.211814,0.01391
access-ctrl-07,access_controller,0.718955,7.423155,13009.202819,0.761685,5.42,0.861392,0.119829,0.247244,0.009402
thermostat-13,thermostat,0.708146,7.951559,4914.878968,0.350852,4.02,0.778249,0.21096,0.234509,0.018474
plug-31,smart_plug,0.486576,2.044976,1647.710201,0.091125,2.79,0.536458,0.441187,0.371832,0.009965
cam-003,camera,1.142109,61.652256,71229.202076,2.620147,7.61,0.67492,0.270376,0.108537,0.040092
sensor-18,sensor,0.605137,3.53238,1112.190022,0.101622,1.36,0.908025,0.086676,0.247652,0.008921
router-05,router,1.020194,36.135685,70285.43715,2.298773,11.06,0.678595,0.332461,0.15807,0.017321
nvr-03,nvr,1.039533,19.705402,57654.847172,1.42704,1.95,0.693447,0.272118,0.166406,0.017799
access-ctrl-02,access_controller,0.774593,9.704464,13826.177873,0.502242,0.78,0.86942,0.082248,0.212478,0.014186
thermostat-28,thermostat,0.675488,6.760278,5445.598304,0.392395,3.51,0.767696,0.180542,0.209299,0.011596
plug-14,smart_plug,0.391276,2.962928,1106.365929,0.10847,1.93,0.50589,0.48472,0.355917,0.014994
cam-002,camera,1.285384,45.529647,87194.794953,2.937254,8.19,0.683195,0.305717,0.088958,0.027359
sensor-18,sensor,0.532059,5.153806,1693.889076,0.090383,0.72,0.824516,0.130544,0.243341,0.012604
router-20,router,0.816655,36.237524,63661.685933,1.569868,5.88,0.706623,0.310602,0.159027,0.025163
nvr-03,nvr,1.252762,17.673004,55039.590385,1.14874,4.1,0.685913,0.268962,0.195368,0.010333
access-ctrl-06,access_controller,0.645376,9.16535,13429.153048,0.821368,2.01,0.790142,0.249195,0.229283,0.006279
thermostat-20,thermostat,0.698265,7.354138,5490.890688,0.402444,0.68,0.750392,0.250748,0.23148,0.018505
plug-31,smart_plug,0.480578,2.642147,1622.864684,0.163622,1.22,0.481397,0.479944,0.314107,0.009965
cam-001,camera,1.474608,58.041938,90506.68863,2.111971,7.92,0.680004,0.344611,0.105447,0.031695
sensor-27,sensor,0.473365,5.413066,1151.260064,0.184969,3.86,0.804912,0.172835,0.285004,0.009359
router-14,router,0.86123,28.030183,60508.86794,2.302665,6.11,0.685786,0.298703,0.154395,0.019936
nvr-04,nvr,0.902216,28.244417,56991.500512,1.127799,5.07,0.726296,0.262482,0.182702,0.015981
access-ctrl-07,access_controller,0.74694,8.535436,11061.760937,0.609263,2.66,0.77117,0.167099,0.263558,0.007829
thermostat-16,thermostat,0.806851,5.929781,4714.916649,0.416153,1.78,0.683313,0.317373,0.213497,0.014838
plug-25,smart_plug,0.49409,2.159085,1474.660536,0.120686,0.0,0.479037,0.529916,0.352358,0.013117
cam-007,camera,1.107807,43.312176,97329.916188,2.529416,7.62,0.668506,0.316687,0.074253,0.03996
sensor-30,sensor,0.664407,4.283536,2298.9181,0.069225,2.78,0.870696,0.136336,0.285427,0.012218
router-11,router,0.940412,31.453673,39966.605642,2.291779,8.82,0.711764,0.239934,0.154818,0.025778
nvr-05,nvr,1.012496,19.615031,35158.385271,1.156713,4.3,0.699575,0.255783,0.164131,0.009464
access-ctrl-05,access_controller,0.668789,7.665895,14759.944621,0.627182,1.36,0.773719,0.22309,0.258713,0.011658
thermostat-13,thermostat,0.788456,7.592375,5558.233678,0.486895,3.48,0.74679,0.285831,0.225012,0.012434
plug-22,smart_plug,0.459236,2.871087,1683.028864,0.11088,1.89,0.459423,0.526344,0.338732,0.010091
cam-005,camera,1.299913,43.991089,103560.588991,1.798701,14.16,0.620258,0.355067,0.090925,0.026363
sensor-24,sensor,0.416126,3.443412,989.746427,0.139211,3.43,0.879662,0.082095,0.284712,0.008133
router-08,router,0.901045,42.623248,58300.769491,2.276422,7.43,0.605565,0.366894,0.1453,0.017943
nvr-02,nvr,1.239375,21.275504,43483.677876,1.71232,4.82,0.701735,0.284601,0.184536,0.015224
access-ctrl-02,access_controller,0.590074,11.573026,9145.52134,0.484128,3.92,0.844265,0.121966,0.21327,0.010803
thermostat-28,thermostat,0.82504,5.841013,5467.169334,0.350721,1.17,0.637489,0.313066,0.220347,0.011575
plug-14,smart_plug,0.465199,2.756261,1115.576395,0.051255,2.44,0.515627,0.442246,0.345469,0.01407
cam-002,camera,1.284461,44.272074,74649.10604,2.422041,9.94,0.668513,0.290579,0.090747,0.02487
sensor-24,sensor,0.514258,5.647783,1819.555321,0.189375,1.42,0.809603,0.189654,0.295371,0.011458
router-11,router,1.078874,32.99443,54852.998654,1.932661,9.19,0.596443,0.345491,0.144812,0.021585
nvr-07,nvr,1.093713,21.09565,58340.920584,1.70412,3.64,0.779755,0.198544,0.175933,0.014131
access-ctrl-07,access_controller,0.751354,7.565974,8948.837856,0.77405,3.23,0.80332,0.197746,0.225051,0.013943
thermostat-20,thermostat,0.723056,7.549316,4477.087405,0.335748,4.57,0.70673,0.251936,0.207672,0.016959
plug-29,smart_plug,0.472184,2.304318,934.835295,0.092328,2.63,0.459824,0.512256,0.346837,0.009819
cam-001,camera,1.11147,63.095409,96641.068527,2.637128,10.33,0.696273,0.326589,0.111627,0.032502
sensor-07,sensor,0.532509,4.848958,1538.419876,0.110547,2.81,0.813662,0.192611,0.306849,0.00578
router-20,router,0.94023,44.959383,54887.593781,1.902269,6.34,0.634514,0.380555,0.15472,0.018287
nvr-06,nvr,1.245583,21.306602,41428.661332,1.64068,6.19,0.820744,0.210315,0.16613,0.010598
access-ctrl-06,access_controller,0.771869,7.966027,11455.268342,0.488584,0.75,0.740863,0.20969,0.221064,0.009598
thermostat-04,thermostat,0.72983,6.665922,4512.633282,0.43748,4.88,0.682367,0.26978,0.205509,0.019046
plug-14,smart_plug,0.397389,3.004207,1333.772655,0.060814,1.41,0.482595,0.480167,0.330929,0.009698
cam-001,camera,1.357814,56.545068,72248.822619,2.778744,9.98,0.682326,0.306506,0.114798,0.036165
sensor-24,sensor,0.439998,4.176847,1937.69244,0.211974,4.1,0.810623,0.204372,0.2705,0.004667
router-11,router,0.797374,36.869757,44491.341717,2.163299,10.08,0.775477,0.245112,0.154372,0.023579
nvr-03,nvr,0.858322,19.273153,53670.253325,1.610444,5.75,0.705273,0.307881,0.212122,0.020538
access-ctrl-03,access_controller,0.565676,7.460992,12575.439308,0.815807,2.73,0.747312,0.204468,0.21408,0.008021
thermostat-04,thermostat,0.780909,8.115862,5666.471646,0.370471,1.42,0.708779,0.278909,0.223796,0.016447
plug-14,smart_plug,0.350113,2.336506,1449.701733,0.152937,2.89,0.501335,0.533031,0.309275,0.013655
cam-003,camera,1.380725,45.149782,98855.881759,2.485459,6.71,0.640595,0.35183,0.100705,0.039991
sensor-07,sensor,0.575793,5.666503,2742.634424,0.185199,3.57,0.810579,0.185975,0.306251,0.007418
router-05,router,0.886068,43.608336,39665.363839,1.823752,6.13,0.748526,0.288594,0.12348,0.02286
nvr-03,nvr,1.220164,30.409192,57540.120143,1.152191,5.45,0.751646,0.259225,0.157498,0.017975
access-ctrl-07,access_controller,0.667186,10.898833,11545.529331,0.478277,1.37,0.803573,0.180731,0.22077,0.006268
thermostat-28,thermostat,0.730353,5.709515,4422.324397,0.279277,5.07,0.752682,0.225309,0.243826,0.015756
plug-31,smart_plug,0.320193,3.484479,1494.388762,0.070089,0.63,0.525293,0.434121,0.360374,0.008824
cam-003,camera,1.428984,60.920533,108978.038666,2.693816,11.35,0.678076,0.282284,0.103219,0.024636
sensor-24,sensor,0.676594,5.171794,2738.930371,0.2777,4.39,0.902248,0.070157,0.278782,0.007271
router-08,router,0.771606,38.625755,64315.048015,2.308822,9.77,0.626018,0.390547,0.129828,0.028268
nvr-05,nvr,1.091433,19.445347,38185.026408,1.31621,6.28,0.757655,0.275594,0.170769,0.01015
access-ctrl-07,access_controller,0.680886,9.297376,12575.368181,0.852911,3.25,0.861616,0.157602,0.243777,0.011007
thermostat-24,thermostat,0.784338,5.902002,5421.388016,0.473613,4.34,0.747261,0.236177,0.227515,0.019922
plug-11,smart_plug,0.361384,2.632278,1789.870953,0.132082,2.11,0.513565,0.468147,0.307833,0.011907
cam-007,camera,1.463313,47.495415,92789.496182,2.912517,14.38,0.679107,0.36733,0.099514,0.032678
sensor-18,sensor,0.479045,3.557889,1772.815294,0.204142,1.42,0.852496,0.100233,0.322439,0.00513
router-20,router,0.879652,28.181563,58390.281215,2.019541,12.39,0.683347,0.284042,0.12528,0.031522
nvr-03,nvr,0.897273,17.641917,40978.594243,1.529702,3.32,0.747361,0.216763,0.210554,0.011386
access-ctrl-07,access_controller,0.652515,12.06433,11568.850442,0.578895,1.88,0.807994,0.15587,0.245003,0.009079
thermostat-20,thermostat,0.847717,6.762394,3915.011226,0.521319,5.18,0.666673,0.33345,0.211161,0.012924
plug-11,smart_plug,0.329949,2.944885,795.739279,0.136275,1.57,0.471368,0.540332,0.306748,0.01313
cam-006,camera,1.439973,50.90365,103437.742872,2.846948,10.43,0.55357,0.398963,0.092641,0.036109
sensor-30,sensor,0.635076,3.033866,2520.342262,0.280739,1.9,0.845243,0.154123,0.28257,0.009489
router-17,router,0.977529,45.476019,55082.587097,1.866334,7.03,0.634688,0.319761,0.116574,0.016288
nvr-02,nvr,1.026872,23.760211,51349.317478,1.291189,5.14,0.715153,0.226473,0.166212,0.016103
access-ctrl-01,access_controller,0.530034,7.347862,13733.423346,0.626977,2.15,0.818493,0.148959,0.228611,0.014389
thermostat-28,thermostat,0.695935,6.15633,3578.562202,0.320796,2.28,0.686766,0.284187,0.201648,0.011828
plug-25,smart_plug,0.449941,3.012823,907.179164,0.154126,2.25,0.510599,0.447891,0.348178,0.01006
cam-004,camera,1.053807,60.651588,71418.497395,2.208792,12.4,0.65156,0.287684,0.097671,0.03999
sensor-07,sensor,0.527882,4.763175,2742.989804,0.235108,1.83,0.892432,0.09284,0.29077,0.005019
router-20,router,0.869615,30.178224,50293.761999,2.364543,3.57,0.699418,0.298973,0.164052,0.029547
nvr-05,nvr,0.953732,24.115718,38475.00598,1.259888,5.0,0.738465,0.307865,0.184711,0.019013
access-ctrl-04,access_controller,0.610954,8.271419,10298.694619,0.617221,4.98,0.845575,0.137588,0.252263,0.012805
thermostat-04,thermostat,0.745575,8.220689,4802.253319,0.37866,3.53,0.72288,0.265263,0.228447,0.016284
plug-31,smart_plug,0.476558,4.207384,1546.083921,0.1005,0.42,0.519398,0.51787,0.324502,0.009361
cam-002,camera,1.097653,61.700664,68855.396448,2.24894,11.56,0.695662,0.285377,0.075865,0.033141
sensor-21,sensor,0.618721,5.706963,2162.19442,0.194289,2.41,0.768036,0.216881,0.33138,0.006718
router-20,router,1.072571,24.710935,61578.680826,2.31394,6.22,0.626626,0.357305,0.119264,0.023844
nvr-06,nvr,0.955946,28.614944,32974.920246,1.541128,3.77,0.747132,0.226399,0.157338,0.010827
access-ctrl-06,access_controller,0.779016,10.355047,9952.170942,0.751053,3.52,0.727614,0.237817,0.256457,0.009816
thermostat-16,thermostat,0.640008,6.01554,5492.523147,0.281711,4.75,0.726299,0.259441,0.230403,0.020953
plug-11,smart_plug,0.351566,3.499026,1072.419087,0.132702,0.0,0.456231,0.502617,0.361896,0.013474
cam-005,camera,1.269807,49.555674,69967.446714,2.13521,13.1,0.626476,0.383822,0.08799,0.025395
sensor-18,sensor,0.40572,5.214287,1998.825373,0.260154,0.31,0.896673,0.072344,0.248784,0.005448
router-08,router,0.760667,37.397453,52635.493364,2.276499,11.64,0.710584,0.233955,0.135239,0.027487
nvr-02,nvr,0.97951,27.402958,32990.99106,1.669901,5.21,0.670089,0.282488,0.16024,0.018122
access-ctrl-05,access_controller,0.670052,7.909005,12455.298437,0.730751,4.64,0.874198,0.084356,0.207055,0.00801
thermostat-13,thermostat,0.830805,5.925395,5147.494865,0.47378,0.86,0.727147,0.247899,0.197192,0.01991
plug-25,smart_plug,0.42883,2.184752,1615.14838,0.141073,2.96,0.508332,0.449668,0.34885,0.009484
cam-007,camera,1.205902,54.303845,89530.615897,2.736734,8.72,0.677067,0.323292,0.105263,0.030466
sensor-27,sensor,0.503886,5.970169,2169.145002,0.277173,4.1,0.812857,0.158802,0.240457,0.00449
router-02,router,0.836814,43.266882,64100.492784,1.974425,8.05,0.661058,0.304942,0.143637,0.022194
nvr-02,nvr,1.275127,26.398668,47910.939635,1.229467,4.15,0.7091,0.269729,0.153508,0.016739
access-ctrl-07,access_controller,0.749017,9.900742,13693.727101,0.524163,1.43,0.838367,0.171347,0.24344,0.012696
thermostat-20,thermostat,0.815407,7.835071,3739.080595,0.442958,1.74,0.681798,0.269299,0.216614,0.013214
plug-25,smart_plug,0.374309,2.110333,1773.450118,0.122615,1.8,0.458896,0.46322,0.314445,0.013276
cam-005,camera,1.227449,63.126164,89795.28234,1.994389,13.12,0.555496,0.40042,0.082019,0.026305
sensor-24,sensor,0.640512,5.431254,2517.70617,0.11309,1.95,0.913441,0.078444,0.285528,0.005002
router-05,router,0.91575,41.203297,47536.872018,1.868279,10.18,0.734765,0.28823,0.153123,0.014623
nvr-03,nvr,1.294098,28.221748,52715.722805,1.728458,5.38,0.769568,0.165682,0.197161,0.018901
access-ctrl-05,access_controller,0.792449,10.196186,9024.428233,0.515711,4.31,0.837701,0.167178,0.270488,0.011692
thermostat-24,thermostat,0.602066,7.170528,5445.207559,0.332134,0.6,0.657879,0.290374,0.228731,0.016853
plug-22,smart_plug,0.398279,3.120369,1640.035107,0.140188,1.87,0.501777,0.453404,0.31051,0.011352
cam-003,camera,1.193659,57.973408,70721.339685,2.286896,12.78,0.571051,0.377506,0.075697,0.027529
sensor-18,sensor,0.631223,5.756243,2913.608095,0.079661,1.75,0.863463,0.118894,0.254845,0.009827
router-02,router,0.913712,27.585383,49911.007391,2.056477,6.42,0.650662,0.28866,0.152447,0.024975
nvr-06,nvr,1.296832,26.478152,39225.764427,1.641851,3.37,0.729974,0.220411,0.170992,0.017487
access-ctrl-01,access_controller,0.695213,7.85838,12227.794878,0.489759,0.95,0.814093,0.1735,0.225936,0.007982
thermostat-04,thermostat,0.845401,5.978882,4075.882351,0.324932,3.75,0.677573,0.267531,0.238302,0.015788
plug-19,smart_plug,0.360224,2.601465,1163.755594,0.121466,0.66,0.551065,0.431927,0.343928,0.012305
cam-006,camera,1.241808,58.139286,95781.941921,2.709594,9.83,0.689867,0.351138,0.082711,0.025713
sensor-27,sensor,0.404331,4.835581,2687.688221,0.285542,2.49,0.934691,0.068347,0.307426,0.010073
router-05,router,1.100493,26.171036,64233.517408,1.690061,4.95,0.73808,0.228734,0.145649,0.020728
nvr-04,nvr,1.253003,19.0772,38735.75232,1.253897,3.72,0.802704,0.159142,0.15919,0.013174
access-ctrl-03,access_controller,0.712206,12.05123,13726.327201,0.507148,3.57,0.801415,0.19449,0.21077,0.01194
thermostat-13,thermostat,0.787484,5.722191,3719.940037,0.285348,3.8,0.666065,0.302615,0.224906,0.015391
plug-22,smart_plug,0.421271,3.506551,1050.700204,0.087314,2.51,0.48401,0.463521,0.334519,0.009578
cam-005,camera,1.240033,47.209008,102441.647164,2.391721,13.08,0.566634,0.418082,0.105232,0.029986
sensor-12,sensor,0.447439,4.190078,1444.992623,0.10208,1.95,0.799578,0.210905,0.28802,0.010756
router-14,router,1.01832,26.546975,69014.425941,2.087164,5.06,0.731791,0.247108,0.137184,0.017622
nvr-04,nvr,1.248005,18.93163,55099.611135,1.437461,5.99,0.766029,0.213799,0.160507,0.01477
access-ctrl-05,access_controller,0.79252,7.366186,14346.242818,0.799426,2.82,0.746803,0.249684,0.230689,0.013825
thermostat-24,thermostat,0.778376,6.827575,3459.87065,0.30789,3.13,0.685139,0.308491,0.233505,0.016214
plug-29,smart_plug,0.414671,3.044557,1124.016674,0.13972,2.46,0.484896,0.51684,0.315344,0.014261
cam-006,camera,1.191933,50.153736,108121.303718,2.719945,8.55,0.61701,0.385075,0.093413,0.023015
sensor-24,sensor,0.605065,2.824866,1442.283097,0.090735,2.96,0.839719,0.13188,0.304758,0.003241
router-05,router,0.766242,35.964732,55754.283259,1.773198,10.62,0.621358,0.345357,0.131457,0.022352
nvr-03,nvr,0.948811,26.335641,49317.602225,1.653253,2.9,0.725627,0.272904,0.196621,0.019891
access-ctrl-03,access_controller,0.536991,8.25902,9855.233265,0.478565,3.35,0.828557,0.159278,0.258977,0.008354
thermostat-09,thermostat,0.84888,6.232765,5754.652193,0.275822,1.97,0.687237,0.251878,0.198066,0.014453
plug-14,smart_plug,0.488454,2.388368,1405.993318,0.163837,0.52,0.567896,0.432822,0.327377,0.012433
cam-005,camera,1.349093,47.375243,90374.86067,2.080063,9.54,0.64908,0.360148,0.101722,0.023597
sensor-07,sensor,0.567296,4.090321,2578.851879,0.215542,3.97,0.873442,0.072283,0.28211,0.007205
router-20,router,0.83296,45.038703,74422.51437,1.655766,8.5,0.651195,0.338051,0.158717,0.029713
nvr-02,nvr,1.125724,30.342168,58071.955795,1.74588,7.24,0.741881,0.234914,0.196348,0.016284
access-ctrl-01,access_controller,0.672732,11.358458,13163.197006,0.890601,2.97,0.843304,0.110265,0.263596,0.012435
thermostat-24,thermostat,0.743879,5.658144,3908.874484,0.353124,4.8,0.753567,0.239392,0.210308,0.014406
plug-29,smart_plug,0.465378,2.82016,737.842234,0.160748,0.37,0.531317,0.480203,0.350028,0.00902
cam-004,camera,1.434681,43.006973,74997.354908,2.841809,9.94,0.568984,0.393718,0.079286,0.030737
sensor-30,sensor,0.409196,2.995729,1998.645665,0.081476,1.15,0.803288,0.157448,0.297756,0.00549
router-11,router,0.77775,39.814352,55016.134453,2.007279,10.15,0.605608,0.339551,0.128421,0.030761
nvr-05,nvr,0.887911,21.198307,41450.310977,1.307614,3.97,0.839216,0.165112,0.192126,0.017918
access-ctrl-05,access_controller,0.623198,9.257185,14365.086754,0.700121,5.24,0.75667,0.212761,0.226103,0.011898
thermostat-16,thermostat,0.839631,7.740074,5555.262568,0.492713,3.8,0.649865,0.295908,0.229091,0.01431
plug-11,smart_plug,0.45956,2.722598,1606.909593,0.11206,1.89,0.453625,0.513001,0.306493,0.013574
cam-002,camera,1.334785,62.480187,76858.476855,2.48994,13.77,0.577755,0.378481,0.107081,0.041853
sensor-12,sensor,0.621849,3.437751,1429.499675,0.189588,1.58,0.858331,0.175282,0.261696,0.00699
router-17,router,0.781672,30.765173,67971.095552,1.857853,10.96,0.668414,0.283696,0.129137,0.018371
nvr-02,nvr,1.006503,19.774037,41310.156655,1.33026,4.47,0.757541,0.210864,0.162489,0.013125
access-ctrl-05,access_controller,0.564266,11.991569,10955.163618,0.681146,5.44,0.87361,0.111156,0.238231,0.012601
thermostat-04,thermostat,0.612827,4.974986,4849.353398,0.310597,4.46,0.702635,0.252412,0.199739,0.015135
plug-11,smart_plug,0.459041,2.554218,1693.4052,0.091224,3.4,0.434053,0.555054,0.333601,0.011207
cam-006,camera,1.160026,61.907583,85870.94425,2.560586,10.32,0.574386,0.420309,0.105928,0.039432
sensor-18,sensor,0.543309,3.805316,2134.259372,0.192045,2.03,0.831635,0.17681,0.261278,0.008519
router-20,router,0.832281,39.055263,70292.550512,2.06051,5.82,0.728456,0.274663,0.145078,0.020914
nvr-04,nvr,1.147985,20.118138,32235.215921,1.074132,3.53,0.771511,0.199374,0.158288,0.0189
access-ctrl-06,access_controller,0.689659,9.500109,12839.568239,0.83999,3.52,0.745281,0.22618,0.23001,0.008409
thermostat-04,thermostat,0.816192,5.405313,4103.629456,0.469838,2.04,0.742603,0.224146,0.234655,0.016911
plug-29,smart_plug,0.373302,3.602239,1210.996321,0.112928,0.0,0.466197,0.505695,0.357054,0.01366
cam-004,camera,1.231071,43.47415,82385.306372,2.539463,10.82,0.669863,0.306766,0.103822,0.03785
sensor-12,sensor,0.605313,3.751881,2823.993824,0.099425,1.16,0.851943,0.100543,0.292864,0.00985
router-05,router,0.984621,32.81349,40393.879261,1.941886,3.59,0.610811,0.364793,0.118181,0.019137
nvr-06,nvr,1.143392,20.978395,51168.360398,1.360636,4.54,0.806118,0.17973,0.209331,0.012093
access-ctrl-07,access_controller,0.746134,11.665305,10403.01192,0.670275,4.26,0.878373,0.104823,0.242002,0.011891
thermostat-16,thermostat,0.732033,8.390981,5287.120613,0.349004,2.37,0.731897,0.211085,0.245846,0.017367
plug-14,smart_plug,0.471504,2.38225,1431.877874,0.058607,1.93,0.469595,0.496718,0.316924,0.011958
cam-007,camera,1.465682,44.925805,88501.362301,1.977426,8.72,0.575374,0.419506,0.077892,0.024762
sensor-07,sensor,0.443057,3.523677,1061.103593,0.178111,2.6,0.773139,0.196283,0.312843,0.006401
router-08,router,1.080952,33.886283,42850.94521,2.184494,11.18,0.587072,0.383257,0.138724,0.015096
nvr-04,nvr,1.049066,29.411127,44028.271144,1.30011,2.79,0.815187,0.153708,0.168278,0.016343
access-ctrl-07,access_controller,0.643722,7.925105,13058.383267,0.53489,2.26,0.745886,0.234935,0.21712,0.008047
thermostat-20,thermostat,0.760025,5.902006,4548.55517,0.464398,1.51,0.694891,0.329623,0.235529,0.015693
plug-14,smart_plug,0.349669,3.696168,715.342351,0.09116,0.0,0.54759,0.480667,0.310762,0.008332
cam-005,camera,1.158581,66.473637,86569.399734,2.710408,11.15,0.554292,0.381954,0.106439,0.038165
sensor-21,sensor,0.476317,5.310955,1536.911628,0.227909,1.08,0.772377,0.160394,0.311661,0.011715
router-17,router,0.982169,35.650134,42668.36204,1.944994,5.53,0.728406,0.276811,0.116632,0.028452
nvr-04,nvr,1.158603,21.674729,40134.98478,1.781495,5.18,0.794289,0.190258,0.203662,0.013121
access-ctrl-03,access_controller,0.687962,9.137148,8723.643277,0.742078,3.08,0.769732,0.220988,0.262323,0.007326
thermostat-24,thermostat,0.657099,6.890085,4758.655548,0.326967,2.74,0.672302,0.328707,0.221858,0.015663
plug-25,smart_plug,0.488313,3.24851,1413.395102,0.132962,0.0,0.476805,0.545081,0.343775,0.014815
cam-001,camera,1.389251,65.044919,80576.694389,2.051856,10.23,0.679785,0.291885,0.090897,0.027618
sensor-07,sensor,0.42669,3.232691,1416.72427,0.218468,2.29,0.912018,0.118455,0.277099,0.005803
router-08,router,1.000419,40.240118,55408.771398,2.307953,10.69,0.704561,0.243745,0.159824,0.021464
nvr-02,nvr,1.013928,26.89821,52100.509135,1.341564,4.46,0.720067,0.290522,0.219365,0.018504
access-ctrl-06,access_controller,0.712606,8.70691,11395.943909,0.511711,2.78,0.856914,0.145987,0.256499,0.008142
thermostat-09,thermostat,0.70524,6.797214,4635.172276,0.305696,3.12,0.736229,0.231463,0.221696,0.014126
plug-22,smart_plug,0.455159,3.575613,1027.954813,0.079125,0.31,0.473188,0.498374,0.34368,0.00921
cam-003,camera,1.240175,67.351612,87511.396162,1.963099,12.25,0.57766,0.378379,0.077842,0.041137
sensor-21,sensor,0.416834,5.68106,1810.271962,0.107712,0.78,0.852715,0.162492,0.292623,0.007596
router-02,router,1.05853,37.445578,45780.180861,1.789687,7.71,0.778148,0.208151,0.146374,0.018985
nvr-06,nvr,1.254816,17.035924,38252.62581,1.109543,3.13,0.714069,0.230209,0.184989,0.011116
access-ctrl-04,access_controller,0.594754,8.725007,14636.474484,0.603526,3.52,0.782985,0.219931,0.234293,0.01155
thermostat-20,thermostat,0.664953,6.732086,5360.1113,0.47802,3.71,0.721824,0.279773,0.211525,0.019945
plug-11,smart_plug,0.494619,2.390963,733.706964,0.078248,1.87,0.491079,0.480475,0.364752,0.010251
cam-004,camera,1.105577,48.710816,70854.809454,2.083965,8.84,0.602494,0.424227,0.102355,0.028171
sensor-12,sensor,0.588076,4.212028,1113.450906,0.089192,2.76,0.791997,0.18116,0.28497,0.011868
router-02,router,0.845192,29.345522,54382.667136,2.053477,6.16,0.701322,0.285629,0.16161,0.021292
nvr-02,nvr,1.248561,27.619463,43097.359706,1.290011,5.32,0.667248,0.304404,0.198111,0.013576
access-ctrl-06,access_controller,0.684304,10.597728,10188.048676,0.724121,3.83,0.768063,0.19391,0.218834,0.012662
thermostat-13,thermostat,0.851883,7.55058,3838.729851,0.347087,1.08,0.664005,0.300157,0.223958,0.015038
plug-25,smart_plug,0.442753,2.53368,1814.47434,0.117008,0.16,0.442244,0.522048,0.331353,0.008269
cam-001,camera,1.037266,53.18385,72851.158188,2.785271,6.65,0.550347,0.372807,0.102791,0.037959
sensor-07,sensor,0.401232,4.696011,2703.789184,0.12922,1.7,0.895408,0.114902,0.250885,0.00411
router-11,router,0.935969,40.582075,71927.160003,1.563134,6.08,0.676364,0.300619,0.119517,0.022457
nvr-03,nvr,1.049036,27.122772,44877.542214,1.274462,5.48,0.711443,0.320398,0.170926,0.010735
access-ctrl-01,access_controller,0.628412,9.548371,9493.894397,0.851755,2.35,0.786987,0.165589,0.243052,0.008274
thermostat-13,thermostat,0.795422,7.905183,5556.189158,0.348159,1.36,0.704924,0.281798,0.201048,0.01594
plug-11,smart_plug,0.491369,2.203083,1363.08426,0.099521,3.26,0.461899,0.521519,0.337982,0.013502
cam-002,camera,1.204798,46.945797,77323.827626,2.091691,11.79,0.584168,0.359668,0.077252,0.04303
sensor-30,sensor,0.448417,5.149402,1069.12098,0.069977,2.35,0.791327,0.157987,0.268784,0.008764
router-17,router,0.997094,29.199601,47503.369695,2.266326,4.73,0.699773,0.273141,0.129784,0.023562
nvr-06,nvr,1.089012,16.700985,52948.103626,1.093718,5.21,0.789846,0.19993,0.174839,0.013545
access-ctrl-01,access_controller,0.545701,7.671485,13883.20852,0.674964,4.18,0.822488,0.141293,0.238232,0.012031
thermostat-24,thermostat,0.750387,7.493397,4360.624509,0.401215,2.51,0.690334,0.280052,0.195076,0.015771
plug-19,smart_plug,0.389572,3.490496,857.905007,0.168886,0.34,0.479277,0.495398,0.332068,0.013596
cam-004,camera,1.457095,52.110791,89206.641462,2.109422,13.78,0.578283,0.410786,0.087705,0.027474
sensor-24,sensor,0.622198,4.787216,2867.392748,0.080108,1.33,0.817422,0.173771,0.307678,0.009084
router-05,router,0.917316,35.117011,48262.718443,1.636333,4.27,0.604846,0.378041,0.14454,0.022775
nvr-02,nvr,1.111954,25.28082,58426.975341,1.182063,3.7,0.799547,0.232936,0.154086,0.019746
access-ctrl-07,access_controller,0.650684,9.260129,14570.482128,0.700984,3.86,0.90547,0.100016,0.244941,0.009022
thermostat-13,thermostat,0.710725,7.722556,4933.78186,0.302697,3.01,0.673104,0.277403,0.205692,0.015824
plug-29,smart_plug,0.450093,3.207587,1006.558103,0.098367,1.24,0.506021,0.475488,0.351194,0.011423
cam-003,camera,1.202476,56.990235,78581.359718,2.302064,13.71,0.642051,0.38326,0.110425,0.032866
sensor-27,sensor,0.56897,3.433516,1816.17385,0.081717,4.23,0.838542,0.186566,0.240639,0.007542
router-14,router,1.076898,43.682017,61735.01058,2.025149,11.78,0.690575,0.3185,0.135219,0.017941
nvr-06,nvr,0.90373,21.091511,57276.801794,1.467061,5.59,0.761616,0.242107,0.169038,0.014963
access-ctrl-03,access_controller,0.775311,9.130621,11647.202442,0.494235,1.47,0.801314,0.160245,0.261863,0.011276
thermostat-16,thermostat,0.754583,7.587511,5605.533701,0.312751,4.18,0.7859,0.235891,0.200541,0.010803
plug-22,smart_plug,0.385091,2.915353,1037.15684,0.098121,0.68,0.474184,0.48578,0.357664,0.009924
cam-007,camera,1.197821,45.146376,76143.747487,1.884364,13.24,0.586004,0.420538,0.089618,0.025346
sensor-30,sensor,0.642559,4.610076,1826.924711,0.273616,0.0,0.872146,0.137947,0.256074,0.009545
router-05,router,0.777362,42.138413,67069.459462,2.142926,11.1,0.639342,0.348478,0.121247,0.01681
nvr-01,nvr,1.264021,17.881349,32709.242861,1.246797,3.56,0.829892,0.208349,0.203822,0.016542
access-ctrl-07,access_controller,0.667848,10.573197,14049.926079,0.865238,1.56,0.786937,0.196505,0.232531,0.013837
thermostat-28,thermostat,0.718989,7.843301,5291.296951,0.443087,2.96,0.736351,0.21012,0.220754,0.015215
plug-31,smart_plug,0.401695,3.501865,1530.979544,0.08198,2.73,0.436676,0.547181,0.362658,0.011395
cam-007,camera,1.200023,48.153315,88259.996135,1.802863,8.67,0.556699,0.408289,0.095009,0.034932
sensor-07,sensor,0.574583,4.417093,1369.921749,0.245827,0.0,0.852982,0.151662,0.334136,0.009517
router-05,router,0.758699,39.437566,50393.959476,1.595953,7.82,0.65526,0.35949,0.151563,0.025308
nvr-03,nvr,0.985345,17.946635,56759.228928,1.382416,1.84,0.663264,0.315945,0.172368,0.015262
access-ctrl-02,access_controller,0.739139,7.977763,13097.840027,0.740585,2.12,0.851055,0.153895,0.257942,0.009131
thermostat-20,thermostat,0.64651,6.069883,4116.712246,0.431236,4.15,0.699077,0.296224,0.217255,0.018685
plug-31,smart_plug,0.32656,2.875016,1642.669315,0.087404,0.0,0.470459,0.524767,0.354539,0.01413
cam-005,camera,1.179939,64.871014,100955.250394,2.728644,8.12,0.605379,0.37554,0.08986,0.0262
sensor-30,sensor,0.522067,3.881756,2438.960102,0.099833,0.68,0.860933,0.061986,0.281666,0.005033
router-17,router,0.866445,34.110306,62447.986155,2.189276,7.48,0.705277,0.290351,0.159579,0.022561
nvr-06,nvr,1.16989,22.400051,36992.069626,1.160416,3.43,0.70004,0.271315,0.178374,0.017969
access-ctrl-02,access_controller,0.601618,10.984048,9391.001979,0.770417,3.49,0.879465,0.097895,0.220062,0.010748
thermostat-13,thermostat,0.65635,7.477578,4720.943195,0.410225,4.37,0.667512,0.294919,0.236411,0.019819
plug-14,smart_plug,0.361509,3.480065,757.103436,0.111348,0.25,0.492603,0.505663,0.303624,0.015837
cam-001,camera,1.135761,48.236762,73198.678711,2.356868,14.57,0.622522,0.331292,0.110298,0.02685
sensor-21,sensor,0.480035,3.898998,2569.044178,0.069746,2.6,0.816498,0.19078,0.325956,0.008747
router-05,router,0.815699,40.044537,70405.06722,1.711028,5.94,0.671137,0.303011,0.150563,0.015997
nvr-01,nvr,1.201279,19.139782,46834.069342,1.37264,7.5,0.777644,0.233849,0.150707,0.010806
access-ctrl-07,access_controller,0.578733,7.522305,11476.872878,0.457454,3.26,0.757761,0.214889,0.261044,0.009969
thermostat-13,thermostat,0.655797,6.037163,5289.509821,0.430361,0.65,0.735394,0.24629,0.195664,0.018332
plug-31,smart_plug,0.477429,2.517982,1343.400053,0.099502,0.0,0.477222,0.525885,0.315571,0.012354
cam-005,camera,1.228263,46.057444,83483.948446,2.899394,14.34,0.589438,0.379259,0.107613,0.033206
sensor-18,sensor,0.667603,3.610403,1956.011147,0.172565,1.7,0.91191,0.083989,0.30527,0.01142
router-05,router,0.907321,26.395288,58189.245858,1.822734,4.4,0.664824,0.301512,0.122589,0.015895
nvr-02,nvr,1.222139,27.23076,56870.666967,1.522152,2.1,0.681673,0.291376,0.216379,0.017169
access-ctrl-05,access_controller,0.68974,11.532106,14461.730202,0.522142,2.37,0.72298,0.248733,0.235774,0.00986
thermostat-28,thermostat,0.743894,7.653325,4036.95228,0.282472,3.88,0.774471,0.23968,0.202193,0.011741
plug-29,smart_plug,0.435962,2.108067,800.213794,0.10748,0.11,0.488692,0.509742,0.304512,0.011271
cam-001,camera,1.223189,45.572177,105059.231465,2.79672,11.43,0.729969,0.253025,0.081306,0.041703
sensor-12,sensor,0.533722,5.477505,1938.383218,0.197954,3.41,0.858938,0.113337,0.271726,0.005674
router-05,router,0.777303,30.327253,40267.466203,1.931459,5.33,0.678024,0.327343,0.137007,0.031811
nvr-04,nvr,0.914517,29.620258,49251.257156,1.419476,4.83,0.825273,0.21874,0.208016,0.020975
access-ctrl-05,access_controller,0.694541,7.916091,9233.484548,0.70208,2.48,0.77476,0.226115,0.259198,0.012817
thermostat-20,thermostat,0.741783,7.211315,3671.765611,0.308607,2.96,0.785869,0.234921,0.241036,0.016542
plug-31,smart_plug,0.439019,3.202332,1183.819184,0.092373,0.97,0.427231,0.509802,0.316697,0.008145
cam-002,camera,1.138714,50.481428,103135.087033,2.585134,8.54,0.609772,0.379752,0.098837,0.03995
sensor-12,sensor,0.617661,3.567516,2211.99348,0.11702,1.23,0.809794,0.21796,0.287766,0.010667
router-05,router,1.03754,32.644784,66433.851407,1.812122,8.09,0.709057,0.252598,0.155587,0.024597
nvr-04,nvr,1.216478,26.468629,53046.974146,1.568541,5.85,0.832997,0.120005,0.162732,0.017863
access-ctrl-02,access_controller,0.707611,10.789024,13241.908908,0.557301,2.18,0.789187,0.24538,0.264981,0.013384
thermostat-09,thermostat,0.768634,7.419609,4729.4257,0.402599,2.86,0.767792,0.258647,0.235629,0.019707
plug-31,smart_plug,0.37026,3.218786,1507.439841,0.092489,0.0,0.522293,0.450827,0.325406,0.011767
cam-007,camera,1.141409,63.388898,88811.984947,2.318087,11.56,0.680087,0.260779,0.101452,0.036494
sensor-21,sensor,0.580525,5.638769,1899.444948,0.137989,1.65,0.887149,0.110145,0.266917,0.004333
router-05,router,1.097081,29.476248,58238.671517,1.886915,9.65,0.610678,0.34475,0.157039,0.026025
nvr-04,nvr,0.870046,24.667972,56450.080708,1.203625,1.56,0.745668,0.256252,0.177012,0.021092
access-ctrl-05,access_controller,0.617836,11.098994,8747.889407,0.501096,1.65,0.886137,0.136031,0.24749,0.01208
thermostat-28,thermostat,0.74061,7.994378,5377.154512,0.298188,4.35,0.677701,0.311602,0.213678,0.01989
plug-14,smart_plug,0.461117,3.328917,1285.102982,0.110713,1.51,0.57825,0.432928,0.334814,0.012419
cam-002,camera,1.110111,52.156064,102223.343418,2.087295,5.9,0.65333,0.281392,0.085418,0.0286
sensor-30,sensor,0.57176,3.800715,1045.453244,0.087588,1.81,0.83592,0.132554,0.268495,0.00721
router-02,router,1.018958,40.713919,56571.937237,2.353357,10.54,0.717049,0.251957,0.112189,0.022678
nvr-03,nvr,1.162047,21.66667,42247.466505,1.614664,1.74,0.711982,0.28137,0.193786,0.01178
access-ctrl-02,access_controller,0.60513,8.911054,11684.58714,0.554574,2.64,0.849781,0.12396,0.208993,0.011239
thermostat-20,thermostat,0.86485,5.766341,4523.739816,0.498645,4.55,0.699267,0.308804,0.221494,0.017201
plug-19,smart_plug,0.499112,3.78464,1766.601985,0.157817,2.63,0.427776,0.573585,0.346272,0.012113
cam-007,camera,1.32252,54.450346,92507.573406,2.901067,10.19,0.664796,0.305043,0.093799,0.039575
sensor-30,sensor,0.68298,5.624291,2759.432073,0.241103,2.76,0.94756,0.078234,0.292483,0.006265
router-20,router,0.835335,32.796898,57059.027015,1.979009,6.27,0.621798,0.378573,0.142828,0.022769
nvr-01,nvr,1.298421,16.698424,45812.132144,1.159037,6.17,0.776905,0.192965,0.202632,0.011803
access-ctrl-01,access_controller,0.633497,9.168804,12738.974365,0.495971,3.69,0.776038,0.170502,0.217872,0.014462
thermostat-13,thermostat,0.716258,5.949109,4953.298451,0.285928,1.52,0.692701,0.277241,0.229854,0.019173
plug-25,smart_plug,0.392161,2.264474,1627.729011,0.071011,1.42,0.41859,0.518115,0.357307,0.013678
cam-004,camera,1.314708,50.903782,98963.322565,2.897404,7.9,0.625847,0.343876,0.089859,0.036322
sensor-27,sensor,0.647592,2.881282,905.837248,0.12156,0.79,0.807983,0.18802,0.267551,0.010629
router-08,router,0.719697,38.22463,51322.949164,1.609513,11.44,0.675432,0.278224,0.11573,0.023494
nvr-02,nvr,1.284698,17.270592,51671.720577,1.613313,6.04,0.757461,0.190977,0.1917,0.011437
access-ctrl-02,access_controller,0.734172,7.728799,11097.480693,0.64857,4.16,0.820716,0.185725,0.208717,0.008812
thermostat-04,thermostat,0.838054,7.44312,4944.522155,0.332848,1.98,0.709702,0.268894,0.198889,0.012024
plug-11,smart_plug,0.442113,3.08296,1588.077851,0.142859,1.43,0.485383,0.506859,0.303248,0.012727
cam-007,camera,1.038011,54.1441,86333.547318,1.670055,6.09,0.597987,0.383773,0.08602,0.036922
sensor-07,sensor,0.535932,4.615131,2419.833632,0.219224,1.54,0.928089,0.03541,0.259954,0.009188
router-08,router,1.045165,43.001226,48368.355031,2.249271,4.89,0.69534,0.254503,0.147708,0.027653
nvr-04,nvr,1.23571,21.887444,51314.481766,1.285147,4.7,0.781922,0.155824,0.173179,0.020389
access-ctrl-03,access_controller,0.586673,11.777017,10604.693852,0.820822,1.87,0.836015,0.154797,0.234999,0.010049
thermostat-09,thermostat,0.642902,5.665068,5104.379723,0.369433,3.04,0.754277,0.192888,0.222706,0.01977
plug-29,smart_plug,0.401289,2.748728,958.666728,0.140901,1.29,0.520233,0.4776,0.350986,0.012014
cam-006,camera,1.132544,41.836874,91738.93799,2.441742,12.74,0.698696,0.278443,0.087192,0.031084
sensor-24,sensor,0.393865,4.94883,2112.898302,0.240917,1.99,0.876208,0.095949,0.304215,0.008379
router-20,router,0.825425,34.084591,47005.673037,1.887625,8.86,0.697996,0.253931,0.145072,0.020578
nvr-05,nvr,1.059911,16.558257,59221.981479,1.533461,3.79,0.728929,0.296086,0.220105,0.01292
access-ctrl-04,access_controller,0.584082,8.849494,9624.687907,0.558555,2.92,0.854205,0.145983,0.229219,0.008442
thermostat-13,thermostat,0.664331,6.559165,5636.426641,0.36419,2.05,0.744514,0.225082,0.201781,0.016131
plug-11,smart_plug,0.392734,2.754296,855.038163,0.140137,0.38,0.462745,0.497815,0.358405,0.011209
cam-007,camera,1.131713,61.504386,86641.573355,2.546107,11.49,0.629265,0.325046,0.091851,0.02538
sensor-12,sensor,0.567014,5.165369,1118.155344,0.099655,0.81,0.911384,0.07734,0.253383,0.008919
router-08,router,0.899262,26.196124,73303.109116,2.451732,7.45,0.722807,0.239284,0.126035,0.016865
nvr-05,nvr,1.259406,29.587278,36406.611758,1.299436,3.9,0.793101,0.186354,0.190016,0.021452
access-ctrl-04,access_controller,0.546475,11.469909,10919.046325,0.830829,3.69,0.801697,0.168159,0.255164,0.011117
thermostat-04,thermostat,0.710393,6.452596,3820.247645,0.422882,1.01,0.750205,0.238254,0.233812,0.01717
plug-31,smart_plug,0.356806,4.235359,821.094355,0.158056,0.0,0.503868,0.496215,0.363789,0.011737
cam-001,camera,1.208057,61.743412,71989.372407,1.921666,12.76,0.592275,0.42556,0.094908,0.033857
sensor-21,sensor,0.636736,4.592548,1018.186641,0.129258,2.91,0.919742,0.06141,0.290933,0.006619
router-17,router,0.894791,29.792047,38792.903617,1.870031,8.71,0.604421,0.386036,0.137781,0.018291
nvr-03,nvr,1.110261,18.124672,54603.809997,1.728986,6.81,0.800763,0.214914,0.189779,0.010416
access-ctrl-02,access_controller,0.663342,10.360661,9085.623988,0.543199,2.62,0.795635,0.195357,0.246767,0.00963
thermostat-13,thermostat,0.751499,5.927638,5644.734366,0.417391,3.12,0.729413,0.296505,0.198242,0.016433
plug-22,smart_plug,0.391163,2.851703,1566.457846,0.143303,0.8,0.416051,0.563116,0.324661,0.015869
cam-004,camera,1.212444,49.746411,106668.627626,2.510304,6.49,0.687299,0.305967,0.106237,0.029033
sensor-21,sensor,0.607193,4.218073,2159.557886,0.121737,3.46,0.892541,0.108248,0.289568,0.011183
router-02,router,1.051956,27.775473,72374.615903,1.857459,10.98,0.725749,0.279697,0.147092,0.019922
nvr-01,nvr,0.940226,26.986546,38563.051046,1.707655,4.08,0.72454,0.247726,0.209373,0.017286
access-ctrl-02,access_controller,0.736523,9.539991,9571.470909,0.791831,3.37,0.783276,0.172969,0.23475,0.014975
thermostat-09,thermostat,0.785597,7.195141,5399.359892,0.456414,2.42,0.754856,0.234497,0.213466,0.01574
plug-25,smart_plug,0.404367,3.497292,1228.08177,0.12011,2.56,0.477412,0.524042,0.321627,0.011386
cam-005,camera,1.222942,52.866926,103834.17556,2.326756,10.25,0.69925,0.243698,0.087944,0.032679
sensor-27,sensor,0.467309,3.375251,2251.754814,0.18868,1.9,0.755937,0.189359,0.294927,0.005465
router-17,router,1.021174,25.655033,41485.399976,2.049909,9.28,0.726821,0.269348,0.123842,0.023717
nvr-05,nvr,0.97962,19.812649,54336.108543,1.142932,4.79,0.770343,0.163138,0.197281,0.017675
access-ctrl-05,access_controller,0.742566,9.749976,14035.018484,0.528102,2.55,0.821445,0.144883,0.249776,0.00865
thermostat-13,thermostat,0.79318,6.652792,5690.838316,0.335104,4.81,0.715324,0.288339,0.225211,0.018287
plug-14,smart_plug,0.408353,3.24094,1065.869469,0.071731,3.49,0.491019,0.466532,0.32238,0.014641
cam-006,camera,1.093578,65.086691,73630.155415,1.921425,7.72,0.642735,0.327333,0.112045,0.024536
sensor-24,sensor,0.686736,2.902209,1383.589773,0.254904,1.89,0.879967,0.062911,0.261739,0.007069
router-05,router,0.942669,42.676567,49574.188819,2.181825,5.14,0.630078,0.340727,0.14735,0.018276
nvr-01,nvr,1.182528,25.762276,57985.037778,1.45957,4.96,0.724551,0.249219,0.210211,0.013673
access-ctrl-05,access_controller,0.734379,10.748747,12734.297648,0.864218,1.31,0.840791,0.099066,0.225628,0.010409
thermostat-04,thermostat,0.852777,5.856685,5714.851243,0.454457,3.03,0.69902,0.324382,0.213978,0.015278
plug-22,smart_plug,0.373679,1.970146,748.74147,0.079217,1.99,0.575676,0.392709,0.334135,0.008864
cam-006,camera,1.293752,63.140121,96396.686051,2.25016,12.93,0.692658,0.233996,0.089737,0.043037
sensor-24,sensor,0.623737,4.164626,1233.449556,0.098682,3.02,0.751054,0.201473,0.254104,0.003082
router-20,router,0.887962,41.701955,67068.420667,2.355917,6.1,0.617617,0.37658,0.122253,0.016227
nvr-05,nvr,1.047837,17.914483,52777.579922,1.55794,5.23,0.671361,0.279538,0.200836,0.010044
access-ctrl-06,access_controller,0.719539,9.99939,14639.170805,0.826956,4.12,0.82178,0.188359,0.223955,0.012141
thermostat-04,thermostat,0.734663,5.951933,5066.362538,0.421588,3.79,0.67421,0.331636,0.215627,0.020433
plug-14,smart_plug,0.396008,2.84184,934.492237,0.169802,3.28,0.452587,0.530958,0.352799,0.0144
cam-002,camera,1.420043,42.179027,95458.722683,1.988581,8.43,0.630883,0.372292,0.089515,0.032059
sensor-30,sensor,0.532278,5.384065,2596.121414,0.100004,2.38,0.848801,0.102889,0.242969,0.00668
router-17,router,1.028294,41.705178,43273.97703,1.7291,6.76,0.619166,0.338011,0.153038,0.01544
nvr-03,nvr,1.108252,19.641266,57276.888824,1.768371,6.44,0.693034,0.28368,0.17284,0.013146
access-ctrl-07,access_controller,0.534685,11.104409,9921.070671,0.547638,2.97,0.852375,0.162868,0.216647,0.009896
thermostat-28,thermostat,0.767802,5.216283,3973.53983,0.504242,3.24,0.772196,0.184236,0.230964,0.014841
plug-25,smart_plug,0.395535,4.125036,1312.953231,0.072053,2.14,0.512679,0.487459,0.314081,0.010905
cam-006,camera,1.169303,59.350482,71347.988377,2.69767,12.98,0.613485,0.344862,0.086319,0.04117
sensor-30,sensor,0.477391,3.22442,1867.992256,0.254902,1.13,0.885814,0.100704,0.30934,0.01105
router-20,router,0.756039,30.621559,67323.061424,1.828805,9.95,0.645621,0.350876,0.117699,0.028871
nvr-03,nvr,0.895119,20.626232,35514.134849,1.158329,2.76,0.74271,0.282809,0.155706,0.015134
access-ctrl-01,access_controller,0.569714,8.311451,10778.401663,0.807472,3.79,0.870645,0.098029,0.224071,0.014298
thermostat-28,thermostat,0.669536,8.096904,4730.006209,0.335156,4.4,0.632199,0.307105,0.206437,0.015264
plug-25,smart_plug,0.469466,2.642771,1531.020871,0.109258,2.32,0.503858,0.446494,0.315865,0.014326
cam-005,camera,1.317054,54.825688,70242.040907,1.984522,11.64,0.672831,0.312654,0.101944,0.02692
sensor-12,sensor,0.443014,4.291288,2379.724859,0.245256,2.49,0.861461,0.091259,0.256169,0.012601
router-11,router,0.737436,31.547346,47544.733665,2.285678,10.47,0.642791,0.326009,0.131638,0.031264
nvr-03,nvr,1.091751,27.738381,35575.419096,1.167707,2.57,0.718622,0.281488,0.155089,0.020351
access-ctrl-02,access_controller,0.588322,9.709649,13860.202151,0.690767,2.63,0.762059,0.210546,0.217144,0.012944
thermostat-28,thermostat,0.642643,6.721896,3819.191667,0.301656,4.26,0.656144,0.279143,0.194755,0.019296
plug-14,smart_plug,0.405639,2.140497,1691.848899,0.154414,0.0,0.507667,0.493613,0.3622,0.015068
cam-001,camera,1.091416,62.223902,75808.431983,2.802199,11.85,0.716785,0.243206,0.090019,0.040341
sensor-30,sensor,0.473069,5.193115,2515.103844,0.267686,1.04,0.895804,0.08858,0.27422,0.010587
router-20,router,1.086393,42.101664,40572.925468,1.76185,8.07,0.647227,0.388864,0.138306,0.026436
nvr-05,nvr,1.232384,21.36581,34448.447272,1.239897,4.49,0.822116,0.181304,0.165298,0.010732
access-ctrl-02,access_controller,0.718793,9.698139,9647.640403,0.848536,4.49,0.774011,0.200543,0.236372,0.008548
thermostat-16,thermostat,0.805652,5.25023,5447.140197,0.399883,4.18,0.675306,0.339713,0.228941,0.019992
plug-11,smart_plug,0.491803,2.255157,1718.704513,0.163404,1.71,0.464138,0.490818,0.367188,0.014075
cam-002,camera,1.226081,45.395031,104507.295683,1.956068,8.12,0.677498,0.303058,0.077864,0.03547
sensor-07,sensor,0.598167,3.029754,2743.426018,0.281215,1.13,0.929018,0.105295,0.294771,0.008481
router-20,router,0.994639,40.565398,52327.494881,1.574497,6.51,0.766898,0.263854,0.125725,0.023329
nvr-01,nvr,1.093696,22.269013,41677.77285,1.221615,4.17,0.695933,0.277264,0.178826,0.018547
access-ctrl-06,access_controller,0.719115,9.815847,14106.223909,0.542942,4.95,0.842204,0.139211,0.245258,0.009052
thermostat-04,thermostat,0.895903,5.329094,4776.945357,0.459436,2.72,0.679866,0.339815,0.236501,0.015541
plug-25,smart_plug,0.349819,3.328919,1386.373494,0.120968,3.41,0.554946,0.444508,0.332887,0.011769
cam-007,camera,1.396236,41.033769,107742.804117,2.407747,6.86,0.587387,0.384775,0.091616,0.023828
sensor-21,sensor,0.554663,3.977368,1719.837665,0.081184,4.25,0.816673,0.168678,0.265554,0.006269
router-17,router,0.908638,28.157194,58042.327704,2.170622,9.31,0.645303,0.332377,0.160765,0.021418
nvr-07,nvr,1.105852,16.722764,46039.343656,1.124642,2.57,0.704422,0.255627,0.206415,0.018229
access-ctrl-04,access_controller,0.633372,10.383841,8779.439182,0.785431,3.32,0.791614,0.149852,0.238302,0.009717
thermostat-13,thermostat,0.632944,6.917699,5333.333741,0.426401,4.15,0.668407,0.30854,0.211913,0.01522
plug-19,smart_plug,0.466721,2.398505,1259.27044,0.127802,2.2,0.486938,0.521402,0.33289,0.009763
cam-007,camera,1.369167,42.474917,92610.97972,2.311566,6.05,0.691119,0.302538,0.086942,0.042786
sensor-07,sensor,0.543355,3.988065,1948.266188,0.275805,3.88,0.878861,0.119403,0.310567,0.012486
router-11,router,0.900965,28.630095,42453.057457,1.66042,9.31,0.638113,0.386769,0.14665,0.020512
nvr-05,nvr,0.952812,16.681073,56166.482548,1.188578,2.19,0.650048,0.308129,0.191972,0.018467
access-ctrl-01,access_controller,0.571394,8.925046,13745.615488,0.760752,1.75,0.831198,0.137545,0.224349,0.013298
thermostat-24,thermostat,0.770698,6.505243,4967.556796,0.369067,2.05,0.705379,0.269009,0.212291,0.01175
plug-14,smart_plug,0.349374,2.330011,1534.456785,0.098463,0.99,0.486127,0.465686,0.334746,0.012397
cam-001,camera,1.201551,50.306182,90876.508513,2.584132,7.11,0.687902,0.295146,0.101184,0.035102
sensor-30,sensor,0.604826,5.551204,1896.632207,0.279687,2.74,0.917878,0.116717,0.298062,0.012597
router-11,router,0.857698,27.327841,69327.716873,2.060978,11.39,0.589205,0.368072,0.149466,0.026908
nvr-07,nvr,0.856392,24.810057,49998.979417,1.183568,4.09,0.809318,0.189393,0.196933,0.014617
access-ctrl-05,access_controller,0.730745,10.367892,9464.26019,0.862395,0.54,0.741994,0.211081,0.222875,0.008918
thermostat-28,thermostat,0.776805,5.148595,4848.398125,0.318228,3.23,0.681132,0.279586,0.208051,0.013336
plug-22,smart_plug,0.395637,2.634526,1701.935673,0.145746,0.73,0.4722,0.488902,0.307434,0.014477
cam-007,camera,1.475856,57.394705,99877.519991,2.415682,10.18,0.662348,0.304411,0.084146,0.027271
sensor-30,sensor,0.459753,2.722276,2358.522249,0.196785,3.43,0.77783,0.19989,0.292822,0.007756
router-02,router,0.827627,38.834307,64113.922749,2.114358,7.64,0.674532,0.30549,0.143863,0.025613
nvr-01,nvr,1.01292,27.524941,51425.257551,1.617757,4.04,0.75273,0.258371,0.217808,0.009317
access-ctrl-03,access_controller,0.730063,9.261348,10078.068935,0.686345,2.35,0.767574,0.198257,0.254009,0.006597
thermostat-24,thermostat,0.763687,7.951861,4721.570552,0.368713,3.29,0.66072,0.305764,0.222849,0.015491
plug-25,smart_plug,0.476477,2.110501,943.80952,0.089661,1.86,0.460201,0.547506,0.317848,0.013485
cam-004,camera,1.312626,51.855554,102067.328579,2.765407,9.92,0.543923,0.414286,0.101646,0.023669
sensor-24,sensor,0.598199,4.269981,2840.255891,0.198451,1.5,0.840824,0.146051,0.33218,0.01178
router-02,router,0.78357,29.50031,70168.322824,1.611053,11.36,0.654993,0.298009,0.116348,0.030566
nvr-04,nvr,0.962403,16.645703,42198.503144,1.32556,4.98,0.782689,0.246647,0.207442,0.021848
access-ctrl-03,access_controller,0.745221,9.219945,9044.687918,0.584267,4.18,0.801925,0.201983,0.214804,0.010524
thermostat-16,thermostat,0.695532,7.634924,4544.44682,0.436397,1.96,0.642153,0.344647,0.198999,0.016777
plug-11,smart_plug,0.502459,2.153897,1129.458153,0.119819,0.97,0.49746,0.508692,0.353984,0.014902
cam-004,camera,1.420576,59.467412,99781.54178,1.726003,15.32,0.547197,0.432912,0.092001,0.027858
sensor-30,sensor,0.535366,5.246467,1038.446373,0.14904,2.12,0.907762,0.068223,0.256117,0.010232
router-11,router,0.954216,29.450516,51949.41254,1.939513,3.79,0.731627,0.280429,0.150001,0.018203
nvr-06,nvr,1.269532,21.920064,50002.298572,1.526503,1.59,0.721387,0.268384,0.20468,0.020759
access-ctrl-02,access_controller,0.678838,9.603635,14581.184173,0.727683,0.79,0.782178,0.195417,0.253725,0.011108
thermostat-13,thermostat,0.72914,7.625505,3914.563507,0.435983,2.22,0.637069,0.358753,0.226323,0.017796
plug-25,smart_plug,0.500712,3.251497,784.091452,0.089687,1.05,0.538547,0.4703,0.350147,0.008983
cam-004,camera,1.118847,49.467138,102697.990136,1.812923,9.72,0.71503,0.261475,0.081052,0.023277
sensor-07,sensor,0.523181,4.290865,1150.083644,0.204791,0.53,0.833725,0.154359,0.256086,0.00933
router-14,router,0.792799,31.836842,62165.287927,1.730778,10.65,0.727528,0.22761,0.148062,0.028903
nvr-02,nvr,1.040644,29.244228,40384.082498,1.278487,5.49,0.766005,0.181972,0.160268,0.016215
access-ctrl-07,access_controller,0.713516,12.095177,14028.71726,0.536804,4.66,0.754061,0.216327,0.254292,0.011523
thermostat-16,thermostat,0.711661,7.671965,3718.466069,0.493157,2.93,0.709953,0.299994,0.199863,0.01241
plug-31,smart_plug,0.394344,3.607231,692.976651,0.107001,1.19,0.567829,0.415918,0.342631,0.01491
cam-004,camera,1.328468,61.876319,82754.047282,2.007336,6.25,0.642664,0.336224,0.086386,0.034544
sensor-07,sensor,0.534912,5.730888,981.196739,0.213423,1.64,0.908693,0.093938,0.272355,0.009824
router-05,router,0.753854,27.300892,71289.109978,2.113869,12.28,0.654252,0.322657,0.154545,0.02493
nvr-06,nvr,0.961216,26.360693,46058.481827,1.125462,4.36,0.696182,0.285469,0.208839,0.020869
access-ctrl-02,access_controller,0.780632,11.630882,8917.038021,0.798348,2.46,0.824481,0.113683,0.234691,0.008969
thermostat-13,thermostat,0.712312,7.6518,4967.409693,0.322074,4.26,0.682929,0.26479,0.244136,0.017198
plug-19,smart_plug,0.374482,2.437962,1753.527725,0.157151,0.91,0.502326,0.504978,0.346987,0.015695
cam-005,camera,1.281685,61.621656,97447.553746,2.969813,7.51,0.668239,0.331245,0.079418,0.025177
sensor-27,sensor,0.634089,4.791961,1581.182924,0.275688,2.4,0.898203,0.049075,0.254982,0.008545
router-02,router,0.805163,26.938451,50684.241755,1.610973,7.97,0.677674,0.285722,0.125789,0.015478
nvr-05,nvr,1.119049,19.885542,60311.503391,1.449941,6.34,0.736672,0.269152,0.206216,0.020155
access-ctrl-04,access_controller,0.621921,10.24369,8762.990694,0.782812,4.13,0.764568,0.174248,0.269629,0.012436
thermostat-16,thermostat,0.613043,6.034852,5395.33497,0.413982,1.67,0.664391,0.285196,0.20903,0.011334
plug-22,smart_plug,0.336393,3.147925,1069.797649,0.049436,0.73,0.508336,0.451797,0.364706,0.009617
cam-004,camera,1.169702,45.608266,91612.677815,2.915387,9.33,0.621543,0.394589,0.103538,0.042263
sensor-12,sensor,0.660265,3.189647,2875.791071,0.092598,0.59,0.776358,0.199425,0.327903,0.006681
router-20,router,0.797668,27.813944,54819.14126,1.611288,7.59,0.730292,0.283191,0.122533,0.016368
nvr-01,nvr,0.877212,16.090558,39040.376707,1.362126,4.78,0.691698,0.282017,0.159657,0.014748
access-ctrl-04,access_controller,0.748938,8.381342,11517.440941,0.766156,3.46,0.796467,0.20033,0.257131,0.013637
thermostat-13,thermostat,0.770427,5.136716,4398.048455,0.323665,0.62,0.742026,0.266705,0.215918,0.015754
plug-14,smart_plug,0.426891,3.024871,1275.492339,0.109401,2.3,0.540339,0.489297,0.316677,0.011201
cam-002,camera,1.134636,51.759641,88685.222479,1.96022,13.0,0.586679,0.38107,0.093616,0.041147
sensor-21,sensor,0.61977,3.410652,2356.023024,0.170572,1.35,0.792163,0.188263,0.315792,0.011052
router-05,router,0.98156,36.631495,70435.275794,1.681416,5.32,0.562341,0.415079,0.115371,0.022211
nvr-04,nvr,0.869485,27.687445,35323.22314,1.37669,6.31,0.740822,0.201782,0.155219,0.015549
access-ctrl-04,access_controller,0.638075,10.383112,13011.391322,0.738474,1.99,0.868588,0.115523,0.215337,0.009015
thermostat-04,thermostat,0.646234,5.134252,4981.364576,0.348895,3.58,0.749363,0.258833,0.230357,0.013929
plug-31,smart_plug,0.334701,2.737441,857.075054,0.061265,0.0,0.488006,0.497324,0.317627,0.011425
cam-007,camera,1.247105,55.233501,78719.355151,2.87265,7.88,0.725727,0.285657,0.097574,0.036336
sensor-21,sensor,0.424528,4.916367,2046.164014,0.078982,4.15,0.887734,0.042185,0.305206,0.00602
router-14,router,1.063528,35.734818,64530.956157,2.005974,9.53,0.64888,0.373555,0.150881,0.01905
nvr-03,nvr,1.225371,24.348261,33343.551295,1.719387,2.94,0.783315,0.179639,0.162164,0.020437
access-ctrl-06,access_controller,0.630422,11.480703,11138.181032,0.61807,4.29,0.840824,0.128859,0.232731,0.011916
thermostat-28,thermostat,0.819918,7.017679,4352.988673,0.474415,3.8,0.702684,0.266695,0.212966,0.015473
plug-19,smart_plug,0.469222,3.924042,1192.963039,0.080661,2.57,0.501557,0.469194,0.323075,0.011086
cam-006,camera,1.252443,45.388431,81464.527031,2.652915,12.88,0.584012,0.415369,0.079382,0.025787
sensor-18,sensor,0.555738,3.956403,2705.90356,0.204875,0.17,0.889833,0.084147,0.2483,0.005104
router-08,router,0.792505,43.358993,60389.122849,2.220348,6.94,0.723908,0.266827,0.143194,0.022698
nvr-04,nvr,1.24456,23.615056,53025.241275,1.439905,4.23,0.799387,0.212586,0.167905,0.017564
access-ctrl-01,access_controller,0.76522,10.247832,11600.520503,0.539246,3.4,0.740286,0.181915,0.222255,0.013419
thermostat-28,thermostat,0.622735,6.788499,3944.252554,0.307961,2.69,0.746481,0.212075,0.236352,0.013564
plug-14,smart_plug,0.410961,2.359087,1008.939169,0.153007,2.19,0.542729,0.409729,0.316499,0.013904
cam-004,camera,1.437151,51.601285,93132.029409,2.720686,7.88,0.640539,0.357467,0.102011,0.027444
sensor-12,sensor,0.64347,4.53781,1101.16936,0.13697,2.66,0.752765,0.171215,0.266139,0.01221
router-05,router,0.973668,44.966299,43022.326475,1.71021,8.83,0.605953,0.327729,0.11753,0.016278
nvr-06,nvr,0.948525,23.813743,48579.205457,1.624041,5.81,0.84431,0.161551,0.198858,0.014352
access-ctrl-02,access_controller,0.686113,10.867472,14800.622364,0.700013,0.51,0.763277,0.187572,0.213129,0.009066
thermostat-16,thermostat,0.806,7.244415,5527.496731,0.360002,2.41,0.726814,0.309279,0.229027,0.016302
plug-31,smart_plug,0.447786,4.041142,722.883228,0.12055,1.43,0.432699,0.55714,0.348778,0.009974
cam-006,camera,1.247715,48.991247,89270.893977,2.334848,14.25,0.570495,0.395967,0.09592,0.0398
sensor-21,sensor,0.476445,3.748383,1420.071938,0.249883,1.04,0.902108,0.11819,0.245159,0.008454
router-17,router,1.044953,34.248164,64015.945237,2.104935,4.36,0.716778,0.293617,0.118294,0.016273
nvr-02,nvr,1.043104,20.246525,39913.106205,1.407354,5.25,0.722068,0.234528,0.205897,0.009579
access-ctrl-03,access_controller,0.689544,11.937182,8962.750007,0.671182,2.85,0.827743,0.155416,0.255255,0.013229
thermostat-24,thermostat,0.778807,5.741119,4915.65656,0.514221,3.78,0.735243,0.245681,0.18886,0.014354
plug-25,smart_plug,0.42925,2.457072,1695.62557,0.09775,2.85,0.459607,0.485192,0.314737,0.009642
cam-003,camera,1.11316,60.658813,101252.253689,2.735861,6.68,0.577923,0.364155,0.086938,0.022957
sensor-07,sensor,0.621752,3.076925,1362.933722,0.262016,1.93,0.865655,0.110118,0.252357,0.004397
router-02,router,1.039145,36.685976,46349.311853,2.348055,4.91,0.739124,0.261009,0.143125,0.020025
nvr-01,nvr,1.02469,26.949528,47181.570211,1.74728,4.96,0.688694,0.261294,0.174912,0.021493
access-ctrl-02,access_controller,0.698049,11.882389,10748.027746,0.743099,3.11,0.824472,0.14891,0.215627,0.012395
thermostat-24,thermostat,0.854715,5.617801,3780.414948,0.454285,4.01,0.722806,0.256756,0.234626,0.018957
plug-25,smart_plug,0.493376,2.532041,1658.558516,0.141337,1.11,0.540981,0.434764,0.314317,0.012765
cam-002,camera,1.109304,42.645645,93672.533851,2.781277,12.8,0.666487,0.342248,0.093736,0.032608
sensor-30,sensor,0.587892,3.783577,1617.640032,0.248966,2.1,0.912609,0.10229,0.311528,0.008611
router-17,router,0.989278,35.006583,70657.893651,1.773399,9.39,0.754575,0.259341,0.15811,0.018345
nvr-05,nvr,1.028395,21.316727,47250.867777,1.65612,3.28,0.726477,0.25761,0.170239,0.013329
access-ctrl-01,access_controller,0.703006,7.635457,15116.467753,0.5915,1.57,0.754408,0.208285,0.214447,0.012827
thermostat-28,thermostat,0.65511,6.225104,4182.131848,0.470954,2.5,0.716591,0.269105,0.202437,0.015843
plug-19,smart_plug,0.459464,3.488935,1291.605322,0.129939,2.29,0.443885,0.529175,0.32733,0.011882
cam-002,camera,1.45382,52.622712,106392.412543,2.452772,10.72,0.574532,0.41807,0.082792,0.029313
sensor-27,sensor,0.604197,5.00393,2161.646318,0.227139,1.98,0.823006,0.181422,0.247289,0.004398
router-17,router,0.902278,38.232781,56048.967705,2.406334,11.67,0.727818,0.262633,0.141915,0.030728
nvr-02,nvr,0.90848,20.69119,36089.90299,1.679591,4.45,0.781782,0.195616,0.185473,0.013361
access-ctrl-07,access_controller,0.687963,9.776475,12908.276064,0.571057,2.83,0.883868,0.109364,0.222901,0.007135
thermostat-13,thermostat,0.657923,8.208695,5239.577684,0.278231,3.7,0.743791,0.210705,0.201275,0.01226
plug-29,smart_plug,0.343486,4.083689,1713.694538,0.142587,0.78,0.450261,0.474042,0.315991,0.009588
cam-007,camera,1.292403,51.5767,108448.439668,2.466588,11.66,0.58108,0.400203,0.082833,0.029775
sensor-12,sensor,0.660076,5.242195,2622.770791,0.166987,1.76,0.885372,0.097082,0.280277,0.003046
router-05,router,0.773223,29.105499,49089.729379,2.265459,6.72,0.683427,0.308288,0.135586,0.024762
nvr-01,nvr,0.959843,18.252165,37617.573708,1.609315,4.17,0.792602,0.205964,0.168059,0.020971
access-ctrl-02,access_controller,0.584269,7.697008,14190.890636,0.613066,4.1,0.808734,0.157298,0.216369,0.006187
thermostat-20,thermostat,0.692647,5.897454,3554.351135,0.343123,3.17,0.640055,0.286497,0.199961,0.013783
plug-29,smart_plug,0.379434,3.763732,1235.263516,0.121375,1.63,0.433601,0.542667,0.324391,0.010048
cam-001,camera,1.100632,44.971756,75024.594518,1.798465,11.27,0.644088,0.306911,0.107508,0.03311
sensor-12,sensor,0.407679,3.480299,1970.887697,0.212358,2.0,0.881456,0.108058,0.275283,0.00603
router-11,router,0.717615,39.544706,60635.936493,2.210754,4.09,0.617468,0.350721,0.141496,0.031033
nvr-06,nvr,0.890159,28.719079,44206.748048,1.45924,2.85,0.765736,0.165473,0.190767,0.014074
access-ctrl-03,access_controller,0.726553,12.005539,13525.265174,0.457372,2.32,0.881635,0.12875,0.216096,0.009403
thermostat-13,thermostat,0.786963,5.663133,3887.718594,0.387409,4.44,0.751042,0.235344,0.212574,0.013143
plug-11,smart_plug,0.469014,3.177993,801.030896,0.152123,2.06,0.51984,0.45959,0.307765,0.01274
cam-006,camera,1.236061,54.46675,75126.871252,2.314671,10.12,0.681375,0.281392,0.074174,0.037195
sensor-30,sensor,0.43794,2.989152,1591.849236,0.109139,0.59,0.804365,0.164848,0.31997,0.010541
router-17,router,1.070589,39.872268,51113.868669,1.615308,6.78,0.664325,0.372024,0.132675,0.020087
nvr-06,nvr,1.263599,24.056773,49393.771556,1.712293,5.14,0.806285,0.162481,0.168116,0.018553
access-ctrl-05,access_controller,0.766606,10.478412,9950.144516,0.754181,4.98,0.840726,0.135237,0.259904,0.01012
thermostat-20,thermostat,0.746542,6.108877,5729.140478,0.446516,2.72,0.623674,0.329196,0.240285,0.014741
plug-25,smart_plug,0.424835,2.148057,897.693629,0.162916,0.9,0.501427,0.504916,0.315665,0.012129
cam-005,camera,1.227926,51.874215,97589.348494,1.794835,9.8,0.653426,0.331902,0.116357,0.0289
sensor-18,sensor,0.468097,3.69315,2941.273643,0.082161,0.85,0.892729,0.130076,0.280804,0.005257
router-17,router,0.760462,28.962559,60569.154586,1.845982,6.84,0.623689,0.326555,0.140397,0.028146
nvr-01,nvr,1.203171,27.046557,53005.58395,1.148481,4.53,0.689332,0.303307,0.198377,0.012698
access-ctrl-05,access_controller,0.605711,10.61763,12572.999361,0.637966,3.91,0.895443,0.110053,0.230864,0.009807
thermostat-20,thermostat,0.800343,7.580035,5569.454253,0.469288,3.63,0.732587,0.26607,0.22867,0.011805
plug-25,smart_plug,0.359034,2.074295,716.581962,0.152011,0.63,0.471282,0.501686,0.348741,0.008032
cam-002,camera,1.218349,53.468732,90866.118836,2.50784,8.34,0.598305,0.380468,0.112213,0.028729
sensor-27,sensor,0.62026,5.540967,2520.288926,0.196188,3.01,0.834767,0.165614,0.301298,0.009248
router-17,router,0.708682,28.652615,64769.50619,1.627872,8.23,0.563004,0.366841,0.126945,0.022281
nvr-07,nvr,1.084312,23.665312,56917.115659,1.562658,3.79,0.714155,0.26253,0.158809,0.019838
access-ctrl-04,access_controller,0.524796,10.302795,12250.042205,0.692506,2.65,0.860165,0.160682,0.233605,0.011196
thermostat-13,thermostat,0.664177,7.483309,5186.990202,0.286844,3.02,0.692824,0.311489,0.240561,0.0112
plug-14,smart_plug,0.439411,2.510568,1222.941534,0.126812,0.26,0.464548,0.523775,0.345111,0.013826
cam-003,camera,1.219697,52.488849,86476.767451,2.057404,12.97,0.702596,0.265497,0.115326,0.02599
sensor-24,sensor,0.616343,2.927388,2905.563718,0.097878,1.06,0.908623,0.062324,0.297721,0.012778
router-20,router,0.911448,30.67344,52499.888233,1.564339,7.51,0.678651,0.331352,0.124732,0.025316
nvr-06,nvr,1.09751,22.253669,33262.218035,1.185902,3.74,0.767395,0.229178,0.159851,0.013119
access-ctrl-07,access_controller,0.623873,10.70934,14494.941042,0.77721,2.7,0.849102,0.163778,0.220913,0.008392
thermostat-24,thermostat,0.687322,5.806003,3631.830146,0.357245,4.23,0.742883,0.252766,0.202971,0.017402
plug-29,smart_plug,0.446555,2.253734,1200.21683,0.155562,0.66,0.529245,0.485319,0.299979,0.011887
cam-001,camera,1.318731,61.317467,89729.549281,2.849194,12.1,0.572691,0.371604,0.096721,0.025461
sensor-27,sensor,0.465493,2.664146,2735.663361,0.214798,1.3,0.780783,0.200977,0.297153,0.00946
router-08,router,0.892105,39.685164,62035.432213,2.378121,8.77,0.716219,0.283634,0.125253,0.020285
nvr-05,nvr,1.080768,16.603937,49579.468139,1.076049,6.41,0.811195,0.150927,0.187287,0.015522
access-ctrl-07,access_controller,0.701612,9.177293,12723.944014,0.482839,1.87,0.730225,0.230849,0.256306,0.011147
thermostat-28,thermostat,0.713785,6.179232,3924.691275,0.317098,2.15,0.672725,0.316785,0.217612,0.019724
plug-11,smart_plug,0.348586,3.487693,1483.256155,0.08057,1.37,0.48837,0.473462,0.334505,0.011494
cam-004,camera,1.428458,52.951633,71427.136242,1.84356,12.7,0.691359,0.251727,0.113535,0.032811
sensor-27,sensor,0.629464,5.79267,2257.612218,0.230125,2.94,0.902184,0.087516,0.311574,0.008621
router-02,router,1.051815,28.819647,61608.256522,1.592477,7.49,0.671452,0.275267,0.121114,0.016758
nvr-07,nvr,0.894906,20.181571,37437.461015,1.65673,4.98,0.765507,0.206099,0.210186,0.019382
access-ctrl-05,access_controller,0.533869,10.321933,10807.347861,0.806892,0.76,0.82371,0.169021,0.245035,0.010101
thermostat-20,thermostat,0.675661,6.770743,5953.517848,0.524304,2.5,0.657486,0.335024,0.231201,0.018131
plug-25,smart_plug,0.322202,3.067163,946.90826,0.089893,0.0,0.499363,0.466196,0.308926,0.012593
cam-001,camera,1.273737,52.007716,107734.476635,1.798257,7.1,0.709025,0.295457,0.099435,0.032882
sensor-27,sensor,0.503602,2.845899,1705.076601,0.154025,0.66,0.838971,0.134963,0.281204,0.007907
router-08,router,0.958778,35.549284,66776.279458,2.187174,4.55,0.615569,0.331973,0.148172,0.018228
nvr-02,nvr,0.987475,28.343438,31482.186105,1.584692,2.58,0.772615,0.193104,0.152058,0.01554
access-ctrl-04,access_controller,0.769303,9.514311,12820.517509,0.622276,5.17,0.850975,0.127783,0.208219,0.012466
thermostat-20,thermostat,0.73796,8.023518,5601.983139,0.332319,2.69,0.668996,0.288017,0.213268,0.015014
plug-19,smart_plug,0.346847,3.499804,857.28086,0.150645,3.41,0.44409,0.538588,0.340793,0.015991
cam-002,camera,1.126682,53.401382,74754.402264,2.525409,10.86,0.713648,0.273067,0.078785,0.024027
sensor-18,sensor,0.482753,4.033345,1736.485535,0.107598,0.29,0.790366,0.173094,0.308854,0.010278
router-11,router,0.951379,39.977232,49089.576677,1.906513,9.88,0.728103,0.289649,0.153799,0.027653
nvr-05,nvr,1.023048,26.499277,33434.255091,1.300171,4.42,0.836762,0.197662,0.158728,0.013816
access-ctrl-01,access_controller,0.620137,8.098074,11428.64636,0.824045,5.21,0.877339,0.131713,0.24113,0.012879
thermostat-24,thermostat,0.727518,5.246037,5451.114243,0.387211,1.79,0.742938,0.262188,0.223241,0.014708
plug-19,smart_plug,0.480547,3.043945,1064.580062,0.088745,1.09,0.5078,0.494485,0.354139,0.00888
cam-007,camera,1.090309,63.578912,97214.854834,2.556759,11.75,0.599671,0.376051,0.075506,0.023599
sensor-12,sensor,0.573499,3.819096,2483.608301,0.122242,2.92,0.921471,0.040275,0.246116,0.010218
router-17,router,0.974776,33.540816,69008.342481,1.798828,6.33,0.693107,0.279747,0.148752,0.028488
nvr-04,nvr,0.997668,23.302595,47091.663501,1.623982,6.11,0.701362,0.28579,0.162788,0.015638
access-ctrl-01,access_controller,0.632823,11.738256,11081.750492,0.480441,2.31,0.817809,0.163969,0.207685,0.013916
thermostat-13,thermostat,0.789457,7.790501,4682.422071,0.274187,4.2,0.711817,0.27681,0.21215,0.01398
plug-19,smart_plug,0.38162,2.262318,713.974202,0.141133,3.27,0.530017,0.49817,0.357066,0.014124
cam-001,camera,1.08832,52.452447,95222.353449,2.79013,11.83,0.582307,0.347959,0.117373,0.03001
sensor-27,sensor,0.576547,3.69128,1848.39143,0.200748,0.43,0.770605,0.223083,0.249481,0.005928
router-20,router,0.818288,31.948447,70291.384128,1.594003,10.17,0.599488,0.391508,0.156388,0.021376
nvr-06,nvr,1.28249,26.857565,42885.96768,1.604796,3.47,0.804566,0.176486,0.194206,0.011802
access-ctrl-03,access_controller,0.667134,9.47761,9485.863567,0.792434,3.02,0.742818,0.200991,0.259588,0.009222
thermostat-16,thermostat,0.661685,8.232012,5005.539935,0.500589,3.64,0.701006,0.277553,0.231137,0.014519
plug-29,smart_plug,0.497544,3.188685,1599.107043,0.163108,2.38,0.455076,0.529451,0.352843,0.014331
cam-004,camera,1.179198,44.47979,94095.426336,2.639905,9.16,0.577225,0.381875,0.080255,0.031271
sensor-27,sensor,0.647584,3.572492,2145.099238,0.186578,0.83,0.773116,0.219861,0.299398,0.004174
router-20,router,1.068171,36.945893,42541.643398,1.985771,6.79,0.71483,0.295663,0.156685,0.019203
nvr-06,nvr,1.076107,23.127051,35624.101155,1.680632,4.43,0.7493,0.223535,0.187373,0.014243
access-ctrl-02,access_controller,0.593867,8.837499,12196.652474,0.47937,3.22,0.827406,0.154092,0.265877,0.007672
thermostat-16,thermostat,0.672353,6.189572,4535.933346,0.415231,1.6,0.689796,0.306933,0.228228,0.018286
plug-14,smart_plug,0.428086,2.357184,1563.90142,0.049756,1.18,0.50823,0.506859,0.339982,0.014431
cam-002,camera,1.169433,60.058391,69431.969115,1.725785,8.37,0.658515,0.310649,0.119033,0.027315
sensor-07,sensor,0.655858,5.6459,1236.228669,0.22417,1.7,0.831976,0.161541,0.309265,0.005351
router-14,router,0.871473,33.198417,69369.561548,2.006549,5.8,0.616494,0.377993,0.153977,0.020128
nvr-06,nvr,1.053624,21.331475,45131.947996,1.342475,5.28,0.743718,0.27128,0.177176,0.020294
access-ctrl-05,access_controller,0.620502,11.559628,10314.493481,0.727694,0.75,0.772288,0.18919,0.254646,0.010963
thermostat-24,thermostat,0.629388,6.058157,5560.141715,0.445159,3.72,0.680999,0.286882,0.216223,0.016935
plug-31,smart_plug,0.43014,3.379843,1202.288112,0.112039,3.23,0.482818,0.459703,0.348679,0.014855
cam-007,camera,1.28412,47.677641,81551.483214,2.570527,12.19,0.617113,0.339404,0.094528,0.033482
sensor-12,sensor,0.652621,3.410858,1848.079238,0.206445,1.88,0.786681,0.206835,0.294399,0.006274
router-20,router,0.740615,42.575028,40570.76624,1.754978,10.54,0.695691,0.297125,0.119621,0.028746
nvr-03,nvr,1.099605,29.163629,34029.865396,1.368576,6.46,0.670353,0.296567,0.173711,0.018614
access-ctrl-04,access_controller,0.669557,10.996282,12196.073182,0.511612,2.73,0.758581,0.200773,0.218023,0.010189
thermostat-16,thermostat,0.680122,5.284923,5052.459114,0.314965,4.84,0.706332,0.276275,0.210731,0.017411
plug-19,smart_plug,0.457463,2.123911,1771.871394,0.059271,0.0,0.572659,0.418772,0.320458,0.015083
cam-004,camera,1.34657,43.756443,92890.568669,2.497389,5.9,0.660351,0.262908,0.112667,0.0242
sensor-07,sensor,0.640038,5.458848,2023.316415,0.108749,1.95,0.785912,0.172125,0.303853,0.008723
router-02,router,0.747964,36.543123,58429.367553,1.649456,7.69,0.722889,0.290327,0.136187,0.027447
nvr-07,nvr,0.927572,28.221738,55326.59247,1.112207,4.2,0.740054,0.215157,0.186787,0.018958
access-ctrl-04,access_controller,0.748396,9.133967,14223.543604,0.477024,2.28,0.838375,0.129166,0.244737,0.012092
thermostat-09,thermostat,0.611974,8.017666,5363.634256,0.334302,3.84,0.767991,0.254799,0.221424,0.018867
plug-25,smart_plug,0.483208,3.670071,766.295437,0.15265,1.51,0.510277,0.499238,0.344267,0.009918
cam-003,camera,1.392426,43.478561,74224.142295,2.369295,7.76,0.707333,0.317913,0.109694,0.033509
sensor-21,sensor,0.644671,5.736084,1791.644643,0.178871,0.52,0.799362,0.196002,0.245314,0.010997
router-14,router,0.777502,37.976893,50529.811586,1.778103,10.77,0.690062,0.304916,0.115461,0.027851
nvr-06,nvr,1.236247,21.272617,39190.21954,1.15316,5.99,0.82542,0.196437,0.172047,0.018051
access-ctrl-02,access_controller,0.634757,9.627994,9138.390665,0.802135,4.06,0.77867,0.18719,0.224445,0.009332
thermostat-16,thermostat,0.704439,7.786574,4353.91719,0.325019,3.37,0.762847,0.194131,0.222261,0.015782
plug-22,smart_plug,0.377293,2.799032,1629.615148,0.078648,0.39,0.540799,0.424297,0.352091,0.010558
cam-007,camera,1.102047,63.827096,94320.581282,2.590361,7.39,0.613606,0.366058,0.078236,0.036512
sensor-18,sensor,0.530514,3.178693,2679.175851,0.10688,0.25,0.818792,0.142319,0.305192,0.009186
router-14,router,0.911488,37.742756,46789.199961,2.126513,7.84,0.61388,0.311698,0.159394,0.022973
nvr-01,nvr,1.137007,17.345199,47180.689332,1.7115,4.03,0.82593,0.184599,0.210887,0.012904
access-ctrl-06,access_controller,0.752408,10.731618,9680.420396,0.761917,3.43,0.828953,0.133459,0.256356,0.006446
thermostat-28,thermostat,0.603796,6.454165,3443.421429,0.344954,3.56,0.694741,0.254917,0.236313,0.016257
plug-22,smart_plug,0.372177,3.895277,1601.785013,0.165108,2.11,0.456781,0.535003,0.328358,0.012801
cam-007,camera,1.411148,49.962507,90458.654505,2.153287,9.34,0.657404,0.353631,0.075703,0.041818
sensor-07,sensor,0.499312,5.132876,2200.991643,0.191417,0.0,0.849674,0.132095,0.24312,0.010248
router-20,router,0.74993,38.602117,55276.043903,2.068834,10.57,0.694266,0.303174,0.160332,0.016204
nvr-03,nvr,0.913522,29.916954,41424.969005,1.679246,5.4,0.831083,0.207454,0.168057,0.016813
access-ctrl-03,access_controller,0.659679,7.824878,11188.005473,0.526849,2.29,0.798864,0.201991,0.258689,0.013636
thermostat-13,thermostat,0.801606,7.106384,4065.878601,0.472726,2.33,0.653075,0.334831,0.200085,0.013177
plug-14,smart_plug,0.499972,3.832435,1068.150866,0.131642,2.44,0.533224,0.443213,0.357651,0.014896
cam-004,camera,1.285065,62.224053,80412.95072,2.711598,12.0,0.645561,0.319625,0.11187,0.030367
sensor-07,sensor,0.558774,5.56271,1416.244624,0.141605,2.76,0.827232,0.150255,0.294333,0.005228
router-20,router,0.981581,32.047134,60605.84226,1.84778,4.43,0.656123,0.313377,0.127817,0.028327
nvr-05,nvr,1.259123,21.631752,48237.941989,1.712656,4.17,0.811691,0.224228,0.180402,0.019469
access-ctrl-07,access_controller,0.784572,8.945922,14875.194357,0.664645,1.95,0.766707,0.233951,0.248538,0.009308
thermostat-13,thermostat,0.707006,6.913096,4639.609669,0.380777,4.93,0.684184,0.286012,0.227222,0.014645
plug-31,smart_plug,0.470504,2.142813,1689.895835,0.133755,3.35,0.495244,0.489612,0.364265,0.011359
cam-005,camera,1.128714,47.389732,102447.385863,2.925836,6.72,0.662239,0.291773,0.084465,0.038163
sensor-21,sensor,0.394267,3.94197,2508.962124,0.121608,2.16,0.8091,0.145629,0.310927,0.010552
router-14,router,1.02631,32.124232,46603.85395,2.046346,4.7,0.759689,0.23026,0.128434,0.024092
nvr-01,nvr,1.166065,28.430057,37470.371861,1.69804,5.24,0.797889,0.207778,0.196777,0.011064
access-ctrl-07,access_controller,0.782128,10.36877,14602.995335,0.70851,2.88,0.818163,0.193522,0.233573,0.009891
thermostat-09,thermostat,0.635837,8.060409,4423.181041,0.457777,2.12,0.777779,0.238228,0.206238,0.011906
plug-19,smart_plug,0.419451,3.619211,711.095267,0.078687,0.38,0.470672,0.505193,0.34493,0.014301
cam-001,camera,1.220624,57.296566,108940.670799,2.331788,8.35,0.632774,0.400369,0.101329,0.024619
sensor-24,sensor,0.447618,3.68907,1348.998269,0.265702,1.44,0.844107,0.135649,0.272723,0.008298
router-20,router,0.869968,36.38736,46238.536646,2.025793,9.12,0.616245,0.360164,0.147473,0.027315
nvr-07,nvr,1.272934,22.305382,35808.398216,1.591521,5.3,0.736353,0.231062,0.183236,0.010182
access-ctrl-01,access_controller,0.595958,8.10717,11751.926099,0.483532,1.75,0.856438,0.106761,0.26219,0.011206
thermostat-13,thermostat,0.769769,8.048664,5359.560649,0.313844,4.19,0.738047,0.219195,0.20091,0.015268
plug-25,smart_plug,0.459147,2.779399,1369.989866,0.090667,2.03,0.549479,0.453133,0.352793,0.015804
cam-006,camera,1.372672,59.560899,77199.185607,2.01579,10.35,0.540874,0.434674,0.092646,0.02807
sensor-21,sensor,0.523978,3.051986,966.124649,0.168792,3.25,0.876192,0.125406,0.305884,0.007336
router-20,router,0.852104,30.992937,43624.511066,1.867665,8.78,0.573925,0.409363,0.128135,0.021384
nvr-02,nvr,1.121775,18.056593,54538.376983,1.55602,4.42,0.716827,0.267856,0.209491,0.010004
access-ctrl-01,access_controller,0.696835,7.845284,15128.890585,0.641036,2.07,0.838357,0.170473,0.251584,0.00846
thermostat-04,thermostat,0.738216,6.48464,5082.33329,0.492645,3.71,0.762875,0.234152,0.22464,0.015075
plug-11,smart_plug,0.428314,3.055507,1298.863057,0.088249,1.25,0.563721,0.423023,0.318279,0.012267
cam-007,camera,1.385701,58.469215,88279.191386,2.4661,11.0,0.634657,0.350844,0.085361,0.026705
sensor-07,sensor,0.453607,4.207243,1677.333852,0.28821,3.33,0.812748,0.22527,0.254132,0.007731
router-20,router,0.797789,34.149601,46171.521473,1.973266,10.77,0.719606,0.259363,0.155147,0.019724
nvr-04,nvr,1.014177,28.207955,38840.656022,1.25233,6.07,0.690272,0.285721,0.211721,0.01268
access-ctrl-02,access_controller,0.635819,10.905663,12077.542248,0.861902,5.46,0.864374,0.156631,0.218706,0.008755
thermostat-13,thermostat,0.832496,5.775535,4845.751193,0.291936,3.27,0.650984,0.302048,0.229415,0.013707
plug-25,smart_plug,0.393334,3.169226,984.1785,0.139439,0.0,0.510777,0.497274,0.331935,0.011162
cam-002,camera,1.079193,41.772977,107385.839935,1.852336,10.35,0.655941,0.346882,0.104962,0.038954
sensor-24,sensor,0.396604,3.784527,2814.27321,0.141282,1.73,0.873678,0.115343,0.314669,0.004192
router-14,router,1.049458,27.256432,51678.532673,1.763303,8.04,0.677045,0.262449,0.132603,0.028221
nvr-04,nvr,1.119301,27.791085,50337.662565,1.077942,5.43,0.695581,0.289452,0.200814,0.017291
access-ctrl-03,access_controller,0.721994,7.856643,14884.960066,0.671523,3.19,0.810589,0.132734,0.238561,0.008499
thermostat-20,thermostat,0.719676,4.903384,3783.795955,0.272811,2.99,0.762224,0.210069,0.215791,0.016891
plug-19,smart_plug,0.405096,2.624393,766.597696,0.077867,2.09,0.471556,0.532335,0.316906,0.012998
cam-002,camera,1.354111,49.507462,88567.235297,2.233483,8.04,0.687375,0.337751,0.081251,0.034474
sensor-07,sensor,0.665814,3.515324,976.934526,0.079555,2.18,0.873106,0.073122,0.281975,0.007702
router-11,router,0.738064,31.632211,65646.561605,1.803321,11.79,0.636356,0.354686,0.148898,0.022168
nvr-01,nvr,1.262805,24.516545,43773.462551,1.125906,6.26,0.701579,0.278846,0.182955,0.020416
access-ctrl-02,access_controller,0.758161,7.310591,10505.753036,0.836717,2.15,0.819653,0.138801,0.240253,0.008495
thermostat-20,thermostat,0.688057,4.842389,3759.995787,0.292242,3.27,0.76052,0.235865,0.242545,0.016437
plug-22,smart_plug,0.334546,3.808485,1354.010925,0.068532,0.17,0.516385,0.475301,0.346517,0.013684
cam-001,camera,1.300646,61.609013,82461.166294,2.492477,13.84,0.696796,0.27144,0.083806,0.041819
sensor-27,sensor,0.656833,5.014717,959.515677,0.102659,1.83,0.86879,0.082468,0.296015,0.006819
router-11,router,1.096632,29.485387,40920.008557,2.228129,5.99,0.676403,0.31246,0.11639,0.029574
nvr-07,nvr,1.21077,21.025562,56053.189541,1.168267,5.26,0.750906,0.256768,0.158615,0.018507
access-ctrl-07,access_controller,0.581143,10.785313,13384.320932,0.669393,1.67,0.805193,0.168519,0.242875,0.011744
thermostat-04,thermostat,0.815935,7.869358,5008.223929,0.376687,3.42,0.716709,0.251983,0.217491,0.017634
plug-29,smart_plug,0.469187,3.143878,1043.049394,0.068149,1.27,0.507326,0.498601,0.33464,0.010702
cam-001,camera,1.409889,62.695157,99140.337752,2.389332,12.02,0.54453,0.42743,0.086751,0.024488
sensor-24,sensor,0.648265,5.19195,1965.071368,0.179165,0.24,0.79723,0.244827,0.249342,0.00426
router-11,router,0.875333,30.253517,42584.855741,2.388076,6.51,0.700809,0.277479,0.149813,0.025058
nvr-01,nvr,1.297765,25.05103,53009.600298,1.369085,3.94,0.835095,0.175208,0.193382,0.014843
access-ctrl-02,access_controller,0.604326,9.709114,10014.454123,0.863493,4.71,0.810013,0.219617,0.230149,0.007204
thermostat-04,thermostat,0.767403,7.801115,3630.413717,0.279123,5.29,0.744108,0.21459,0.241287,0.011941
plug-22,smart_plug,0.477841,2.146277,1683.303617,0.171509,1.03,0.490136,0.48684,0.342209,0.010167
cam-006,camera,1.272312,54.892533,98979.719092,2.125029,13.16,0.60249,0.370949,0.086336,0.028266
sensor-30,sensor,0.517008,4.731914,2197.30165,0.097101,3.43,0.834068,0.1231,0.329939,0.007383
router-08,router,0.785875,27.659373,42190.080447,2.379483,8.22,0.751322,0.248933,0.125496,0.025361
nvr-02,nvr,1.21894,21.897477,50175.954914,1.694804,1.66,0.804034,0.18254,0.154295,0.015752
access-ctrl-04,access_controller,0.5931,8.896065,10282.914386,0.707611,3.27,0.815417,0.147227,0.243465,0.007679
thermostat-20,thermostat,0.689968,5.532542,5627.49565,0.410631,1.06,0.726342,0.266922,0.225272,0.014794
plug-25,smart_plug,0.378298,3.919956,1689.205143,0.050849,1.94,0.45354,0.511441,0.356823,0.008832
cam-002,camera,1.395066,43.454281,101679.049824,1.927781,9.1,0.699814,0.278147,0.07956,0.028939
sensor-12,sensor,0.666328,4.288158,1371.192809,0.087347,0.57,0.832433,0.126052,0.25975,0.010837
router-08,router,0.830841,29.649492,47289.397297,2.064374,11.31,0.616549,0.391881,0.125449,0.024238
nvr-01,nvr,0.912751,29.393261,54827.206264,1.609078,3.67,0.74464,0.238215,0.201565,0.012587
access-ctrl-03,access_controller,0.75041,7.841988,11055.735464,0.761277,2.49,0.858459,0.16037,0.220073,0.007221
thermostat-13,thermostat,0.678397,8.326886,5144.588899,0.511164,5.33,0.665826,0.29322,0.230448,0.016909
plug-11,smart_plug,0.321916,2.558729,1475.124207,0.131812,3.48,0.557631,0.443902,0.328169,0.01277
cam-007,camera,1.093957,52.331497,103329.469358,2.490173,15.24,0.626168,0.336496,0.100212,0.032927
sensor-07,sensor,0.489826,3.188922,1798.68396,0.081634,1.71,0.866096,0.053799,0.314459,0.008944
router-08,router,0.883432,41.651317,54379.764443,1.8647,5.76,0.684968,0.27994,0.155304,0.018725
nvr-02,nvr,1.296592,28.862527,39553.918761,1.701594,4.68,0.748439,0.190616,0.198295,0.012176
access-ctrl-04,access_controller,0.557003,11.669293,13358.839904,0.83909,3.72,0.826835,0.158185,0.21541,0.01164
thermostat-28,thermostat,0.646364,6.326261,5595.132126,0.365385,1.42,0.759277,0.248215,0.213567,0.018484
plug-11,smart_plug,0.412031,2.81529,927.600504,0.082106,2.07,0.525877,0.440475,0.357203,0.011614
cam-007,camera,1.257649,47.836652,83663.109873,2.381876,10.76,0.636278,0.321686,0.087379,0.040338
sensor-27,sensor,0.596727,5.463343,2140.79776,0.233502,2.02,0.792139,0.191586,0.309031,0.007328
router-05,router,0.948699,38.750202,56476.51719,1.555789,9.97,0.645503,0.349117,0.118953,0.022621
nvr-07,nvr,1.080572,26.114509,33960.066724,1.59658,5.01,0.794109,0.202888,0.155623,0.019058
access-ctrl-07,access_controller,0.70552,7.698415,11655.846466,0.739129,2.74,0.740667,0.204122,0.232847,0.012599
thermostat-09,thermostat,0.816481,7.183533,5678.137541,0.389819,2.78,0.693076,0.297352,0.19738,0.019316
plug-14,smart_plug,0.476197,3.082829,1087.404348,0.163964,1.3,0.460376,0.509601,0.315806,0.00861
cam-004,camera,1.163932,49.470385,84115.029647,1.962138,7.39,0.641176,0.353033,0.080733,0.027354
sensor-18,sensor,0.54038,3.486803,2280.334175,0.212602,1.94,0.927905,0.070961,0.246623,0.00576
router-11,router,0.957664,27.305354,45984.904426,1.764436,5.29,0.605111,0.371517,0.122515,0.014954
nvr-02,nvr,1.136659,27.799006,39668.145129,1.237896,4.52,0.733081,0.241398,0.168669,0.017269
access-ctrl-02,access_controller,0.627277,9.045589,10127.92952,0.596117,4.56,0.782254,0.155626,0.225487,0.011254
thermostat-04,thermostat,0.664148,5.702567,3649.762585,0.441554,4.09,0.755605,0.256568,0.233199,0.018695
plug-14,smart_plug,0.384497,2.45923,1689.411315,0.101978,0.72,0.453361,0.547539,0.311435,0.007256
cam-001,camera,1.446165,51.132098,72855.57822,2.07737,9.79,0.593615,0.381612,0.11518,0.032844
sensor-21,sensor,0.549406,3.016042,1407.834821,0.159493,3.15,0.87522,0.136924,0.320412,0.008033
router-11,router,0.73242,26.202369,69465.69803,1.981536,9.06,0.657858,0.355918,0.12571,0.03012
nvr-04,nvr,1.191371,26.8114,40242.106279,1.779465,4.76,0.765577,0.218533,0.168302,0.020914
access-ctrl-06,access_controller,0.747841,9.9643,15034.641873,0.643399,3.15,0.807439,0.18453,0.244743,0.007113
thermostat-13,thermostat,0.622396,7.400176,4283.692786,0.395386,2.98,0.77847,0.205351,0.216137,0.015034
plug-31,smart_plug,0.489063,2.904997,920.689307,0.142812,0.5,0.451326,0.528955,0.355139,0.009735
cam-002,camera,1.252167,62.099358,70270.865793,2.106058,9.98,0.614374,0.423014,0.111623,0.03252
sensor-27,sensor,0.419958,5.70198,973.896151,0.18669,0.81,0.870597,0.100571,0.312659,0.010596
router-14,router,0.882813,41.903996,63392.87558,2.339368,9.01,0.706649,0.283953,0.133574,0.026103
nvr-01,nvr,1.068692,21.596204,50138.56204,1.306176,4.22,0.820083,0.124761,0.179452,0.017401
access-ctrl-03,access_controller,0.687593,10.882769,8846.743605,0.803618,3.49,0.78771,0.235426,0.223652,0.008977
thermostat-13,thermostat,0.641438,6.184136,3583.280519,0.472888,0.69,0.708167,0.318244,0.227431,0.012775
plug-11,smart_plug,0.471828,2.190568,859.78324,0.156355,1.74,0.467069,0.507026,0.343856,0.010514
cam-004,camera,1.307977,54.366536,78437.443725,2.077105,8.8,0.636719,0.35615,0.082879,0.027223
sensor-21,sensor,0.478289,3.017793,2606.307163,0.273607,2.24,0.752989,0.217325,0.286416,0.010009
router-20,router,0.735766,28.154876,67013.222285,2.277081,9.61,0.755516,0.239637,0.12881,0.024279
nvr-04,nvr,1.009764,16.973767,47691.981853,1.41119,4.12,0.754706,0.238319,0.213061,0.017335
access-ctrl-04,access_controller,0.595737,9.831339,11646.132967,0.650776,3.26,0.869294,0.092959,0.233993,0.008268
thermostat-20,thermostat,0.640236,7.192912,3621.855244,0.45183,4.23,0.733213,0.234319,0.225698,0.017741
plug-25,smart_plug,0.448343,2.559754,1374.877076,0.160259,1.7,0.484812,0.48626,0.350727,0.009522
cam-002,camera,1.293513,63.694081,84448.12105,2.634195,6.68,0.656903,0.336245,0.087836,0.026863
sensor-27,sensor,0.489351,5.567375,1479.589188,0.259934,1.64,0.829965,0.122373,0.298424,0.009705
router-17,router,1.017573,38.267759,50830.739513,1.790271,10.63,0.749261,0.240941,0.14352,0.027253
nvr-06,nvr,1.122175,24.029076,50970.002076,1.264321,6.44,0.732769,0.296955,0.18199,0.012445
access-ctrl-07,access_controller,0.643222,11.602815,10878.105042,0.792706,5.08,0.800415,0.207239,0.264824,0.013098
thermostat-20,thermostat,0.819303,4.897614,3965.954895,0.344956,5.33,0.712247,0.258662,0.219158,0.010577
plug-14,smart_plug,0.417365,3.289271,808.276207,0.091794,1.99,0.569808,0.424931,0.312181,0.013125
cam-002,camera,1.084505,45.872155,88396.834914,2.18423,8.62,0.684111,0.294355,0.07888,0.036554
sensor-07,sensor,0.417219,3.622467,2496.817513,0.157178,0.8,0.935059,0.097195,0.23438,0.006519
router-05,router,1.076533,32.633935,70450.866929,1.898382,7.93,0.596398,0.386062,0.144942,0.022638
nvr-07,nvr,1.116022,29.966536,45031.053881,1.709551,6.34,0.778919,0.242502,0.207714,0.011612
access-ctrl-01,access_controller,0.668876,9.062823,12777.536476,0.599735,2.51,0.764632,0.203821,0.257788,0.010452
thermostat-09,thermostat,0.785249,5.915627,5213.955619,0.399304,3.96,0.756797,0.261636,0.211412,0.016225
plug-14,smart_plug,0.383226,2.715186,828.337736,0.072075,1.49,0.496587,0.506985,0.335866,0.009925
cam-006,camera,1.327987,50.494702,97414.022967,1.813817,13.49,0.669119,0.339556,0.115329,0.038962
sensor-18,sensor,0.568619,3.182321,1625.901488,0.210006,1.7,0.816232,0.140557,0.298631,0.010462
router-14,router,1.009261,24.587989,64951.103339,1.891685,6.62,0.67284,0.309911,0.143928,0.015721
nvr-05,nvr,1.262752,23.644099,41032.148811,1.64109,3.83,0.754993,0.267145,0.192818,0.017972
access-ctrl-03,access_controller,0.714166,11.729676,10605.534125,0.770073,4.46,0.754147,0.209323,0.225253,0.007062
thermostat-13,thermostat,0.768409,6.449179,4983.949738,0.490803,1.0,0.642804,0.344164,0.202428,0.019276
plug-29,smart_plug,0.488355,2.074873,1478.889047,0.088659,1.92,0.519825,0.506675,0.336309,0.011509
cam-004,camera,1.481392,58.387621,105162.430128,2.200093,7.96,0.694733,0.277451,0.081272,0.027427
sensor-18,sensor,0.622675,4.118727,1065.161986,0.07864,3.32,0.832372,0.165995,0.250834,0.007923
router-08,router,0.942199,33.846694,48661.768163,1.783646,5.54,0.610668,0.379543,0.151688,0.02121
nvr-03,nvr,1.096181,24.223206,39939.94223,1.109004,2.31,0.762007,0.20258,0.156867,0.019356
access-ctrl-02,access_controller,0.581009,7.416217,10142.237774,0.655508,0.97,0.884956,0.10191,0.261787,0.007473
thermostat-28,thermostat,0.621848,7.529409,5375.395825,0.498355,4.53,0.761176,0.201877,0.231004,0.018
plug-19,smart_plug,0.347228,4.142756,1664.498058,0.090147,1.72,0.559343,0.417267,0.333488,0.012077
cam-001,camera,1.124274,51.19393,74494.646208,2.993069,9.96,0.585197,0.436726,0.080881,0.040236
sensor-18,sensor,0.643978,5.840485,2733.460331,0.239892,0.43,0.916869,0.055933,0.272624,0.005846
router-20,router,0.978931,33.825384,58636.514418,1.641491,6.81,0.673066,0.367042,0.147912,0.027927
nvr-06,nvr,1.197748,27.230371,52703.624079,1.545382,4.49,0.72485,0.290413,0.168213,0.015728
access-ctrl-06,access_controller,0.574408,9.389601,14955.287179,0.714818,2.97,0.84082,0.168459,0.260518,0.011897
thermostat-24,thermostat,0.777826,8.169168,5861.604179,0.407435,4.34,0.672453,0.337995,0.195698,0.019013
plug-19,smart_plug,0.497749,2.781577,1243.922213,0.165958,1.93,0.550333,0.467415,0.358268,0.009332
cam-005,camera,1.439314,47.141805,97576.258611,2.752519,8.63,0.645396,0.375135,0.105808,0.030093
sensor-21,sensor,0.427712,5.579187,1578.04215,0.130926,2.42,0.888605,0.145527,0.319069,0.010528
router-14,router,0.937205,27.992802,50880.150986,2.064061,7.62,0.709138,0.28681,0.146643,0.018219
nvr-06,nvr,1.249092,24.798889,42836.917477,1.1231,7.22,0.710557,0.23283,0.177374,0.015375
access-ctrl-03,access_controller,0.699028,7.988709,9422.568027,0.756421,3.98,0.818608,0.136016,0.241341,0.012889
thermostat-04,thermostat,0.677868,6.671393,3970.002958,0.370874,4.84,0.746767,0.229799,0.207636,0.015764
plug-22,smart_plug,0.489037,3.498027,1291.172814,0.131263,0.23,0.514576,0.446018,0.306678,0.009195
cam-006,camera,1.363694,51.751341,79084.111696,2.374107,13.09,0.710489,0.312707,0.107319,0.041474
sensor-18,sensor,0.604441,2.723763,1227.35309,0.288255,1.48,0.87899,0.086504,0.25366,0.011551
router-08,router,0.794106,32.258803,48422.706558,1.858123,7.46,0.691343,0.273941,0.121385,0.028917
nvr-05,nvr,1.189928,22.367679,40854.473215,1.5311,4.68,0.77296,0.167988,0.16801,0.016628
access-ctrl-03,access_controller,0.678506,7.573499,14863.097102,0.773971,3.03,0.81926,0.187751,0.23354,0.009859
thermostat-04,thermostat,0.760691,7.741036,4497.669801,0.427777,2.65,0.741081,0.233841,0.226442,0.014774
plug-11,smart_plug,0.409881,3.562178,1757.258426,0.082233,1.66,0.515041,0.47871,0.354157,0.010261
cam-003,camera,1.344897,60.763094,79577.693285,2.202638,14.55,0.567403,0.384149,0.080722,0.030117
sensor-21,sensor,0.507515,5.66481,2299.167598,0.070334,0.89,0.860646,0.096636,0.291167,0.007664
router-14,router,0.787837,39.733116,51023.852669,2.166655,6.92,0.672478,0.357156,0.149114,0.025007
nvr-02,nvr,1.156936,21.898946,48741.617376,1.614492,3.15,0.830603,0.13201,0.197316,0.010021
access-ctrl-04,access_controller,0.694885,9.23115,14599.320397,0.548836,2.6,0.863847,0.100209,0.253886,0.007365
thermostat-28,thermostat,0.75547,7.897184,4478.211965,0.328983,5.16,0.729576,0.215068,0.20367,0.020837
plug-31,smart_plug,0.406984,2.752569,1455.427711,0.089164,0.58,0.429775,0.514889,0.330761,0.010616
cam-005,camera,1.033824,64.245739,95320.247218,2.330744,8.49,0.700794,0.308087,0.09719,0.025133
sensor-21,sensor,0.397994,3.244668,2117.42318,0.265652,2.86,0.779567,0.199577,0.289062,0.008399
router-08,router,1.060058,31.604095,59303.128015,1.936217,7.18,0.728208,0.207774,0.141395,0.018397
nvr-03,nvr,0.87326,22.828885,52421.603583,1.533752,3.2,0.678076,0.313317,0.165204,0.014478
access-ctrl-07,access_controller,0.556142,11.629278,9184.97596,0.787798,3.0,0.79745,0.20194,0.240069,0.007121
thermostat-13,thermostat,0.754882,5.507412,4113.251084,0.45199,5.03,0.775873,0.247942,0.200458,0.01827
plug-31,smart_plug,0.377593,3.776092,1455.039187,0.079868,0.21,0.493659,0.450623,0.368765,0.00984
cam-006,camera,1.417415,64.054316,74822.209399,2.822522,10.0,0.628801,0.429673,0.112908,0.030559
sensor-07,sensor,0.612642,4.046103,2385.761422,0.106985,2.41,0.852395,0.136327,0.281001,0.010687
router-20,router,1.032559,26.5598,47068.743324,2.359403,11.04,0.629732,0.323088,0.148838,0.026697
nvr-01,nvr,1.228152,16.658758,41218.219868,1.729523,6.91,0.794813,0.167042,0.200172,0.020968
access-ctrl-03,access_controller,0.741308,9.883758,10503.731107,0.588215,3.37,0.844591,0.1351,0.220487,0.013023
thermostat-20,thermostat,0.793584,5.972522,3506.151564,0.301379,1.39,0.680271,0.306596,0.239564,0.015516
plug-22,smart_plug,0.371775,3.2209,843.561693,0.070778,2.09,0.470932,0.495012,0.336788,0.007758
cam-004,camera,1.327139,53.410505,98037.966318,2.88652,10.65,0.564463,0.413109,0.112462,0.041773
sensor-12,sensor,0.441264,4.276915,2627.509913,0.169417,0.82,0.887373,0.115769,0.255514,0.010514
router-05,router,1.001953,34.032212,50073.96398,2.006251,4.17,0.668106,0.281024,0.123797,0.016518
nvr-04,nvr,0.94681,23.941854,36064.958876,1.252673,6.78,0.739301,0.257392,0.163527,0.011839
access-ctrl-07,access_controller,0.59856,10.582816,9998.812637,0.637366,4.46,0.740076,0.202103,0.259752,0.009369
thermostat-20,thermostat,0.681108,5.644056,5725.705819,0.402803,5.29,0.735134,0.232745,0.218709,0.012629
plug-14,smart_plug,0.358182,2.754192,990.139792,0.05956,2.45,0.445515,0.503594,0.372085,0.008798
cam-004,camera,1.297722,64.536838,78812.995426,2.134816,6.68,0.666712,0.355927,0.099493,0.043015
sensor-24,sensor,0.551346,4.456866,2300.940685,0.233939,4.08,0.905894,0.071864,0.286531,0.005673
router-20,router,0.841598,39.959939,45178.855026,2.235951,8.39,0.757905,0.24588,0.161196,0.01602
nvr-05,nvr,1.117204,19.126373,55177.175563,1.62446,5.91,0.699439,0.308466,0.207874,0.020987
access-ctrl-02,access_controller,0.565531,10.514244,13811.787527,0.709134,5.08,0.867072,0.163039,0.253071,0.010893
thermostat-24,thermostat,0.665855,5.660055,5384.857603,0.303998,5.35,0.700127,0.254946,0.230959,0.014961
plug-14,smart_plug,0.491577,2.14628,845.123132,0.122906,1.18,0.557867,0.49535,0.340992,0.010551
cam-001,camera,1.484274,55.733258,87575.495556,2.713981,9.95,0.615181,0.381164,0.086432,0.031595
sensor-18,sensor,0.428814,5.803092,2608.97157,0.200809,3.89,0.800421,0.189046,0.254601,0.006333
router-20,router,0.993538,28.652726,42902.546576,2.135426,10.78,0.682514,0.310394,0.119791,0.015039
nvr-05,nvr,0.838255,28.493654,39652.301318,1.572086,6.55,0.739004,0.201272,0.17488,0.011461
access-ctrl-02,access_controller,0.645994,7.567697,11011.490416,0.759503,3.39,0.796827,0.194009,0.240712,0.007997
thermostat-09,thermostat,0.655427,8.072957,5291.251703,0.470169,3.31,0.734903,0.262467,0.211683,0.013479
plug-31,smart_plug,0.39655,4.064456,1360.26427,0.111192,1.84,0.516546,0.489514,0.343342,0.012443
cam-001,camera,1.41132,50.604698,99122.923759,2.587358,9.13,0.696331,0.291318,0.099022,0.043178
sensor-18,sensor,0.510235,4.898063,1896.679892,0.182039,2.15,0.852095,0.158656,0.275774,0.011591
router-05,router,0.980991,27.228695,42052.00486,1.605907,5.9,0.729126,0.256073,0.115119,0.026684
nvr-01,nvr,1.022344,23.469103,49153.646518,1.131858,4.63,0.776411,0.175937,0.214397,0.016694
access-ctrl-01,access_controller,0.739262,8.703613,13678.699163,0.763088,4.21,0.772773,0.210903,0.21838,0.012448
thermostat-16,thermostat,0.743377,7.382224,4283.049416,0.277606,2.85,0.710225,0.226119,0.208831,0.010395
plug-25,smart_plug,0.349509,3.466498,1636.084839,0.133194,1.53,0.47788,0.527898,0.357234,0.008645
cam-005,camera,1.427141,42.02113,88806.983165,2.103086,6.83,0.586945,0.359892,0.078664,0.027575
sensor-07,sensor,0.415823,4.309953,1423.941782,0.275819,3.48,0.83779,0.184884,0.264768,0.010621
router-08,router,0.856467,45.022631,57205.172445,2.03386,8.3,0.691028,0.302725,0.143645,0.029356
nvr-04,nvr,0.968821,27.93843,54754.021622,1.568091,4.68,0.654138,0.35544,0.163353,0.016579
access-ctrl-07,access_controller,0.639233,8.899335,10990.980131,0.696848,1.42,0.87778,0.120556,0.236194,0.009793
thermostat-16,thermostat,0.710805,7.349156,6022.71549,0.367256,2.93,0.720254,0.244366,0.24,0.019615
plug-29,smart_plug,0.368517,3.168178,1231.812403,0.11221,2.34,0.524281,0.475774,0.329501,0.010856
cam-004,camera,1.351841,66.355513,74501.813579,2.345897,12.09,0.727661,0.297589,0.097273,0.029135
sensor-21,sensor,0.533813,3.603611,1896.375753,0.259734,1.93,0.877647,0.112739,0.237645,0.011389
router-17,router,1.058985,25.907933,53430.138642,2.336114,7.96,0.671983,0.294755,0.150896,0.023106
nvr-07,nvr,0.883597,28.9738,55562.131558,1.162585,7.42,0.824742,0.190726,0.206548,0.017483
access-ctrl-03,access_controller,0.749457,11.721827,13016.774693,0.560547,3.69,0.824687,0.175517,0.244569,0.009657
thermostat-20,thermostat,0.873736,7.120943,3838.298636,0.312495,2.07,0.667552,0.286623,0.213391,0.011958
plug-22,smart_plug,0.432859,2.984399,951.850758,0.111987,0.99,0.554513,0.438242,0.369256,0.014926
cam-004,camera,1.109727,51.645767,102104.560283,1.790867,12.58,0.587251,0.427835,0.077021,0.039647
sensor-21,sensor,0.418931,3.107817,2029.846421,0.089629,2.24,0.854505,0.137898,0.28266,0.006805
router-02,router,0.970636,27.051964,45794.330324,1.676289,11.22,0.73219,0.288169,0.13744,0.020685
nvr-07,nvr,1.272825,21.255102,51163.041612,1.34377,5.85,0.739333,0.260522,0.160962,0.015636
access-ctrl-04,access_controller,0.77733,7.687884,13203.357719,0.823672,2.25,0.814033,0.169563,0.216274,0.007411
thermostat-20,thermostat,0.662096,6.473818,4551.760954,0.509343,1.3,0.724254,0.267318,0.21546,0.016462
plug-11,smart_plug,0.462058,2.010498,1241.18129,0.153183,2.72,0.530312,0.481908,0.360185,0.014378
cam-002,camera,1.294222,50.704932,108311.69074,2.197939,8.09,0.639634,0.37956,0.099543,0.039331
sensor-07,sensor,0.53415,5.693639,2194.274132,0.187133,3.19,0.840753,0.133028,0.25317,0.004846
router-17,router,0.712544,24.910359,52688.76555,1.637604,5.26,0.668012,0.322324,0.157032,0.029638
nvr-02,nvr,0.861905,26.778499,39802.837189,1.306076,2.72,0.742892,0.194912,0.198519,0.014192
access-ctrl-07,access_controller,0.709341,10.226473,14168.845978,0.644403,4.1,0.819919,0.178238,0.233211,0.008534
thermostat-16,thermostat,0.834187,5.352268,5102.15851,0.337828,2.95,0.750506,0.266778,0.21561,0.013142
plug-31,smart_plug,0.502812,2.742253,1654.499911,0.071495,0.89,0.503954,0.498047,0.330526,0.009973
cam-005,camera,1.261276,47.947227,108559.357485,2.191576,8.7,0.703156,0.324205,0.097114,0.032486
sensor-18,sensor,0.628527,5.33846,2463.300732,0.10259,4.42,0.846988,0.172469,0.301771,0.004384
router-11,router,0.939779,35.005061,51319.227699,2.237963,7.3,0.595935,0.353837,0.160294,0.028264
nvr-01,nvr,1.241917,23.679841,45264.579905,1.153045,2.79,0.794699,0.168048,0.209331,0.011343
access-ctrl-02,access_controller,0.613414,9.488623,13713.965448,0.739466,1.21,0.807885,0.17244,0.2105,0.008872
thermostat-24,thermostat,0.828231,7.585439,3617.277703,0.36588,2.19,0.723125,0.278521,0.217163,0.01884
plug-31,smart_plug,0.408657,3.374698,861.853684,0.050558,2.58,0.525347,0.494774,0.366114,0.01049
cam-007,camera,1.086017,41.796693,76047.563497,1.687893,13.76,0.583964,0.420975,0.11255,0.042252
sensor-30,sensor,0.659429,5.504437,1160.058227,0.26349,2.28,0.812296,0.167955,0.326576,0.008313
router-14,router,0.804453,27.863738,52770.731847,2.118195,7.02,0.742463,0.254032,0.111186,0.024635
nvr-04,nvr,1.139872,21.496921,34591.871125,1.698808,4.38,0.78965,0.202909,0.20489,0.016517
access-ctrl-06,access_controller,0.651416,8.91453,12833.526005,0.871253,1.54,0.806955,0.222872,0.256602,0.007004
thermostat-16,thermostat,0.836888,6.721698,5887.564521,0.379849,2.37,0.66926,0.291589,0.197512,0.01884
plug-11,smart_plug,0.466111,4.103878,1393.740019,0.101272,0.59,0.482008,0.482983,0.334985,0.010887
cam-003,camera,1.074211,64.491496,82152.917215,2.398313,11.61,0.678493,0.310801,0.111536,0.043125
sensor-24,sensor,0.457562,3.377556,2267.894911,0.139839,1.19,0.956629,0.042735,0.325294,0.007836
router-20,router,0.813731,40.577522,53533.324639,1.819063,7.8,0.595499,0.381259,0.134236,0.029338
nvr-06,nvr,1.099155,19.875601,39824.914624,1.284686,6.28,0.795364,0.142929,0.19748,0.017878
access-ctrl-02,access_controller,0.573029,8.026102,10364.888176,0.704219,4.09,0.877679,0.115711,0.215287,0.013428
thermostat-09,thermostat,0.83331,6.478146,3528.208956,0.492259,2.53,0.715965,0.259708,0.195669,0.013217
plug-14,smart_plug,0.437295,2.857061,1040.910487,0.118439,0.94,0.519222,0.471127,0.334686,0.00933
cam-002,camera,1.125056,52.304587,102645.184716,2.37653,8.57,0.583468,0.360526,0.112604,0.026063
sensor-18,sensor,0.442733,4.35674,2235.015984,0.271396,2.15,0.832527,0.150798,0.262439,0.010916
router-14,router,1.041275,32.058226,60884.377439,1.795553,7.14,0.642132,0.337613,0.131261,0.021052
nvr-06,nvr,0.924876,24.047089,56091.979676,1.150226,5.17,0.659443,0.308433,0.217557,0.011972
access-ctrl-06,access_controller,0.629687,11.209772,9516.51685,0.727271,3.2,0.797706,0.214767,0.251179,0.007827
thermostat-24,thermostat,0.794599,6.204458,5012.956314,0.382855,0.8,0.736338,0.242656,0.215318,0.01631
plug-11,smart_plug,0.355838,3.124522,684.258869,0.097996,0.25,0.527778,0.463798,0.306038,0.010745
cam-005,camera,1.105929,43.373697,78234.149596,2.516658,6.05,0.574729,0.372138,0.078299,0.023087
sensor-12,sensor,0.552016,3.486298,2461.752603,0.117595,2.09,0.852954,0.130718,0.298095,0.010805
router-17,router,0.91425,25.96568,57589.354499,2.226374,9.24,0.599268,0.3832,0.135165,0.024972
nvr-03,nvr,1.238429,27.035097,33611.550694,1.40372,2.75,0.808432,0.163454,0.178088,0.017103
access-ctrl-05,access_controller,0.570484,11.03184,12928.159649,0.479866,1.93,0.807955,0.175571,0.219727,0.010502
thermostat-04,thermostat,0.671778,5.265938,4951.722633,0.305244,1.88,0.657721,0.328012,0.205196,0.018886
plug-19,smart_plug,0.43871,2.453494,1088.341835,0.08747,0.0,0.530742,0.477878,0.354518,0.01084
cam-003,camera,1.302117,60.073541,86366.949365,2.249912,12.52,0.565116,0.375822,0.110791,0.029576
sensor-30,sensor,0.582769,3.413844,2138.906293,0.214168,3.94,0.908254,0.106938,0.318402,0.011694
router-05,router,0.744526,30.788733,68607.126608,2.302433,11.68,0.624552,0.373133,0.136228,0.014579
nvr-06,nvr,1.254318,17.796403,38864.592609,1.053642,3.77,0.74094,0.216652,0.210423,0.01671
access-ctrl-06,access_controller,0.695526,9.88723,11694.640576,0.574495,0.76,0.832232,0.149394,0.256075,0.00889
thermostat-24,thermostat,0.774031,7.955095,3541.556168,0.427818,1.58,0.680082,0.30469,0.223859,0.017613
plug-14,smart_plug,0.348216,3.589899,1378.905605,0.163048,1.88,0.532761,0.401307,0.321194,0.011619
cam-006,camera,1.110168,47.132773,80732.10307,2.156605,10.34,0.539148,0.409687,0.098746,0.043257
sensor-24,sensor,0.600286,5.784338,2363.594792,0.245837,4.07,0.926242,0.065931,0.257816,0.005161
router-05,router,0.80996,44.4673,60561.294548,1.673283,9.24,0.666393,0.283726,0.127873,0.022998
nvr-07,nvr,1.007083,20.015446,32593.402579,1.572547,1.71,0.830007,0.151015,0.206795,0.012518
access-ctrl-07,access_controller,0.658056,10.43066,9657.411125,0.53464,2.64,0.799335,0.196877,0.212649,0.008371
thermostat-20,thermostat,0.816625,7.481364,5469.073873,0.308252,3.5,0.75442,0.215677,0.234471,0.015792
plug-19,smart_plug,0.387391,2.172098,697.159155,0.079716,3.35,0.514,0.465967,0.340529,0.013757
cam-002,camera,1.068623,43.618419,102629.791848,2.465744,10.26,0.66416,0.260727,0.105943,0.03679
sensor-24,sensor,0.468668,5.661115,1362.598702,0.119683,2.91,0.93521,0.066671,0.247502,0.00453
router-11,router,0.90465,30.164614,65564.294409,1.650956,9.09,0.642119,0.349414,0.142916,0.017056
nvr-06,nvr,0.908274,25.270521,38896.987721,1.787875,6.78,0.789929,0.229562,0.21115,0.017047
access-ctrl-05,access_controller,0.563923,9.466397,9661.920499,0.903486,3.93,0.860051,0.125515,0.214326,0.010455
thermostat-09,thermostat,0.836398,5.452481,4786.754986,0.391513,3.72,0.75208,0.250547,0.214519,0.011458
plug-25,smart_plug,0.411655,3.995211,1404.987482,0.061147,2.68,0.521612,0.494412,0.312911,0.011514
cam-001,camera,1.047987,62.623234,90063.558988,2.128351,12.38,0.608797,0.392867,0.104281,0.025223
sensor-30,sensor,0.415897,5.093152,1248.343283,0.108253,2.48,0.822987,0.154076,0.242111,0.007855
router-08,router,0.901808,34.227482,63509.123243,1.702456,10.29,0.631765,0.354775,0.153552,0.018698
nvr-07,nvr,1.141782,16.752097,42388.980285,1.506463,5.37,0.731945,0.269531,0.214549,0.018906
access-ctrl-04,access_controller,0.751173,12.043725,11594.830252,0.750102,2.32,0.862045,0.097462,0.225531,0.008835
thermostat-28,thermostat,0.755008,7.696752,4104.791744,0.376929,3.18,0.676076,0.302363,0.200839,0.011925
plug-31,smart_plug,0.449658,2.147985,1561.703203,0.127163,0.0,0.561849,0.435247,0.359407,0.009869
cam-005,camera,1.438777,63.779863,97414.35796,1.876609,12.28,0.571638,0.436872,0.095658,0.030592
sensor-27,sensor,0.576033,3.631512,2137.969702,0.174653,4.12,0.795958,0.17424,0.28675,0.006951
router-08,router,0.744889,27.326415,69494.563789,1.987414,12.36,0.694991,0.269055,0.150378,0.018209
nvr-04,nvr,1.000712,21.314955,53583.17436,1.240776,3.67,0.783216,0.142875,0.174491,0.018917
access-ctrl-03,access_controller,0.713399,8.383277,12147.40936,0.594744,2.48,0.784428,0.154225,0.262338,0.013385
thermostat-16,thermostat,0.847509,7.093028,3945.194936,0.322371,3.04,0.638359,0.295263,0.190869,0.018094
plug-11,smart_plug,0.344893,3.402447,860.940504,0.088343,3.06,0.469961,0.522528,0.336467,0.011102
cam-004,camera,1.354504,66.344633,110420.348972,1.783591,11.06,0.628684,0.341799,0.11593,0.026147
sensor-18,sensor,0.660501,3.942976,1155.395705,0.202115,2.33,0.777972,0.217686,0.255953,0.010825
router-14,router,0.993341,42.249318,56362.305743,2.119647,6.32,0.697587,0.244309,0.134862,0.027094
nvr-04,nvr,1.155682,22.630346,52516.867296,1.169876,5.68,0.803858,0.147246,0.18978,0.019126
access-ctrl-04,access_controller,0.78607,12.341818,8845.688928,0.505307,2.07,0.855708,0.076982,0.252925,0.014215
thermostat-13,thermostat,0.736606,4.906782,4456.7841,0.332168,0.7,0.770857,0.226073,0.210685,0.011488
plug-11,smart_plug,0.373737,3.516255,786.068993,0.080344,1.18,0.480781,0.470597,0.321468,0.014067
cam-003,camera,1.197063,47.078451,94595.320044,2.014451,7.81,0.672832,0.30615,0.085799,0.02952
sensor-07,sensor,0.469542,4.317459,1480.072386,0.25478,1.06,0.771101,0.206894,0.284395,0.009516
router-17,router,1.000917,42.230985,43051.823628,2.311055,8.74,0.605752,0.392208,0.151382,0.030015
nvr-03,nvr,1.104113,28.337865,44520.297051,1.322086,4.17,0.77278,0.15545,0.160002,0.018039
access-ctrl-04,access_controller,0.741921,11.399783,10876.38111,0.732627,4.61,0.82563,0.169596,0.223576,0.008542
thermostat-04,thermostat,0.778689,7.083412,4135.658942,0.439511,2.94,0.736585,0.230304,0.23694,0.016196
plug-22,smart_plug,0.401438,3.949898,1058.949822,0.049671,1.21,0.490098,0.454747,0.318209,0.011933
cam-002,camera,1.242145,42.253692,69918.624587,2.384551,8.39,0.592111,0.360403,0.08361,0.041609
sensor-30,sensor,0.533791,4.116672,2663.353969,0.081294,2.66,0.90821,0.117799,0.263105,0.004661
router-14,router,0.966888,26.039654,70352.972989,2.011274,7.19,0.65861,0.298763,0.121583,0.025539
nvr-02,nvr,1.140891,28.047267,39604.486002,1.626228,4.39,0.667363,0.293105,0.161268,0.020297
access-ctrl-06,access_controller,0.723655,11.610417,11309.847477,0.547726,1.81,0.831886,0.153337,0.26562,0.012321
thermostat-20,thermostat,0.707385,7.226302,3878.991413,0.28759,3.37,0.661924,0.316864,0.239836,0.018156
plug-31,smart_plug,0.421386,2.068846,1441.79697,0.107619,1.9,0.527693,0.510314,0.356821,0.008221
cam-006,camera,1.289331,47.212631,82230.937447,2.661663,9.02,0.696483,0.292976,0.099803,0.041646
sensor-30,sensor,0.631959,5.846523,2806.736901,0.21963,0.0,0.907031,0.100697,0.253765,0.008275
router-05,router,1.068071,33.142729,55739.560417,1.637679,4.98,0.686784,0.295793,0.125864,0.029258
nvr-01,nvr,1.207281,18.902818,59376.993391,1.484451,3.5,0.751066,0.221169,0.170552,0.01977
access-ctrl-03,access_controller,0.758114,9.768894,12176.77876,0.511156,3.27,0.857734,0.105756,0.239212,0.00838
thermostat-28,thermostat,0.854279,7.960804,5696.643118,0.401012,2.22,0.642297,0.344749,0.224389,0.016006
plug-11,smart_plug,0.368735,2.121378,1727.744604,0.08181,2.42,0.481849,0.487414,0.323855,0.012149
cam-006,camera,1.419795,55.069975,97914.833911,2.04453,8.59,0.706369,0.302272,0.11037,0.034414
sensor-18,sensor,0.447895,4.60796,1361.948446,0.208557,2.17,0.893613,0.108333,0.243276,0.006716
router-08,router,0.738941,35.718789,70277.606144,1.950487,8.67,0.696154,0.275834,0.136707,0.029061
nvr-03,nvr,0.9326,17.180916,45973.553254,1.594991,4.8,0.773732,0.195699,0.177009,0.019285
access-ctrl-07,access_controller,0.790576,7.54658,9910.775748,0.475406,0.89,0.815754,0.15152,0.226497,0.007036
thermostat-24,thermostat,0.734811,5.906507,5243.013857,0.277747,2.75,0.703848,0.30637,0.213058,0.016673
plug-19,smart_plug,0.4455,2.778576,1347.834621,0.101178,0.0,0.537591,0.47316,0.331752,0.014006
cam-004,camera,1.203474,55.877218,72941.684074,2.611128,6.21,0.715274,0.31441,0.088346,0.024702
sensor-24,sensor,0.622669,5.251488,1623.644091,0.108943,2.11,0.911909,0.041848,0.289644,0.004174
router-17,router,0.942888,27.854227,50199.174133,2.136587,5.56,0.740089,0.27778,0.119445,0.016104
nvr-07,nvr,0.90218,28.686467,57280.1074,1.534931,4.09,0.661121,0.264278,0.199027,0.020928
access-ctrl-04,access_controller,0.559977,7.915949,10329.160492,0.756927,4.78,0.818253,0.200206,0.246985,0.008599
thermostat-13,thermostat,0.816778,7.414274,5500.255731,0.460922,4.47,0.643211,0.367437,0.215756,0.017384
plug-14,smart_plug,0.414834,2.940166,1474.466789,0.078469,0.48,0.537607,0.483812,0.304953,0.00889
cam-002,camera,1.247409,53.50557,81916.069427,2.446226,11.86,0.729366,0.297849,0.085557,0.035438
sensor-30,sensor,0.446827,5.788772,1699.769903,0.16941,0.25,0.866023,0.13097,0.250643,0.009778
router-11,router,0.812405,37.13731,49904.181702,2.107562,6.21,0.684694,0.292339,0.145201,0.017756
nvr-04,nvr,0.918698,26.929818,41576.09018,1.433399,5.1,0.742559,0.265707,0.202482,0.019016
access-ctrl-06,access_controller,0.550463,7.397533,9022.377883,0.781473,1.89,0.800455,0.174666,0.251244,0.011235
thermostat-28,thermostat,0.855764,7.786329,4185.033368,0.394738,5.21,0.714428,0.314862,0.241292,0.018144
plug-22,smart_plug,0.477194,2.19725,1454.750667,0.061244,0.88,0.506308,0.474382,0.307797,0.012788
cam-007,camera,1.19669,53.900404,95767.045666,2.338766,8.53,0.73489,0.292916,0.098028,0.031765
sensor-12,sensor,0.479579,3.273368,2668.656391,0.143724,4.08,0.840726,0.130752,0.29777,0.009546
router-17,router,0.906653,38.477963,65619.44891,1.719197,9.23,0.652706,0.383793,0.118403,0.022008
nvr-07,nvr,0.944863,29.353099,48230.872621,1.440338,5.05,0.736558,0.299208,0.210408,0.014553
access-ctrl-02,access_controller,0.64854,10.957221,12555.982981,0.787073,3.43,0.796619,0.187781,0.222356,0.007163
thermostat-04,thermostat,0.876942,6.189237,4216.702321,0.393282,3.28,0.677089,0.273936,0.229642,0.017661
plug-11,smart_plug,0.380956,3.417916,1323.288656,0.15393,1.7,0.534969,0.454784,0.372139,0.014419
cam-006,camera,1.177808,57.3073,104541.57254,1.782243,11.2,0.663251,0.318742,0.103249,0.039169
sensor-21,sensor,0.438131,3.001131,1020.496858,0.070031,0.17,0.910316,0.079792,0.25451,0.007595
router-17,router,1.013296,34.751874,43802.36212,2.416046,9.47,0.650631,0.349328,0.161288,0.029421
nvr-03,nvr,1.009169,21.898105,35727.638845,1.102211,5.9,0.807438,0.185635,0.167119,0.016274
access-ctrl-02,access_controller,0.677303,11.608736,9636.361949,0.562691,4.02,0.743075,0.235032,0.241792,0.009395
thermostat-04,thermostat,0.850665,5.045393,4933.70339,0.28679,1.73,0.675272,0.290404,0.200311,0.019666
plug-29,smart_plug,0.375901,3.54789,724.804492,0.111749,2.39,0.525782,0.491003,0.317938,0.010391
cam-001,camera,1.426448,44.892143,98824.477692,1.979722,8.86,0.677384,0.279353,0.085481,0.033089
sensor-21,sensor,0.498973,5.083923,1547.144299,0.129901,0.38,0.917533,0.089784,0.243001,0.011486
router-17,router,0.733648,43.453484,44068.276234,2.39804,5.63,0.688917,0.282205,0.137264,0.029941
nvr-07,nvr,1.101093,27.464368,42995.008935,1.662478,5.88,0.753816,0.257959,0.164908,0.019222
access-ctrl-06,access_controller,0.715113,8.124792,9543.24733,0.848199,2.78,0.848092,0.138657,0.233207,0.012571
thermostat-16,thermostat,0.847068,5.739075,5442.546352,0.34801,4.22,0.670132,0.268966,0.219114,0.015298
plug-14,smart_plug,0.494593,2.82223,722.089124,0.148164,0.76,0.491698,0.4949,0.304662,0.009513
cam-004,camera,1.319603,45.229246,92178.129137,2.69274,12.88,0.634473,0.362342,0.093598,0.031999
sensor-24,sensor,0.619527,5.713315,1265.523911,0.257061,1.88,0.883925,0.058214,0.319265,0.012972
router-20,router,0.934272,29.476865,61122.741828,1.957265,6.61,0.711173,0.281657,0.150884,0.015801
nvr-03,nvr,0.873507,21.707289,51266.642848,1.731993,4.38,0.793388,0.223768,0.158926,0.016371
access-ctrl-03,access_controller,0.675496,9.436228,10489.43112,0.73277,1.57,0.766251,0.196396,0.245974,0.012287
thermostat-13,thermostat,0.696973,6.605693,4203.07767,0.400675,4.53,0.650359,0.293349,0.214074,0.013418
plug-14,smart_plug,0.326225,3.207567,1126.685709,0.069898,0.0,0.45687,0.480939,0.331307,0.014298
cam-006,camera,1.324609,47.515785,74834.669463,1.960315,11.41,0.700345,0.324438,0.09011,0.03084
sensor-07,sensor,0.528836,5.536102,2035.543862,0.275672,0.17,0.888823,0.079577,0.265521,0.010084
router-02,router,0.973339,41.446761,43689.080211,2.331525,8.46,0.596668,0.376784,0.116677,0.019108
nvr-05,nvr,1.243827,25.490922,53758.940132,1.603981,6.17,0.817357,0.22344,0.190838,0.016124
access-ctrl-04,access_controller,0.75584,8.130072,9130.949269,0.509918,4.74,0.731548,0.184749,0.21729,0.010843
thermostat-04,thermostat,0.863969,7.493493,4994.614034,0.397983,2.76,0.650196,0.329443,0.218104,0.018542
plug-19,smart_plug,0.457471,2.449629,1173.125465,0.141618,0.56,0.525595,0.479819,0.348028,0.007311
cam-004,camera,1.370414,46.330405,72032.272496,1.872971,11.88,0.677183,0.287947,0.080773,0.02499
sensor-21,sensor,0.624865,4.731131,991.508674,0.152794,3.6,0.846355,0.109085,0.240539,0.005551
router-17,router,0.720147,39.841543,63350.469323,1.681505,5.0,0.697226,0.305277,0.13136,0.02131
nvr-01,nvr,1.031388,21.983053,38111.843365,1.251893,4.94,0.824063,0.163173,0.213626,0.016512
access-ctrl-02,access_controller,0.758781,11.656158,8840.326176,0.589052,1.98,0.848728,0.17649,0.240083,0.011774
thermostat-04,thermostat,0.780036,6.215903,5496.702992,0.461576,2.57,0.707822,0.314085,0.225341,0.017944
plug-11,smart_plug,0.388435,4.081147,1202.733264,0.137012,2.25,0.481454,0.447393,0.311784,0.014524
cam-003,camera,1.281476,48.765175,90283.503191,2.037378,11.52,0.666203,0.320307,0.078348,0.023169
sensor-27,sensor,0.432681,3.703054,1445.873482,0.206997,0.56,0.8664,0.145858,0.290202,0.009002
router-14,router,0.810702,30.200388,48358.233216,2.4536,3.81,0.720233,0.248772,0.134188,0.021449
nvr-04,nvr,1.041419,26.102288,38471.466291,1.19995,5.77,0.832878,0.132379,0.184363,0.016759
access-ctrl-01,access_controller,0.758972,8.272873,14046.922825,0.594746,1.66,0.778467,0.225495,0.253319,0.007141
thermostat-09,thermostat,0.601419,7.882502,4768.965966,0.273383,4.17,0.701727,0.283591,0.1922,0.011096
plug-29,smart_plug,0.485532,3.653171,1438.713596,0.161786,3.29,0.433779,0.550961,0.304947,0.013164
cam-006,camera,1.502903,57.839406,106829.269246,1.906639,8.21,0.737433,0.258402,0.076677,0.032349
sensor-12,sensor,0.666097,2.758335,2355.271291,0.088542,2.3,0.909277,0.092024,0.302604,0.012496
router-20,router,0.788211,45.194424,64794.884457,1.926448,6.53,0.696932,0.31452,0.115156,0.022332
nvr-02,nvr,0.898058,25.453256,56609.305059,1.758915,3.13,0.677503,0.326469,0.203443,0.012702
access-ctrl-03,access_controller,0.624368,12.389,10806.608142,0.528683,4.84,0.826757,0.163786,0.236206,0.007847
thermostat-20,thermostat,0.730869,7.913049,5376.157082,0.273025,3.84,0.752014,0.244613,0.208902,0.015534
plug-31,smart_plug,0.388115,3.105616,1707.812162,0.111761,2.93,0.527468,0.465923,0.31421,0.011726
cam-004,camera,1.175597,50.670762,92969.340557,2.183396,8.32,0.706736,0.29093,0.105147,0.040767
sensor-18,sensor,0.495122,5.367849,2783.324456,0.097271,1.57,0.76533,0.179842,0.307192,0.005155
router-17,router,0.846773,37.472651,71513.738348,1.71322,6.94,0.646482,0.33547,0.137592,0.023233
nvr-06,nvr,1.092408,22.777682,36793.734781,1.359474,5.58,0.714249,0.252054,0.192957,0.018849
access-ctrl-06,access_controller,0.780547,8.326844,13903.386632,0.692503,3.17,0.799957,0.164566,0.268156,0.007824
thermostat-09,thermostat,0.760004,5.895472,4346.564096,0.388923,2.58,0.72905,0.261591,0.215449,0.011017
plug-25,smart_plug,0.355447,2.148478,753.728208,0.122581,1.29,0.55077,0.438068,0.353901,0.010865
cam-006,camera,1.29079,48.399843,69682.686148,2.89559,11.97,0.651022,0.353062,0.103902,0.042735
sensor-07,sensor,0.449622,4.052383,2136.944364,0.185032,3.78,0.806915,0.198305,0.27589,0.009458
router-08,router,0.986802,44.078306,48962.065683,2.284496,7.24,0.63734,0.316222,0.160096,0.026838
nvr-04,nvr,1.223227,20.78984,35450.395297,1.384267,3.79,0.717481,0.279942,0.212449,0.016617
access-ctrl-03,access_controller,0.544857,9.199248,15173.510292,0.598322,1.84,0.836564,0.175671,0.235789,0.013037
thermostat-24,thermostat,0.75534,5.22798,5684.206132,0.478877,3.91,0.717592,0.239763,0.233559,0.014904
plug-22,smart_plug,0.35557,3.409547,700.527248,0.107463,1.33,0.559707,0.463323,0.334623,0.008384
cam-007,camera,1.16951,59.618661,83429.156043,2.791672,11.39,0.566098,0.441723,0.112857,0.025982
sensor-21,sensor,0.514636,5.225405,2411.451538,0.2457,2.05,0.831633,0.089191,0.236815,0.006955
router-02,router,1.006924,43.951598,41072.809196,1.901053,6.86,0.670968,0.27713,0.133019,0.028962
nvr-01,nvr,1.153707,27.695014,42752.709606,1.682055,6.26,0.712069,0.273726,0.197091,0.010931
access-ctrl-03,access_controller,0.595566,10.89129,9585.406279,0.534498,1.45,0.843924,0.112726,0.251315,0.011261
thermostat-13,thermostat,0.665372,6.323011,5350.877744,0.461912,3.82,0.660511,0.368506,0.210087,0.014431
plug-29,smart_plug,0.481518,2.922133,1685.244361,0.070625,0.35,0.517394,0.49246,0.319428,0.013723
cam-004,camera,1.129967,49.205943,76050.575717,2.407327,11.6,0.619493,0.370846,0.101349,0.040971
sensor-30,sensor,0.599144,4.961531,2412.717123,0.263157,3.59,0.847928,0.127355,0.3132,0.009027
router-20,router,0.903268,33.106693,63355.986882,2.203206,3.74,0.615806,0.379915,0.133786,0.023361
nvr-05,nvr,1.127645,16.534463,59842.882308,1.291364,5.07,0.802418,0.165967,0.175048,0.020851
access-ctrl-01,access_controller,0.714036,8.255819,10547.993366,0.830526,4.32,0.805671,0.170536,0.254023,0.010313
thermostat-09,thermostat,0.849711,6.51272,5306.165108,0.470583,3.49,0.682667,0.254755,0.223189,0.016349
plug-11,smart_plug,0.46868,3.307998,1226.427436,0.059857,2.88,0.485278,0.490055,0.371398,0.012836
cam-006,camera,1.424595,57.964607,88708.496462,2.141806,9.38,0.587259,0.455768,0.094389,0.043116
sensor-07,sensor,0.420614,2.772048,1763.157298,0.081333,1.06,0.898642,0.047766,0.308737,0.006058
router-11,router,0.876287,41.726234,58593.523279,1.908065,5.18,0.61987,0.376258,0.151094,0.030487
nvr-07,nvr,1.203226,29.187563,39592.047713,1.720796,4.41,0.700818,0.292205,0.21222,0.020912
access-ctrl-07,access_controller,0.668088,9.189147,9452.60286,0.517669,1.08,0.869022,0.151527,0.263439,0.007906
thermostat-24,thermostat,0.746408,5.181734,4551.413031,0.395934,1.52,0.721387,0.265041,0.206451,0.019883
plug-19,smart_plug,0.406623,2.163123,1657.417838,0.101949,0.01,0.450663,0.565468,0.327977,0.015823
cam-002,camera,1.127153,55.064368,86526.799992,1.848753,8.41,0.659864,0.300265,0.104498,0.040051
sensor-24,sensor,0.628424,5.464916,2608.896271,0.120568,2.85,0.81493,0.207489,0.290724,0.007209
router-11,router,0.915339,34.960975,59379.07965,1.879887,6.58,0.645027,0.358258,0.153278,0.015799
nvr-06,nvr,0.968348,24.107285,43108.149072,1.607186,6.12,0.752807,0.19061,0.1994,0.019557
access-ctrl-06,access_controller,0.616266,10.955373,9215.105248,0.517855,4.74,0.842434,0.142701,0.230698,0.009141
thermostat-28,thermostat,0.80911,6.218134,4217.727392,0.426188,3.9,0.711368,0.26174,0.229169,0.011846
plug-11,smart_plug,0.460459,3.234059,1348.446114,0.079101,2.02,0.460649,0.516743,0.301711,0.011549
cam-006,camera,1.418994,51.583558,86968.875296,2.018339,10.68,0.567726,0.423105,0.108188,0.03091
sensor-27,sensor,0.572596,4.469986,1530.044162,0.18239,1.01,0.845467,0.125552,0.23487,0.009448
router-02,router,1.040919,28.284133,51140.711102,2.364205,5.14,0.679893,0.312291,0.147521,0.018893
nvr-07,nvr,1.021717,18.18749,33780.690244,1.693635,2.09,0.674222,0.281271,0.188525,0.0119
access-ctrl-03,access_controller,0.607564,10.972981,10029.931193,0.514346,1.64,0.876489,0.139603,0.240085,0.009394
thermostat-04,thermostat,0.753661,7.679088,4834.117483,0.449855,4.21,0.726696,0.272251,0.206351,0.018782
plug-31,smart_plug,0.41557,3.531193,1545.265997,0.129116,1.19,0.497892,0.476587,0.334939,0.011729
cam-006,camera,1.289491,61.121389,80998.132479,2.338269,8.37,0.616524,0.401381,0.088985,0.032706
sensor-30,sensor,0.573335,5.675907,1008.540026,0.133451,4.18,0.846418,0.168714,0.253009,0.00555
router-08,router,1.003692,35.012532,67613.528907,1.996753,7.39,0.641098,0.317962,0.122935,0.025983
nvr-04,nvr,1.103769,18.200915,47775.64996,1.060852,6.87,0.689889,0.318415,0.169827,0.016246
access-ctrl-06,access_controller,0.650578,9.232199,12859.938863,0.742028,1.92,0.827064,0.171313,0.244308,0.008366
thermostat-20,thermostat,0.79746,8.411301,4265.834016,0.294034,3.48,0.682683,0.327144,0.238339,0.014346
plug-19,smart_plug,0.343706,2.337661,1472.08359,0.080691,1.88,0.431323,0.515031,0.336333,0.011433
cam-005,camera,1.437304,56.426295,87115.056842,2.508775,6.99,0.618692,0.349019,0.101413,0.028415
sensor-27,sensor,0.542816,4.891382,2359.15848,0.088666,0.0,0.794654,0.1842,0.309437,0.005605
router-05,router,0.863736,37.21951,68661.477991,2.393583,7.85,0.702237,0.238156,0.143891,0.031955
nvr-07,nvr,1.084291,24.003369,35891.044298,1.441697,5.14,0.716028,0.287405,0.193199,0.020785
access-ctrl-03,access_controller,0.766651,8.556662,11125.12797,0.797326,3.96,0.826958,0.12699,0.206941,0.008331
thermostat-20,thermostat,0.71188,6.576364,4520.217756,0.390006,2.17,0.635536,0.325524,0.233243,0.013069
plug-22,smart_plug,0.443117,3.491961,707.403248,0.120324,2.08,0.414214,0.532791,0.340198,0.013619
cam-004,camera,1.145976,58.914368,93359.126749,2.21314,11.11,0.572166,0.349245,0.077789,0.029384
sensor-24,sensor,0.486841,4.416259,1413.350839,0.157186,2.83,0.849096,0.135623,0.270035,0.008252
router-02,router,1.039317,39.63583,61352.92646,1.691195,8.59,0.684152,0.279055,0.136866,0.02831
nvr-06,nvr,1.183393,23.55464,44363.407058,1.367673,5.02,0.695764,0.297434,0.184003,0.013734
access-ctrl-04,access_controller,0.586033,11.24797,9029.084342,0.845097,3.16,0.834941,0.147161,0.238566,0.011736
thermostat-24,thermostat,0.845352,5.897555,3651.766795,0.410473,4.81,0.750697,0.249583,0.198951,0.018694
plug-25,smart_plug,0.506101,4.065094,1289.233707,0.099755,1.18,0.519531,0.485354,0.346836,0.012789
cam-004,camera,1.428161,57.150617,107915.514487,1.87043,5.73,0.659139,0.361167,0.099437,0.026538
sensor-27,sensor,0.40546,5.832974,2545.363588,0.082287,2.41,0.937246,0.085582,0.27621,0.007758
router-11,router,0.833357,40.210738,55764.792905,1.815813,9.54,0.615628,0.376856,0.150651,0.019725
nvr-01,nvr,0.966387,20.174806,56863.637093,1.757286,2.91,0.765952,0.223092,0.167609,0.010059
access-ctrl-01,access_controller,0.732364,7.581534,14908.469468,0.640553,1.58,0.859729,0.144784,0.255493,0.006097
thermostat-28,thermostat,0.875821,6.402362,3829.659529,0.363684,2.59,0.755158,0.230259,0.215445,0.012982
plug-22,smart_plug,0.41459,2.529377,878.076935,0.110344,1.37,0.519065,0.464604,0.307922,0.010464
cam-005,camera,1.193919,60.973968,80399.810604,2.920218,6.48,0.682504,0.321547,0.099093,0.029101
sensor-24,sensor,0.445617,3.156675,1805.880947,0.204443,2.13,0.916158,0.10365,0.31435,0.007563
router-05,router,0.91477,28.807004,53786.471043,1.910816,11.75,0.685702,0.30256,0.140361,0.017096
nvr-03,nvr,0.879421,27.527782,39269.927888,1.49198,3.94,0.764431,0.17102,0.171475,0.017471
access-ctrl-04,access_controller,0.561632,11.406224,11908.554916,0.82607,3.9,0.831036,0.184283,0.272055,0.012531
thermostat-28,thermostat,0.725309,6.296633,5670.395315,0.350034,2.18,0.737442,0.250712,0.222487,0.015885
plug-22,smart_plug,0.357832,3.811508,963.738987,0.108693,2.04,0.486654,0.476575,0.340874,0.014159
cam-003,camera,1.155783,56.749594,78056.34971,2.876012,14.61,0.613498,0.384361,0.104243,0.031237
sensor-21,sensor,0.464555,3.177643,2858.394437,0.143171,0.73,0.810984,0.149983,0.262862,0.011044
router-20,router,0.762278,27.730839,52533.428221,2.273386,4.55,0.645492,0.334491,0.119006,0.022494
nvr-02,nvr,0.920362,20.888981,53923.918252,1.779279,6.04,0.773888,0.207125,0.177043,0.021614
access-ctrl-01,access_controller,0.657876,8.999206,12544.57175,0.554352,2.44,0.869513,0.160856,0.244839,0.010821
thermostat-28,thermostat,0.806306,7.376043,4394.113312,0.408429,2.78,0.707317,0.298612,0.208369,0.011993
plug-31,smart_plug,0.469915,3.736285,1736.357478,0.162879,1.91,0.476023,0.477542,0.334747,0.014714
cam-002,camera,1.315782,60.898446,97858.11795,2.131937,9.89,0.653905,0.312059,0.101717,0.038933
sensor-18,sensor,0.552671,4.081056,1531.945458,0.13598,2.87,0.771621,0.171763,0.292748,0.011147
router-14,router,1.054046,32.291384,53245.26207,2.336095,7.71,0.674712,0.32159,0.138966,0.019783
nvr-02,nvr,1.18921,18.451957,41890.976848,1.161927,3.26,0.776321,0.212296,0.18087,0.015626
access-ctrl-06,access_controller,0.690145,10.114616,13473.131899,0.639501,2.21,0.882752,0.114584,0.251554,0.013248
thermostat-16,thermostat,0.702888,6.536628,4267.649681,0.434326,4.75,0.705665,0.259758,0.211311,0.015169
plug-22,smart_plug,0.507256,2.428325,1048.109129,0.111308,0.56,0.516107,0.478479,0.324418,0.013016
cam-005,camera,1.077498,65.066091,91014.241901,1.842011,14.16,0.593107,0.37401,0.087513,0.03438
sensor-12,sensor,0.543599,4.923508,1558.027692,0.202365,2.46,0.831047,0.118783,0.286276,0.005819
router-02,router,0.796045,27.14949,54712.509621,2.358237,8.7,0.646362,0.353106,0.153704,0.024367
nvr-06,nvr,1.031137,27.897294,43152.47037,1.585326,7.34,0.807527,0.162726,0.152003,0.018312
access-ctrl-07,access_controller,0.727743,11.298346,9830.208083,0.531557,3.07,0.802437,0.226691,0.23915,0.008603
thermostat-24,thermostat,0.621754,7.690676,4991.582781,0.264714,3.62,0.778226,0.233373,0.20679,0.016427
plug-14,smart_plug,0.508216,3.255138,1553.247828,0.173998,0.11,0.432796,0.500139,0.321672,0.013944
cam-002,camera,1.427835,60.255974,96700.228827,2.296037,8.87,0.642487,0.365098,0.093518,0.038592
sensor-21,sensor,0.45376,5.18638,2478.988055,0.175635,0.75,0.861059,0.097794,0.243294,0.009969
router-17,router,0.999745,28.818095,59996.895113,2.003795,5.53,0.621304,0.365671,0.112054,0.024443
nvr-06,nvr,1.076835,18.347305,49279.74911,1.49253,4.86,0.778042,0.20408,0.202967,0.020425
access-ctrl-03,access_controller,0.760425,10.152316,10835.386157,0.640186,1.68,0.864594,0.131794,0.224323,0.007463
thermostat-28,thermostat,0.75097,7.073181,5444.563207,0.415699,4.81,0.680971,0.322797,0.225028,0.013673
plug-31,smart_plug,0.506313,2.65807,1152.569252,0.101015,3.41,0.493574,0.520327,0.347692,0.011917
cam-007,camera,1.041528,48.97661,74760.060697,1.784074,8.52,0.620355,0.355885,0.103817,0.037557
sensor-07,sensor,0.64872,2.608569,2679.383984,0.133658,3.76,0.814371,0.164305,0.289478,0.009229
router-05,router,0.898856,37.998154,57309.814471,1.724246,4.58,0.633135,0.352196,0.160612,0.028658
nvr-01,nvr,1.291258,25.485673,56363.975963,1.453016,5.77,0.720118,0.258016,0.194325,0.019435
access-ctrl-02,access_controller,0.571058,7.458144,10679.848382,0.818641,3.0,0.884956,0.120567,0.208823,0.006093
thermostat-24,thermostat,0.61055,5.606783,5721.145332,0.342683,4.76,0.725015,0.272816,0.223481,0.014503
plug-25,smart_plug,0.410541,3.048812,729.1463,0.101803,2.88,0.522378,0.464238,0.358175,0.01203
cam-006,camera,1.321746,56.119286,68208.325325,2.913738,10.81,0.713352,0.282449,0.097082,0.033868
sensor-18,sensor,0.64717,3.779445,2043.493857,0.269591,2.36,0.841809,0.188724,0.307053,0.005883
router-08,router,0.935887,35.077964,72106.648186,2.165363,6.29,0.63961,0.306178,0.16581,0.017543
nvr-06,nvr,1.238261,26.75704,51614.646969,1.568317,5.08,0.670031,0.277943,0.199706,0.015372
access-ctrl-06,access_controller,0.678809,8.944489,9926.455625,0.777001,2.15,0.800709,0.183336,0.231102,0.008511
thermostat-28,thermostat,0.686217,5.127922,3787.090276,0.373677,2.53,0.734631,0.295536,0.248217,0.019923
plug-29,smart_plug,0.426937,4.040446,850.087224,0.121674,1.18,0.455192,0.510896,0.357261,0.014297
cam-001,camera,1.207458,55.198478,101971.534718,1.700865,8.62,0.662006,0.335603,0.082368,0.036015
sensor-21,sensor,0.593964,4.580609,2313.323292,0.225013,0.7,0.835449,0.184492,0.270822,0.010388
router-17,router,0.82963,28.924687,56612.187012,2.199985,11.1,0.711297,0.244015,0.133148,0.024542
nvr-06,nvr,1.052722,21.035359,40598.142693,1.613641,4.16,0.80045,0.191174,0.17865,0.019416
access-ctrl-02,access_controller,0.729091,11.408262,14497.724846,0.693242,3.7,0.792863,0.193192,0.242628,0.014168
thermostat-16,thermostat,0.675203,7.663164,5949.538492,0.46658,4.73,0.740668,0.211851,0.218447,0.019523
plug-29,smart_plug,0.374058,2.318251,1752.925402,0.14261,1.13,0.526856,0.433917,0.339332,0.011165
cam-003,camera,1.269252,43.46572,90522.852907,2.122403,13.31,0.633147,0.316062,0.097138,0.029422
sensor-18,sensor,0.534016,3.959141,2156.942917,0.166059,3.35,0.924282,0.043139,0.282559,0.009954
router-11,router,1.027823,28.941003,50876.292455,2.101752,8.41,0.65992,0.318645,0.142856,0.018331
nvr-02,nvr,1.232906,24.387017,44573.544102,1.31245,5.37,0.799393,0.192797,0.167287,0.010901
access-ctrl-03,access_controller,0.72638,9.265038,10236.591337,0.851142,3.59,0.802251,0.18355,0.23569,0.011984
thermostat-16,thermostat,0.658478,6.007187,4071.912696,0.321982,2.34,0.656431,0.354822,0.236484,0.019036
plug-14,smart_plug,0.462039,3.046288,1196.726521,0.048569,0.0,0.455632,0.542448,0.35071,0.013348
cam-001,camera,1.151178,49.977519,71544.503483,1.90041,7.68,0.697666,0.220701,0.104596,0.024754
sensor-12,sensor,0.608512,5.307635,2592.27191,0.121925,2.71,0.877465,0.129428,0.291899,0.004942
router-11,router,0.848467,42.012888,40588.671917,2.043904,5.24,0.663571,0.311502,0.158089,0.028781
nvr-01,nvr,1.154369,22.036613,40682.786449,1.438833,4.91,0.690134,0.26619,0.158584,0.015519
access-ctrl-04,access_controller,0.590712,8.590272,14825.337723,0.82358,4.46,0.773671,0.206223,0.246692,0.013834
thermostat-28,thermostat,0.819494,7.169065,5551.868088,0.44515,3.73,0.744885,0.226129,0.221136,0.014736
plug-19,smart_plug,0.487235,2.62843,1375.223961,0.145782,0.0,0.50113,0.480942,0.352364,0.012613
cam-006,camera,1.407271,53.237486,71688.076806,2.772869,13.73,0.610065,0.36415,0.087819,0.039907
sensor-07,sensor,0.405276,5.098049,2105.471128,0.162205,0.36,0.8303,0.146074,0.311557,0.007959
router-20,router,0.995565,33.480486,52101.029122,2.029728,7.6,0.630623,0.332923,0.140414,0.02044
nvr-03,nvr,1.185953,29.025207,40637.021864,1.368852,1.96,0.728573,0.255438,0.17345,0.016538
access-ctrl-04,access_controller,0.716236,8.061416,9631.085703,0.598885,1.57,0.821784,0.186367,0.208753,0.013983
thermostat-24,thermostat,0.824335,7.425659,3876.879173,0.339987,2.09,0.625804,0.34489,0.221382,0.015542
plug-11,smart_plug,0.393672,4.066974,1056.757505,0.078116,1.36,0.485074,0.528877,0.330221,0.014837
cam-002,camera,1.479862,53.658496,106198.212209,1.929277,6.14,0.727624,0.264029,0.088682,0.029098
sensor-27,sensor,0.496443,4.369916,2021.435439,0.070888,1.89,0.866603,0.1218,0.256385,0.007873
router-11,router,1.055857,37.938102,67785.138401,1.924875,12.18,0.664409,0.346553,0.115645,0.031845
nvr-02,nvr,1.092599,16.337444,33802.207062,1.201371,3.29,0.762604,0.219165,0.204099,0.010238
access-ctrl-02,access_controller,0.710143,10.334525,9993.892081,0.71063,3.22,0.83069,0.154239,0.265452,0.010346
thermostat-16,thermostat,0.6217,5.599731,4710.455383,0.440966,4.29,0.75789,0.252492,0.229036,0.014057
plug-31,smart_plug,0.382163,3.137946,744.26512,0.163074,2.56,0.483333,0.529353,0.335089,0.009127
cam-006,camera,1.391761,52.428552,93102.240806,2.066217,12.37,0.662906,0.300042,0.099786,0.038689
sensor-07,sensor,0.52084,5.368365,2474.254293,0.279321,2.7,0.78497,0.219424,0.310956,0.004852
router-11,router,1.030235,30.187679,49059.548316,2.44926,4.21,0.724473,0.260835,0.15786,0.031958
nvr-02,nvr,1.013106,27.647837,39587.432184,1.630659,2.71,0.793782,0.21833,0.189646,0.016657
access-ctrl-05,access_controller,0.674377,10.313061,11508.504037,0.61929,1.89,0.762628,0.252879,0.266558,0.008003
thermostat-09,thermostat,0.713227,8.107594,3946.85637,0.426809,5.09,0.720041,0.250324,0.221617,0.017386
plug-14,smart_plug,0.370414,3.51488,806.798476,0.14578,0.05,0.497658,0.481229,0.317346,0.011926
cam-002,camera,1.248715,54.388285,87609.540716,1.948532,10.46,0.675437,0.277712,0.115471,0.027157
sensor-30,sensor,0.41218,5.169166,1714.770945,0.267954,3.13,0.800163,0.184535,0.310165,0.006479
router-08,router,0.834637,41.819953,51745.081174,1.873619,4.74,0.695986,0.279616,0.149115,0.026016
nvr-06,nvr,0.970688,23.431511,46943.60133,1.458478,5.11,0.709776,0.290135,0.217829,0.019117
access-ctrl-01,access_controller,0.779951,10.473913,9469.272962,0.48605,3.97,0.894707,0.086085,0.259787,0.008307
thermostat-28,thermostat,0.794313,5.698222,5097.619418,0.406298,3.34,0.751181,0.237703,0.20034,0.014743
plug-31,smart_plug,0.521004,3.462907,1050.279388,0.165432,3.48,0.432792,0.542367,0.329341,0.011858
cam-001,camera,1.059747,51.968976,69694.755717,2.399211,12.85,0.562454,0.42332,0.080063,0.027381
sensor-24,sensor,0.409511,3.806924,1153.369597,0.233988,2.72,0.913249,0.08898,0.299303,0.006989
router-08,router,0.985404,32.022035,69573.136016,1.82224,7.97,0.705598,0.24661,0.150489,0.025096
nvr-01,nvr,1.220398,25.865082,48944.955497,1.787759,4.9,0.80009,0.198704,0.193809,0.012359
access-ctrl-05,access_controller,0.694025,8.717344,10977.816943,0.568937,2.57,0.792489,0.220478,0.252929,0.009441
thermostat-04,thermostat,0.674916,5.874934,4976.453229,0.351684,3.35,0.759765,0.236002,0.237782,0.013375
plug-22,smart_plug,0.506033,2.677445,1098.40385,0.08166,3.14,0.522234,0.497996,0.339434,0.009809
cam-007,camera,1.464167,62.811606,69230.6223,1.713784,8.77,0.658459,0.272937,0.103218,0.036827
sensor-12,sensor,0.520589,2.684602,1334.660237,0.165953,3.57,0.923408,0.0408,0.262092,0.005592
router-02,router,0.785595,35.303567,44065.438443,1.637198,8.33,0.744422,0.245399,0.122192,0.027104
nvr-03,nvr,1.102265,20.606666,37757.915821,1.569059,5.13,0.64179,0.304236,0.163886,0.015623
access-ctrl-04,access_controller,0.63908,9.279434,10221.415707,0.563809,2.98,0.871539,0.127404,0.256521,0.007864
thermostat-28,thermostat,0.873002,6.976282,5678.524198,0.307462,2.55,0.769232,0.239227,0.211356,0.012966
plug-19,smart_plug,0.487345,2.740037,1677.86153,0.126225,1.36,0.457258,0.551564,0.317845,0.013815
cam-003,camera,1.36324,50.125126,82366.3576,2.166396,12.36,0.564374,0.413432,0.080936,0.036217
sensor-30,sensor,0.505269,4.571661,1295.451976,0.071498,0.36,0.888339,0.088825,0.250501,0.009939
router-02,router,0.878973,38.686362,55597.674978,1.582736,9.22,0.638085,0.356939,0.1537,0.024259
nvr-05,nvr,1.20171,20.651522,33935.992577,1.614666,3.66,0.806124,0.192409,0.171333,0.017536
access-ctrl-03,access_controller,0.76115,10.213521,10992.230887,0.841708,5.13,0.81567,0.19788,0.219708,0.011826
thermostat-04,thermostat,0.696229,5.278479,5689.12953,0.460339,2.99,0.689464,0.311029,0.193565,0.013126
plug-22,smart_plug,0.347142,2.565214,945.968983,0.147357,1.65,0.488851,0.448878,0.355035,0.011406
cam-007,camera,1.047618,49.351942,85258.001392,1.944062,11.06,0.604707,0.381349,0.082587,0.0332
sensor-27,sensor,0.460221,3.988628,1775.240693,0.164376,1.67,0.936363,0.050495,0.315328,0.006464
router-14,router,0.855784,40.554662,41838.628136,2.03641,5.05,0.692288,0.264823,0.12471,0.030921
nvr-01,nvr,1.148459,28.335203,51819.544778,1.262865,6.68,0.842666,0.120398,0.154068,0.017294
access-ctrl-07,access_controller,0.72611,7.594141,14114.167526,0.882746,4.68,0.87757,0.09663,0.237797,0.012598
thermostat-28,thermostat,0.671066,5.636777,5084.132903,0.297417,2.96,0.713347,0.28168,0.230073,0.010394
plug-22,smart_plug,0.418434,4.191325,1454.617533,0.130716,2.13,0.54135,0.428224,0.318829,0.012193
cam-006,camera,1.357871,44.828929,100439.376292,2.585244,10.98,0.646419,0.39193,0.089094,0.041042
sensor-12,sensor,0.490066,3.027566,1947.314976,0.081459,2.2,0.869036,0.068644,0.252988,0.005688
router-14,router,0.99779,37.198096,40795.336681,2.161566,10.15,0.67995,0.300236,0.138597,0.021564
nvr-01,nvr,1.252513,23.680351,50329.411485,1.601952,3.61,0.780136,0.217021,0.173216,0.016498
access-ctrl-07,access_controller,0.669193,8.563278,8701.847668,0.860125,3.74,0.757696,0.179316,0.222664,0.010135
thermostat-16,thermostat,0.638692,6.209816,4742.190907,0.470973,0.58,0.642764,0.294972,0.208929,0.012461
plug-25,smart_plug,0.476661,3.532325,726.605818,0.156725,2.46,0.536483,0.458369,0.354423,0.010758
cam-001,camera,1.089374,44.485816,92823.387475,1.879452,11.46,0.611778,0.390033,0.07603,0.036357
sensor-12,sensor,0.408802,3.793761,1519.8601,0.171877,3.96,0.903007,0.083402,0.260789,0.004379
router-11,router,0.922825,35.626638,61721.917805,1.691427,8.47,0.602068,0.360484,0.144818,0.018881
nvr-06,nvr,1.123374,23.319295,34438.268416,1.360981,4.87,0.838316,0.124897,0.17738,0.011711
access-ctrl-04,access_controller,0.623381,10.629173,14895.741932,0.513944,2.62,0.768713,0.235894,0.257497,0.01319
thermostat-28,thermostat,0.875864,7.290725,4606.319222,0.333634,3.59,0.633625,0.334582,0.201266,0.012161
plug-25,smart_plug,0.35894,3.6264,1011.335338,0.079844,0.78,0.475,0.524779,0.353076,0.012605
cam-004,camera,1.372861,58.850142,101316.712036,2.758987,12.13,0.611357,0.353093,0.086548,0.037017
sensor-21,sensor,0.490902,4.20166,1985.449647,0.159771,0.71,0.836882,0.189759,0.299451,0.005262
router-05,router,0.833264,41.826546,40963.888789,2.118411,4.87,0.738658,0.273175,0.130028,0.024806
nvr-01,nvr,1.216053,21.983069,34347.949121,1.729839,3.98,0.681173,0.302257,0.204783,0.014113
access-ctrl-01,access_controller,0.748807,7.572171,12830.149087,0.550146,0.85,0.798732,0.206508,0.267767,0.013806
thermostat-24,thermostat,0.806142,8.149001,5223.479967,0.369108,2.67,0.709782,0.240383,0.225291,0.011805
plug-14,smart_plug,0.467494,3.089643,1262.563839,0.109355,0.0,0.468019,0.532658,0.334298,0.011324
cam-005,camera,1.307526,55.448445,77880.607569,2.251371,8.86,0.668701,0.297624,0.088428,0.028856
sensor-07,sensor,0.592483,4.800992,2533.321585,0.170379,1.94,0.877408,0.145753,0.263087,0.005523
router-11,router,0.97673,35.609632,39490.155091,2.116051,4.4,0.746755,0.278631,0.122558,0.026862
nvr-03,nvr,1.126961,16.961011,53067.168495,1.530842,4.4,0.671948,0.27639,0.183361,0.018463
access-ctrl-06,access_controller,0.765104,8.078168,12383.247454,0.471521,2.52,0.788682,0.196627,0.262833,0.009125
thermostat-13,thermostat,0.800933,8.01001,3996.736816,0.50059,2.8,0.715885,0.288012,0.191271,0.017058
plug-31,smart_plug,0.506597,2.558666,1148.93859,0.087777,2.77,0.451139,0.503547,0.367919,0.010451
cam-002,camera,1.111685,60.251798,68625.31225,1.715982,13.73,0.660283,0.300977,0.078343,0.03297
sensor-12,sensor,0.461449,4.130854,2530.457675,0.287258,1.0,0.89736,0.079978,0.246714,0.007843
router-11,router,0.766361,45.54509,57629.064095,2.002494,5.51,0.689793,0.289332,0.118723,0.018039
nvr-03,nvr,1.07846,21.525672,34639.733698,1.688716,2.78,0.752517,0.236533,0.170688,0.014514
access-ctrl-04,access_controller,0.563213,9.950386,10143.71081,0.662247,3.17,0.857596,0.169141,0.24024,0.007358
thermostat-13,thermostat,0.67135,6.332047,4441.374908,0.301941,1.54,0.728685,0.300971,0.207103,0.018732
plug-31,smart_plug,0.417955,2.338799,1033.591898,0.068346,0.42,0.488021,0.528469,0.318827,0.011398
cam-007,camera,1.172272,47.398269,100532.072923,1.715076,14.48,0.576223,0.375222,0.091966,0.031049
sensor-24,sensor,0.625985,3.563048,1094.361382,0.214023,3.97,0.799531,0.212242,0.305901,0.007678
router-20,router,0.781923,40.481769,64355.793581,1.667889,10.44,0.608872,0.371819,0.142521,0.026763
nvr-05,nvr,1.198075,17.274609,57156.661302,1.416773,5.86,0.758668,0.265042,0.180847,0.01209
access-ctrl-01,access_controller,0.637568,7.26399,14340.352379,0.74125,4.52,0.853428,0.110535,0.234399,0.013132
thermostat-28,thermostat,0.771641,5.221116,3933.709248,0.372674,3.91,0.719874,0.285175,0.217213,0.01283
plug-25,smart_plug,0.398654,3.337876,1518.043311,0.1499,0.52,0.526938,0.430139,0.339585,0.009192
cam-005,camera,1.110136,47.496115,74910.987543,2.892547,8.69,0.581003,0.390276,0.076071,0.032848
sensor-30,sensor,0.465497,4.902466,1928.494935,0.081764,1.56,0.915206,0.03377,0.255393,0.008047
router-17,router,0.778018,25.660344,54941.671858,1.830105,7.46,0.738731,0.269797,0.146607,0.019182
nvr-07,nvr,1.050349,22.284458,46282.567389,1.534062,5.73,0.736293,0.229771,0.202879,0.018402
access-ctrl-06,access_controller,0.779532,10.203794,12561.859299,0.685478,2.8,0.781039,0.183622,0.227976,0.010528
thermostat-13,thermostat,0.752466,7.574669,5686.188392,0.456826,3.28,0.755002,0.215905,0.24017,0.010157
plug-22,smart_plug,0.475783,2.216943,885.480934,0.138111,1.83,0.505164,0.439183,0.302343,0.010277
cam-006,camera,1.231489,51.433846,77274.808422,1.999419,12.3,0.570334,0.393499,0.113204,0.036536
sensor-18,sensor,0.654335,3.955557,2281.997101,0.151114,1.5,0.781619,0.166456,0.300571,0.006559
router-20,router,0.930033,28.089421,64320.186678,2.033042,4.62,0.661926,0.301923,0.142287,0.03185
nvr-01,nvr,1.135447,29.435753,47574.94092,1.585625,3.3,0.698177,0.30442,0.191597,0.012838
access-ctrl-07,access_controller,0.804761,9.523155,12223.211581,0.520747,4.4,0.862528,0.125242,0.210507,0.00976
thermostat-24,thermostat,0.64885,8.352913,5275.571752,0.306092,3.44,0.712753,0.264286,0.232876,0.013722
plug-29,smart_plug,0.432884,4.007911,1741.648407,0.10955,1.11,0.457481,0.493674,0.329614,0.014854
cam-007,camera,1.072189,47.991861,101938.693711,2.195957,9.8,0.662241,0.263105,0.10725,0.025273
sensor-07,sensor,0.669425,4.688937,2179.162999,0.18971,1.83,0.835678,0.156954,0.249081,0.007516
router-20,router,1.026501,31.689127,57416.018389,2.243253,9.04,0.699354,0.252695,0.123208,0.02622
nvr-05,nvr,1.18602,28.601575,37014.993789,1.27547,5.29,0.772869,0.228547,0.193542,0.010404
access-ctrl-07,access_controller,0.618521,7.184394,12307.163945,0.577464,2.29,0.842898,0.119286,0.219673,0.009742
thermostat-13,thermostat,0.627656,5.391271,3703.902908,0.316603,2.57,0.758514,0.240636,0.225429,0.018283
plug-19,smart_plug,0.412022,3.596038,1727.589318,0.145761,1.71,0.531671,0.460047,0.322889,0.007121
cam-005,camera,1.267645,64.10425,100438.60793,2.840382,6.86,0.619595,0.31094,0.115597,0.028798
sensor-27,sensor,0.585415,4.129042,1187.530087,0.157001,0.89,0.871835,0.118676,0.307385,0.004595
router-02,router,0.878987,41.795309,72506.265781,1.99788,4.25,0.724674,0.250033,0.140728,0.026833
nvr-01,nvr,0.890268,27.776322,58836.128075,1.305118,4.63,0.728159,0.264268,0.19766,0.012238
access-ctrl-01,access_controller,0.631669,7.865548,10108.615168,0.699947,3.87,0.772299,0.202271,0.255208,0.006883
thermostat-20,thermostat,0.669138,7.005162,3814.20233,0.485319,3.26,0.770486,0.211076,0.202454,0.015859
plug-22,smart_plug,0.3464,4.047048,867.183692,0.143091,3.13,0.517211,0.478753,0.333281,0.011229
cam-007,camera,1.216872,50.691809,100177.009181,2.201364,9.23,0.699793,0.283398,0.09777,0.031491
sensor-12,sensor,0.431295,3.584453,2411.828635,0.138535,1.37,0.809718,0.20689,0.300652,0.012778
router-17,router,0.962928,26.147069,60929.52213,1.802134,8.26,0.621437,0.369751,0.147047,0.024067
nvr-07,nvr,0.987428,24.708383,50545.11412,1.195098,3.53,0.7954,0.1875,0.207301,0.012486
access-ctrl-02,access_controller,0.626904,11.220047,10649.344985,0.716755,2.32,0.875887,0.117347,0.230345,0.011438
thermostat-04,thermostat,0.678192,7.033524,4467.400336,0.305274,5.05,0.683973,0.285884,0.197919,0.01149
plug-11,smart_plug,0.348744,2.218832,810.943504,0.148679,1.92,0.570495,0.458259,0.367988,0.007417
cam-003,camera,1.175761,56.277994,88961.568222,2.136276,12.57,0.585605,0.408584,0.089062,0.031044
sensor-21,sensor,0.449733,3.11905,1069.969621,0.14676,1.62,0.819803,0.221259,0.244187,0.007253
router-20,router,0.911817,30.13575,65809.183668,2.440574,8.6,0.704251,0.288062,0.122949,0.017693
nvr-04,nvr,0.901657,23.591926,55006.611504,1.481439,5.83,0.849473,0.176,0.167788,0.014174
access-ctrl-07,access_controller,0.630961,10.250572,11905.068593,0.678711,4.41,0.849645,0.121576,0.246027,0.008716
thermostat-20,thermostat,0.711524,5.39547,4180.279874,0.363069,3.05,0.728285,0.245908,0.206266,0.016174
plug-29,smart_plug,0.378171,3.220496,836.064467,0.153337,0.6,0.508022,0.455128,0.354592,0.012052
cam-003,camera,1.398532,56.143921,67695.396816,2.547848,12.66,0.600798,0.394511,0.081094,0.031705
sensor-18,sensor,0.574124,3.062094,1687.532279,0.110012,1.66,0.890512,0.090315,0.273219,0.008524
router-17,router,0.770577,32.173054,60822.463336,2.312176,12.04,0.654226,0.340625,0.12325,0.021511
nvr-05,nvr,1.12371,16.193833,49515.127077,1.277031,5.83,0.72104,0.29574,0.17255,0.015568
access-ctrl-06,access_controller,0.684134,7.940364,13207.307064,0.714309,2.5,0.880647,0.131528,0.240112,0.012424
thermostat-20,thermostat,0.696792,5.083671,4552.146054,0.355681,4.8,0.727122,0.259799,0.229906,0.013744
plug-14,smart_plug,0.347627,3.075808,797.75517,0.146557,0.15,0.456843,0.541092,0.337728,0.010624
cam-003,camera,1.36901,50.288405,85014.073621,2.26248,12.69,0.617101,0.349856,0.111087,0.029967
sensor-24,sensor,0.471337,3.756803,1639.283807,0.089547,4.19,0.795321,0.230727,0.299734,0.007853
router-17,router,0.834571,43.6661,42695.473569,1.766694,4.97,0.719242,0.221841,0.118974,0.021803
nvr-04,nvr,1.220711,29.48115,53862.838967,1.360418,6.7,0.691249,0.268068,0.173896,0.018823
access-ctrl-04,access_controller,0.638069,7.295979,13924.400568,0.755317,3.09,0.803765,0.136982,0.229168,0.013226
thermostat-20,thermostat,0.695283,5.130207,5156.897135,0.287205,4.96,0.653353,0.306975,0.198374,0.017111
plug-25,smart_plug,0.427316,3.964766,1636.942486,0.148526,2.99,0.495418,0.548085,0.36065,0.012848
cam-001,camera,1.133949,54.494158,103045.283594,1.816057,12.41,0.619482,0.371961,0.109315,0.035816
sensor-30,sensor,0.590318,4.616695,1441.00278,0.069396,0.52,0.879311,0.144629,0.270213,0.007005
router-02,router,0.751505,43.592591,44513.624321,2.266411,4.61,0.619778,0.348293,0.133551,0.014317
nvr-01,nvr,1.098224,23.410561,47226.220206,1.327568,5.17,0.70323,0.316706,0.172191,0.016931
access-ctrl-05,access_controller,0.582666,8.484788,14473.397753,0.620875,4.37,0.823001,0.208999,0.245681,0.012292
thermostat-09,thermostat,0.612024,4.778871,3946.626429,0.386613,4.16,0.665833,0.31557,0.218276,0.015409
plug-31,smart_plug,0.496038,2.983062,1311.481677,0.080533,0.07,0.490672,0.504242,0.305722,0.008141
cam-005,camera,1.457178,42.92401,76211.572877,1.65895,8.51,0.674172,0.293631,0.100682,0.039207
sensor-24,sensor,0.615669,5.957317,1914.822743,0.130897,3.08,0.847,0.146348,0.243288,0.011505
router-14,router,1.034522,32.009104,57669.531536,2.16166,9.32,0.730599,0.258107,0.149453,0.022465
nvr-07,nvr,1.060795,19.999027,52824.740317,1.7755,5.71,0.797526,0.166686,0.181448,0.017826
access-ctrl-05,access_controller,0.591893,9.717992,12568.112477,0.782752,2.8,0.885899,0.125698,0.246459,0.007868
thermostat-09,thermostat,0.846564,5.329855,3883.91926,0.380417,4.55,0.67298,0.296618,0.204257,0.016545
plug-25,smart_plug,0.341356,3.658064,884.40262,0.141376,1.42,0.476992,0.513041,0.335195,0.012966
cam-001,camera,1.144722,60.630079,102486.98329,2.974377,6.49,0.65623,0.318657,0.080249,0.02823
sensor-18,sensor,0.592075,2.643721,1206.168506,0.274762,2.78,0.840813,0.186325,0.308549,0.005537
router-17,router,0.945124,42.017269,65625.71591,1.791782,7.06,0.637524,0.347304,0.164669,0.021364
nvr-06,nvr,1.095748,24.303674,38046.111668,1.646136,5.45,0.708486,0.328736,0.194238,0.01812
access-ctrl-02,access_controller,0.763029,7.988752,10321.828982,0.766325,3.96,0.78348,0.18619,0.268536,0.008351
thermostat-20,thermostat,0.710917,8.407399,4866.645297,0.494024,3.15,0.76125,0.199607,0.215019,0.012103
plug-14,smart_plug,0.492965,2.276499,1142.738779,0.16179,3.24,0.449533,0.546533,0.362502,0.015303
cam-003,camera,1.201858,47.413089,73315.861522,2.697882,11.01,0.643697,0.330128,0.077763,0.04159
sensor-07,sensor,0.449233,4.596158,2097.776575,0.24358,3.45,0.785668,0.165327,0.244482,0.01043
router-08,router,0.88542,34.519147,43790.837615,1.69642,8.82,0.717728,0.301308,0.153445,0.022599
nvr-03,nvr,0.912008,23.757965,41834.063844,1.121437,4.03,0.816585,0.147355,0.204957,0.020737
access-ctrl-01,access_controller,0.632478,7.718473,11223.911265,0.497536,5.41,0.770856,0.236643,0.218543,0.011681
thermostat-16,thermostat,0.664937,4.977992,3607.213487,0.470464,2.14,0.72298,0.205255,0.195186,0.011375
plug-29,smart_plug,0.333587,3.826478,1342.026154,0.091987,1.93,0.505399,0.482613,0.310403,0.013708
cam-003,camera,1.464931,66.152777,89062.16069,1.934028,6.12,0.582878,0.380094,0.07974,0.03704
sensor-21,sensor,0.620995,3.826357,1918.101783,0.27524,1.63,0.911818,0.027615,0.290518,0.010535
router-17,router,0.927719,35.40495,69644.663894,2.142455,6.24,0.685997,0.291711,0.140828,0.020668
nvr-02,nvr,0.997522,29.036988,45490.033643,1.439989,3.79,0.797449,0.248106,0.150389,0.021807
access-ctrl-04,access_controller,0.760173,9.423595,11495.925051,0.521241,2.38,0.858748,0.153811,0.257346,0.010247
thermostat-16,thermostat,0.729307,7.017182,4431.203694,0.303548,5.17,0.688396,0.264087,0.211105,0.011575
plug-25,smart_plug,0.519289,2.356968,841.969413,0.128304,1.84,0.547986,0.4393,0.3494,0.013165
cam-004,camera,1.339278,60.596902,69970.593067,1.951746,13.77,0.561083,0.431354,0.1108,0.028402
sensor-27,sensor,0.565608,3.083971,1777.48727,0.200122,0.76,0.868733,0.097221,0.274204,0.0053
router-14,router,0.777983,39.231063,64061.152003,2.175783,10.39,0.638384,0.323447,0.134633,0.018628
nvr-06,nvr,0.989872,19.034413,45403.9745,1.5122,4.03,0.791111,0.186197,0.208842,0.010853
access-ctrl-03,access_controller,0.620905,10.176965,13725.715994,0.798893,3.03,0.851869,0.135479,0.241295,0.012739
thermostat-20,thermostat,0.653854,5.093058,4948.229289,0.495949,2.89,0.774461,0.183778,0.20539,0.013463
plug-14,smart_plug,0.493812,2.083693,713.269859,0.162247,2.6,0.568099,0.482252,0.357247,0.007946
cam-001,camera,1.323775,43.349562,70534.430193,1.967221,12.82,0.681681,0.271924,0.101587,0.025792
sensor-24,sensor,0.463375,5.988456,2826.374387,0.241844,2.55,0.904353,0.094412,0.261276,0.005069
router-11,router,0.75008,34.967218,69814.923383,1.652264,5.41,0.690265,0.316743,0.131748,0.016214
nvr-01,nvr,1.167892,21.657887,34510.236421,1.171994,6.44,0.732185,0.224287,0.150319,0.019417
access-ctrl-03,access_controller,0.763916,9.091066,11466.189675,0.684895,0.51,0.899178,0.123982,0.249179,0.009542
thermostat-24,thermostat,0.670353,7.876697,5812.150865,0.453774,2.94,0.737177,0.220643,0.240552,0.011539
plug-25,smart_plug,0.399213,2.34401,1067.716464,0.141681,2.37,0.473108,0.520798,0.334002,0.010725
cam-002,camera,1.240523,43.833,87153.641224,2.715218,7.85,0.620434,0.372345,0.074463,0.029217
sensor-07,sensor,0.645265,5.780669,2232.190964,0.171064,0.98,0.83437,0.208072,0.27241,0.004478
router-17,router,0.853279,28.347805,61260.04256,1.872668,4.59,0.699518,0.285038,0.158833,0.028538
nvr-03,nvr,1.050047,23.604029,44946.012231,1.377304,7.49,0.772548,0.218615,0.15644,0.013204
access-ctrl-05,access_controller,0.794818,12.261668,12763.293616,0.594614,4.65,0.847769,0.175685,0.254529,0.007656
thermostat-24,thermostat,0.781848,6.633288,4138.813438,0.367364,1.9,0.759837,0.26115,0.241916,0.01973
plug-29,smart_plug,0.456089,4.041196,1703.641951,0.116489,2.11,0.548882,0.435523,0.355222,0.011442
cam-001,camera,1.355934,50.142414,79743.594601,2.7651,8.78,0.738692,0.289812,0.101955,0.024575
sensor-21,sensor,0.570721,3.506009,1063.886787,0.140105,4.1,0.80437,0.151583,0.299902,0.006879
router-14,router,0.786573,43.873168,62303.886634,1.909197,7.34,0.654306,0.358875,0.132469,0.021935
nvr-05,nvr,1.225904,28.766104,56967.807766,1.415985,3.5,0.711643,0.260684,0.172488,0.011337
access-ctrl-01,access_controller,0.788907,11.772977,15081.976207,0.622852,4.85,0.735078,0.240261,0.211544,0.009395
thermostat-04,thermostat,0.800313,6.955424,5006.075322,0.271023,3.78,0.679362,0.334115,0.223347,0.012612
plug-19,smart_plug,0.320658,3.29819,713.031332,0.148361,1.28,0.543421,0.467889,0.318513,0.011981
cam-007,camera,1.487807,64.513318,85488.034807,2.61872,15.03,0.748256,0.252104,0.109269,0.024855
sensor-24,sensor,0.510017,2.770268,2268.961588,0.2341,3.69,0.846946,0.166589,0.29634,0.004097
router-05,router,0.941845,27.773472,63508.478772,2.1887,9.67,0.664964,0.298373,0.130916,0.027241
nvr-03,nvr,1.065849,18.949539,36354.362216,1.104016,2.85,0.768823,0.239948,0.185184,0.020748
access-ctrl-07,access_controller,0.751239,11.79567,12299.780802,0.49282,4.46,0.838414,0.132223,0.211375,0.012209
thermostat-20,thermostat,0.703791,6.293642,5650.485854,0.274029,0.61,0.664815,0.272009,0.198317,0.019784
plug-11,smart_plug,0.428085,2.91356,946.617797,0.112045,0.0,0.445343,0.525214,0.360837,0.011378
cam-005,camera,1.091391,64.07804,94439.59559,2.524157,7.79,0.588703,0.363005,0.096947,0.040738
sensor-21,sensor,0.537876,3.257186,1784.635926,0.129824,0.2,0.869765,0.099889,0.319527,0.010343
router-02,router,0.74339,33.24651,42470.75385,2.249932,5.26,0.650251,0.296824,0.134471,0.030806
nvr-03,nvr,1.205098,20.408687,39038.754535,1.448471,4.86,0.734235,0.239912,0.159357,0.019158
access-ctrl-05,access_controller,0.701973,10.086873,14626.369391,0.603985,5.3,0.857593,0.164059,0.231854,0.011442
thermostat-16,thermostat,0.836924,5.954468,5443.999663,0.403561,3.45,0.787926,0.251563,0.195941,0.015965
plug-22,smart_plug,0.489937,3.703984,815.132452,0.126678,0.0,0.518076,0.438109,0.34027,0.008699
cam-002,camera,1.460254,51.194046,87054.41258,2.672529,10.56,0.721423,0.248443,0.107953,0.039179
sensor-30,sensor,0.584138,3.202989,2304.78648,0.078503,2.27,0.941279,0.077042,0.255714,0.004835
router-11,router,1.053611,33.01073,43004.308173,1.708044,5.11,0.683395,0.357459,0.156346,0.030613
nvr-01,nvr,0.932071,24.143087,47190.391192,1.411602,4.18,0.855364,0.158593,0.187407,0.015604
access-ctrl-05,access_controller,0.701011,10.434016,9254.985677,0.489377,3.96,0.86492,0.138437,0.221613,0.012698
thermostat-28,thermostat,0.785777,8.125826,5639.896682,0.291025,5.05,0.727982,0.290296,0.237252,0.01723
plug-22,smart_plug,0.463072,4.002507,1770.908568,0.157256,0.0,0.580851,0.437659,0.329883,0.010897
cam-006,camera,1.335353,59.447798,71953.628709,2.280383,8.4,0.676045,0.259497,0.078998,0.02771
sensor-24,sensor,0.573025,4.167097,937.18451,0.214621,4.43,0.774722,0.220494,0.325227,0.007323
router-11,router,0.834056,33.759689,40436.995356,1.83039,6.75,0.56976,0.414722,0.136683,0.020661
nvr-02,nvr,0.911261,23.345439,57251.493018,1.134058,5.01,0.729817,0.274177,0.163,0.020673
access-ctrl-02,access_controller,0.604501,8.272522,14009.494707,0.826345,1.65,0.834784,0.1951,0.223979,0.008852
thermostat-16,thermostat,0.724194,6.110418,4340.69878,0.41543,1.65,0.653043,0.327485,0.20409,0.013051
plug-11,smart_plug,0.370482,3.405809,1768.246288,0.091478,0.83,0.511393,0.448008,0.30356,0.010525
cam-001,camera,1.267662,60.799635,77250.343952,2.782994,8.4,0.699256,0.283962,0.101284,0.033065
sensor-07,sensor,0.473028,5.279687,1246.176438,0.078012,1.7,0.804441,0.196189,0.297396,0.011348
router-11,router,0.786907,41.84465,63366.707014,1.741603,5.52,0.676422,0.358007,0.150976,0.01681
nvr-06,nvr,1.183804,28.534895,42684.571395,1.175699,4.34,0.720019,0.293622,0.204597,0.017132
access-ctrl-04,access_controller,0.637707,11.081466,9362.161728,0.874836,2.01,0.878866,0.161767,0.237018,0.011205
thermostat-28,thermostat,0.750111,7.330848,3614.892194,0.295866,1.84,0.67661,0.25041,0.231086,0.013631
plug-14,smart_plug,0.46246,2.124364,1042.502794,0.080371,1.07,0.52726,0.441283,0.364072,0.010308
cam-006,camera,1.280432,45.581972,98948.543049,2.468453,12.85,0.653402,0.339129,0.077551,0.039014
sensor-30,sensor,0.592898,3.459517,1585.169483,0.200038,3.38,0.87346,0.091839,0.310181,0.006148
router-20,router,0.781987,38.415341,74810.037282,2.223241,10.24,0.663135,0.323215,0.117764,0.023213
nvr-01,nvr,1.200611,25.769996,41886.914939,1.193724,3.23,0.769769,0.288,0.202186,0.012299
access-ctrl-01,access_controller,0.595861,11.303912,14002.10685,0.526987,1.68,0.748879,0.198244,0.25282,0.007805
thermostat-09,thermostat,0.726095,7.010746,5695.313106,0.324769,1.05,0.725042,0.272916,0.232978,0.010251
plug-25,smart_plug,0.419383,3.476855,755.622628,0.079494,3.33,0.488597,0.4649,0.334751,0.012561
cam-003,camera,1.397666,47.744273,81450.996742,1.734173,14.77,0.595188,0.374504,0.110493,0.0236
sensor-07,sensor,0.478842,2.995336,2528.567057,0.172782,3.36,0.843904,0.169109,0.31855,0.011322
router-14,router,0.82443,37.779765,54021.335313,1.680337,9.78,0.643708,0.328186,0.111907,0.017078
nvr-07,nvr,1.206657,22.277631,49371.851244,1.545312,1.62,0.839017,0.130709,0.157017,0.013376
access-ctrl-01,access_controller,0.524463,10.811508,10628.379344,0.531933,1.61,0.754383,0.211275,0.21498,0.012509
thermostat-13,thermostat,0.668502,7.596829,4934.511516,0.266495,1.89,0.678478,0.33068,0.23249,0.016693
plug-31,smart_plug,0.368324,2.988636,1097.08537,0.144106,1.28,0.532442,0.420673,0.329563,0.007869
cam-006,camera,1.388406,45.481246,74239.147743,1.768546,10.46,0.591117,0.363333,0.088835,0.043132
sensor-27,sensor,0.671683,3.702506,1032.47852,0.16879,2.08,0.800237,0.169985,0.320296,0.009099
router-17,router,0.786515,28.652775,41382.496178,2.332788,8.62,0.680839,0.302584,0.131821,0.030828
nvr-05,nvr,1.118036,21.251357,43946.472249,1.227473,4.24,0.674247,0.274839,0.181196,0.017157
access-ctrl-07,access_controller,0.667233,7.506364,9320.040545,0.699326,2.62,0.893195,0.090771,0.244537,0.013967
thermostat-28,thermostat,0.82384,8.052642,4189.836645,0.261999,4.18,0.75513,0.274143,0.224892,0.014317
plug-29,smart_plug,0.39256,3.561397,913.458361,0.091524,1.87,0.460274,0.542261,0.338258,0.014537
cam-003,camera,1.220483,56.74122,107927.442645,2.633523,7.58,0.696653,0.309392,0.077242,0.02448
sensor-12,sensor,0.641338,4.999422,2091.035534,0.140695,1.51,0.781769,0.200766,0.272811,0.004069
router-11,router,0.762026,39.838205,39857.551578,2.361539,7.12,0.731326,0.236584,0.116709,0.022848
nvr-06,nvr,0.868613,24.038597,36705.339758,1.594798,3.52,0.84864,0.188401,0.195164,0.015804
access-ctrl-04,access_controller,0.78315,10.264509,15266.076254,0.702978,0.59,0.773893,0.184241,0.220962,0.012811
thermostat-20,thermostat,0.792536,7.490932,4293.243403,0.465577,4.03,0.787211,0.217967,0.221969,0.017079
plug-19,smart_plug,0.475904,2.557528,1287.708763,0.147052,1.4,0.4827,0.478396,0.343133,0.011126
cam-005,camera,1.455092,52.783249,98759.175483,2.695987,10.75,0.581198,0.421643,0.08387,0.037537
sensor-21,sensor,0.459493,4.946047,2072.127673,0.275202,0.71,0.899674,0.084952,0.27315,0.006846
router-20,router,0.93421,33.096115,50977.741193,1.899729,8.42,0.690476,0.302351,0.135885,0.02821
nvr-02,nvr,1.116614,23.950246,32286.502456,1.223843,4.66,0.735919,0.246011,0.179989,0.015163
access-ctrl-01,access_controller,0.719462,11.422112,10597.296423,0.478856,3.1,0.750566,0.201123,0.218657,0.008596
thermostat-13,thermostat,0.74979,6.685244,5207.882616,0.32802,0.89,0.770048,0.198273,0.21665,0.016047
plug-11,smart_plug,0.360837,2.431831,1200.280233,0.113119,0.69,0.518064,0.478235,0.320949,0.010585
cam-001,camera,1.413351,56.059425,93852.530871,2.626691,10.93,0.644886,0.320645,0.094929,0.032925
sensor-27,sensor,0.592084,3.429422,1902.571519,0.137949,2.67,0.858407,0.107783,0.274274,0.004722
router-05,router,0.920023,32.483367,61940.703518,1.967538,8.7,0.73774,0.246632,0.116301,0.024672
nvr-02,nvr,1.039539,24.860442,37695.405145,1.652802,4.66,0.70559,0.31991,0.195138,0.012256
access-ctrl-07,access_controller,0.570674,10.995382,9499.062059,0.48017,4.58,0.817829,0.115105,0.232284,0.007562
thermostat-16,thermostat,0.729105,6.617288,5214.069981,0.446825,4.32,0.703259,0.292919,0.238679,0.016646
plug-29,smart_plug,0.409781,4.094126,1414.713714,0.069458,0.69,0.560006,0.417883,0.313817,0.00858
cam-001,camera,1.318369,41.244254,97602.219344,2.00612,6.87,0.578152,0.389644,0.08288,0.037947
sensor-30,sensor,0.486165,2.776689,2893.010846,0.158263,3.72,0.914593,0.070588,0.288587,0.01129
router-20,router,0.834286,43.948982,42716.963564,1.660574,9.17,0.661135,0.339918,0.146043,0.021315
nvr-05,nvr,1.077735,25.645974,38206.686506,1.098265,6.89,0.73087,0.239068,0.201785,0.010663
access-ctrl-01,access_controller,0.657647,12.049484,13167.799129,0.691628,1.48,0.7797,0.223218,0.242995,0.014801
thermostat-28,thermostat,0.805511,5.633919,4685.941624,0.442205,1.84,0.680456,0.318972,0.200204,0.010821
plug-11,smart_plug,0.490487,2.85837,1494.725112,0.087346,3.43,0.534333,0.497812,0.325477,0.01171
cam-005,camera,1.38655,63.59244,91347.463362,2.012302,7.54,0.610946,0.380895,0.097039,0.038343
sensor-12,sensor,0.445129,3.553002,1342.569351,0.174989,3.78,0.855104,0.172492,0.288036,0.010912
router-11,router,0.961317,38.207645,56512.783081,1.820131,11.26,0.702604,0.328661,0.125933,0.027271
nvr-05,nvr,1.120963,20.698645,40266.232779,1.237588,5.87,0.68839,0.299965,0.205107,0.011043
access-ctrl-03,access_controller,0.588912,11.962318,13248.356745,0.769526,2.87,0.790427,0.174152,0.214392,0.012734
thermostat-16,thermostat,0.699655,5.563641,4421.73722,0.355237,5.33,0.731379,0.231643,0.21058,0.014855
plug-11,smart_plug,0.399603,2.102749,1098.750804,0.088776,2.38,0.477565,0.457541,0.317041,0.014922
cam-006,camera,1.392187,49.276284,92576.244824,2.206025,9.84,0.58094,0.357048,0.083814,0.024557
sensor-27,sensor,0.541121,5.582704,1561.548607,0.116738,0.36,0.847625,0.13715,0.245852,0.005489
router-17,router,0.909399,28.189058,51787.086598,2.344228,8.48,0.682492,0.339436,0.113319,0.021623
nvr-03,nvr,0.889468,22.13323,47455.751734,1.586679,4.89,0.773655,0.228957,0.176143,0.012885
access-ctrl-07,access_controller,0.744209,10.753076,10793.624356,0.652863,3.28,0.770489,0.219651,0.210584,0.013565
thermostat-24,thermostat,0.761249,5.857902,3861.19065,0.304265,0.78,0.71556,0.298656,0.21565,0.018495
plug-25,smart_plug,0.417726,4.203892,906.178905,0.112083,0.79,0.477228,0.509963,0.348203,0.012161
cam-004,camera,1.334907,56.263223,102309.960211,2.165948,12.78,0.656249,0.34373,0.075404,0.023777
sensor-07,sensor,0.488815,3.194047,909.511262,0.275063,3.4,0.86133,0.122599,0.305225,0.010183
router-11,router,0.84753,24.87397,40495.004527,1.875507,10.27,0.718219,0.246813,0.157104,0.015802
nvr-02,nvr,1.078993,22.542653,44453.939884,1.12257,3.71,0.738977,0.242234,0.165778,0.018721
access-ctrl-04,access_controller,0.645292,9.842685,12259.310885,0.719697,2.44,0.82543,0.185647,0.250291,0.012892
thermostat-13,thermostat,0.710427,7.439492,4327.71799,0.28592,0.91,0.706497,0.257195,0.226429,0.019217
plug-14,smart_plug,0.40445,3.333279,1644.872613,0.162068,0.43,0.524073,0.454785,0.338044,0.009068
cam-005,camera,1.490749,50.181188,98668.64324,2.397268,10.49,0.659004,0.358274,0.105373,0.025255
sensor-07,sensor,0.584912,4.861411,2487.042067,0.098618,2.34,0.919022,0.089415,0.312527,0.008366
router-17,router,1.02075,30.628766,49076.890451,1.9609,6.98,0.700671,0.29162,0.129394,0.022474
nvr-01,nvr,0.937175,22.08716,51675.654704,1.091169,4.51,0.845563,0.15975,0.201356,0.018994
access-ctrl-06,access_controller,0.626162,10.7281,10758.822658,0.798333,4.96,0.778498,0.221643,0.220754,0.013645
thermostat-13,thermostat,0.809532,6.345521,4863.097872,0.344105,2.98,0.708945,0.267116,0.205942,0.019131
plug-31,smart_plug,0.433784,2.513095,1277.254558,0.099563,1.92,0.432929,0.500523,0.308258,0.012748
cam-002,camera,1.292049,52.849437,105462.393837,2.815357,7.73,0.627448,0.378374,0.110977,0.034993
sensor-24,sensor,0.593317,5.899235,1903.369612,0.1606,3.21,0.871921,0.139193,0.321664,0.011166
router-11,router,0.949031,29.334116,69100.1098,1.913779,5.97,0.721628,0.27859,0.137784,0.030396
nvr-05,nvr,1.05587,27.608201,43043.236091,1.767762,4.47,0.741266,0.298856,0.205481,0.012264
access-ctrl-06,access_controller,0.581252,10.398955,9765.160724,0.765248,0.91,0.850106,0.153565,0.21868,0.007954
thermostat-04,thermostat,0.608888,7.785765,4050.477888,0.285086,2.62,0.718945,0.263868,0.218338,0.015385
plug-22,smart_plug,0.472383,2.855895,1012.109594,0.100051,2.09,0.496864,0.53627,0.333197,0.009146
cam-003,camera,1.194768,43.377754,85535.671585,2.52261,10.0,0.72462,0.284195,0.094261,0.040597
sensor-18,sensor,0.458058,4.528214,2959.469982,0.128864,1.37,0.920563,0.103983,0.277111,0.006347
router-14,router,0.810807,36.791461,64320.018697,2.351623,11.54,0.69179,0.348061,0.155433,0.019213
nvr-04,nvr,1.150946,20.624208,53065.014225,1.342037,1.57,0.742797,0.257899,0.213634,0.017331
access-ctrl-05,access_controller,0.752876,8.93923,10569.635734,0.492042,2.31,0.781824,0.189979,0.220144,0.013556
thermostat-04,thermostat,0.656244,7.030288,5069.094388,0.497172,4.16,0.723884,0.214767,0.225772,0.017032
plug-19,smart_plug,0.378453,2.543194,1327.794834,0.097788,2.66,0.519716,0.44861,0.35012,0.008358
cam-005,camera,1.039826,58.789452,70052.827193,1.887699,15.43,0.736842,0.286541,0.08207,0.02984
sensor-12,sensor,0.439512,5.622334,1227.970852,0.226001,2.6,0.823021,0.165121,0.317989,0.00599
router-17,router,1.067227,39.034555,45351.427784,2.331641,9.39,0.676475,0.326184,0.126593,0.02816
nvr-04,nvr,0.92476,16.318933,32548.079664,1.161531,4.97,0.815395,0.154063,0.211049,0.021256
access-ctrl-07,access_controller,0.59105,11.224823,12281.134639,0.863003,2.21,0.887238,0.128275,0.268704,0.011687
thermostat-16,thermostat,0.664609,5.260124,4021.861536,0.369476,2.83,0.651581,0.290891,0.211764,0.013119
plug-14,smart_plug,0.467486,3.490167,1383.870643,0.173161,3.46,0.503104,0.457362,0.346962,0.010934
cam-007,camera,1.327299,53.569506,67038.518527,1.760059,7.93,0.631566,0.36679,0.113939,0.032484
sensor-07,sensor,0.580598,4.281641,2915.398974,0.205715,3.57,0.79019,0.249861,0.317014,0.010659
router-20,router,0.981449,39.961012,43613.43234,2.44126,6.5,0.593528,0.339045,0.156436,0.02931
nvr-06,nvr,0.948723,23.614776,34909.391902,1.446366,6.25,0.715155,0.276757,0.202045,0.011192
access-ctrl-03,access_controller,0.746357,8.409908,14478.488105,0.505579,3.2,0.794523,0.169671,0.255839,0.01056
thermostat-28,thermostat,0.86639,7.093064,4461.292074,0.351684,1.58,0.747374,0.221773,0.218549,0.011028
plug-11,smart_plug,0.420724,4.006186,1441.607217,0.069723,0.0,0.516301,0.486338,0.315334,0.013024
cam-003,camera,1.345743,53.136467,70570.277546,2.408992,10.57,0.646622,0.347516,0.100535,0.041368
sensor-27,sensor,0.590555,3.559088,1503.998222,0.111206,0.51,0.929454,0.075262,0.242085,0.003194
router-02,router,0.94061,43.858345,50411.407043,2.301371,6.2,0.62345,0.357321,0.120265,0.024256
nvr-04,nvr,0.980679,23.300665,55033.582929,1.132724,3.87,0.68603,0.28806,0.170023,0.017935
access-ctrl-03,access_controller,0.658984,10.533669,9317.057144,0.86081,2.64,0.807266,0.185555,0.222674,0.009212
thermostat-24,thermostat,0.82831,7.68805,4570.342309,0.365469,4.11,0.731499,0.304255,0.228477,0.018568
plug-11,smart_plug,0.348598,2.633518,1773.204102,0.049847,3.41,0.476497,0.513664,0.369319,0.012754
cam-002,camera,1.084733,51.733325,96598.53679,2.452523,12.2,0.636815,0.381974,0.089711,0.035253
sensor-24,sensor,0.585655,5.168362,1448.840115,0.142613,1.81,0.918466,0.0887,0.264618,0.007183
router-08,router,0.787516,39.36676,46894.408431,2.3754,11.18,0.732998,0.238363,0.155896,0.02932
nvr-01,nvr,1.084859,19.738667,31653.591929,1.491215,3.57,0.7702,0.211292,0.185978,0.019788
access-ctrl-05,access_controller,0.627648,7.718955,11926.855586,0.737865,3.82,0.747564,0.228948,0.253348,0.008778
thermostat-24,thermostat,0.613681,5.402903,3764.005103,0.347772,3.24,0.779145,0.253996,0.220196,0.010279
plug-25,smart_plug,0.398934,2.159316,787.90069,0.092483,1.5,0.466913,0.539542,0.3667,0.015928
cam-007,camera,1.443542,57.647047,97501.069926,1.99575,9.47,0.58934,0.419258,0.073871,0.027054
sensor-18,sensor,0.6406,4.588362,1465.52278,0.110502,1.86,0.766908,0.184048,0.295603,0.011363
router-20,router,1.026701,25.41669,38633.168986,1.623854,5.67,0.69005,0.302339,0.142477,0.023622
nvr-06,nvr,1.090876,25.633726,46698.828501,1.417569,3.59,0.794112,0.19612,0.203854,0.018951
access-ctrl-05,access_controller,0.723709,7.457548,13453.357897,0.5474,4.05,0.816021,0.176173,0.2327,0.01078
thermostat-09,thermostat,0.664042,7.252983,4096.975788,0.498899,2.95,0.631657,0.3099,0.209111,0.013088
plug-19,smart_plug,0.399969,2.873692,1719.639387,0.157869,0.22,0.502313,0.481883,0.322081,0.010556
cam-003,camera,1.126132,65.185688,75823.105775,2.892923,8.18,0.627023,0.353251,0.109589,0.037356
sensor-27,sensor,0.473861,5.818879,2258.835205,0.200045,1.61,0.8862,0.122499,0.262245,0.008784
router-14,router,0.739105,37.36058,53546.194768,2.221412,8.26,0.642479,0.340096,0.117498,0.031047
nvr-03,nvr,1.086171,28.065879,43441.624663,1.314933,4.01,0.700354,0.312943,0.178357,0.017501
access-ctrl-04,access_controller,0.790567,12.175767,12646.432405,0.803918,3.12,0.765494,0.194317,0.257381,0.009322
thermostat-20,thermostat,0.667962,7.275148,4866.556774,0.428429,4.07,0.780448,0.265098,0.208178,0.018126
plug-11,smart_plug,0.408,2.793452,917.398845,0.117924,2.41,0.539709,0.440403,0.339389,0.012896
cam-006,camera,1.103776,43.825544,81293.46366,1.938043,13.95,0.641803,0.349658,0.084792,0.038534
sensor-18,sensor,0.459025,4.755196,1920.31037,0.177804,1.75,0.795346,0.17384,0.296422,0.009197
router-14,router,0.980803,45.238461,47206.571731,1.67523,5.97,0.617215,0.410042,0.145563,0.022629
nvr-02,nvr,1.190082,18.443634,36625.24865,1.281089,6.08,0.668839,0.313643,0.1616,0.009251
access-ctrl-05,access_controller,0.640005,9.533889,14323.929617,0.665574,2.26,0.768651,0.222828,0.255373,0.010141
thermostat-20,thermostat,0.714114,6.417132,5523.532004,0.440512,3.09,0.755597,0.250077,0.232727,0.013936
plug-25,smart_plug,0.385299,3.748899,779.097358,0.099587,1.56,0.523241,0.48154,0.336259,0.014215
cam-001,camera,1.438143,53.616233,91182.798982,2.764842,7.08,0.727107,0.266538,0.108081,0.042757
sensor-21,sensor,0.41092,4.974466,1328.693988,0.255354,0.61,0.819734,0.172003,0.280844,0.008111
router-11,router,1.033858,26.710936,74457.939264,1.712333,6.22,0.659248,0.37381,0.156242,0.015224
nvr-07,nvr,1.308328,20.898339,56144.281504,1.714808,3.01,0.759403,0.211384,0.183989,0.014267
access-ctrl-04,access_controller,0.641792,10.281692,13711.151777,0.633994,1.33,0.774724,0.197448,0.226591,0.01191
thermostat-16,thermostat,0.749872,7.271738,5561.712394,0.448733,4.22,0.712772,0.28901,0.204462,0.016851
plug-31,smart_plug,0.413856,2.672165,1453.779724,0.133551,3.24,0.445922,0.562606,0.359355,0.013407
cam-002,camera,1.489869,57.117571,91092.990805,2.025271,13.73,0.556242,0.40502,0.085814,0.033068
sensor-18,sensor,0.547933,4.517361,1533.538583,0.223734,0.87,0.916884,0.084989,0.257836,0.009644
router-02,router,1.044521,32.460787,70894.851449,1.82638,6.42,0.728232,0.282221,0.128391,0.028392
nvr-05,nvr,1.079189,22.748405,46207.470765,1.682578,5.08,0.691713,0.267015,0.222041,0.019915
access-ctrl-03,access_controller,0.707193,11.745342,9305.203813,0.828781,1.65,0.878759,0.080235,0.224064,0.012861
thermostat-16,thermostat,0.775923,7.233419,4964.586253,0.272577,2.86,0.697209,0.311364,0.229271,0.017728
plug-31,smart_plug,0.469292,3.238199,1445.420175,0.11967,0.0,0.527716,0.456551,0.335973,0.012274
cam-002,camera,1.054544,50.200128,80082.520566,2.747562,10.65,0.689576,0.318931,0.096272,0.039801
sensor-24,sensor,0.412008,2.527562,939.795342,0.11946,2.15,0.887519,0.136098,0.27066,0.006706
router-14,router,0.750987,33.172505,44040.090175,2.115081,8.47,0.760416,0.195481,0.149962,0.01547
nvr-02,nvr,1.028764,15.920207,41197.97232,1.458291,4.08,0.767029,0.210354,0.201657,0.018123
access-ctrl-07,access_controller,0.757056,9.817181,13682.366321,0.492904,2.65,0.776801,0.170869,0.230112,0.0082
thermostat-04,thermostat,0.68969,5.022506,4576.578572,0.437961,3.25,0.796416,0.2339,0.219774,0.016049
plug-14,smart_plug,0.325347,2.134516,1834.927859,0.049107,0.57,0.537184,0.458083,0.315174,0.010115
cam-002,camera,1.102233,45.427814,85706.322765,2.955808,12.89,0.602191,0.398483,0.100858,0.040974
sensor-24,sensor,0.4659,2.660675,1796.91735,0.249064,0.83,0.898549,0.063515,0.304683,0.010115
router-20,router,1.025225,42.119363,56141.019235,1.987624,7.72,0.626345,0.373479,0.142799,0.014434
nvr-03,nvr,1.178924,16.641056,46858.870524,1.390225,3.89,0.78306,0.14833,0.193854,0.018118
access-ctrl-06,access_controller,0.736205,10.315847,13004.723934,0.643382,2.41,0.844164,0.1362,0.209654,0.007709
thermostat-13,thermostat,0.731734,8.054256,5115.594575,0.400102,3.17,0.758741,0.248389,0.212309,0.019769
plug-14,smart_plug,0.381481,3.365607,1359.350895,0.080498,0.63,0.496995,0.476715,0.361165,0.007296
cam-003,camera,1.32534,65.589065,78879.512756,2.105709,12.45,0.680077,0.305252,0.080956,0.036291
sensor-18,sensor,0.57991,3.41381,1849.617399,0.107934,0.03,0.849994,0.172372,0.31765,0.011443
router-17,router,0.712449,41.256482,54673.504928,2.308565,10.25,0.683632,0.322593,0.139095,0.02358
nvr-04,nvr,1.238096,27.821267,44400.808575,1.313867,5.76,0.715574,0.228841,0.17295,0.015961
access-ctrl-07,access_controller,0.617596,11.389185,9956.081454,0.597199,4.26,0.857458,0.143878,0.230003,0.011638
thermostat-24,thermostat,0.738305,6.226032,5398.892216,0.378935,5.26,0.785304,0.209176,0.224762,0.019113
plug-25,smart_plug,0.358736,3.434555,1250.52508,0.078647,0.54,0.45528,0.563971,0.334289,0.008423
cam-007,camera,1.419369,59.035373,100079.462959,2.070531,9.37,0.61591,0.423083,0.097715,0.034726
sensor-24,sensor,0.467552,4.6942,1213.828923,0.079084,2.89,0.871669,0.067358,0.251497,0.006275
router-08,router,0.786571,38.381492,67005.444653,2.101392,6.87,0.635643,0.374787,0.130794,0.01957
nvr-03,nvr,1.009145,23.471074,37336.908954,1.203525,5.1,0.667265,0.298757,0.180732,0.011946
access-ctrl-01,access_controller,0.741226,10.80201,13745.090692,0.800725,2.69,0.809544,0.193753,0.214221,0.009718
thermostat-20,thermostat,0.845787,6.544929,4289.469639,0.405749,2.74,0.672507,0.315717,0.201983,0.019837
plug-11,smart_plug,0.49186,4.030856,1314.969974,0.166465,2.21,0.48371,0.486323,0.345867,0.012279
cam-005,camera,1.271384,49.077226,80076.691686,2.62994,7.78,0.635934,0.341188,0.088156,0.041329
sensor-24,sensor,0.448954,5.302139,2108.711694,0.068865,0.69,0.772704,0.144205,0.319035,0.006859
router-02,router,0.933698,43.462426,52142.220087,1.556439,6.73,0.767405,0.219315,0.124672,0.017285
nvr-07,nvr,0.835033,26.94387,44690.068767,1.401297,4.43,0.748736,0.231412,0.182126,0.012215
access-ctrl-06,access_controller,0.684588,11.800125,11124.238249,0.797918,3.31,0.784066,0.213866,0.221756,0.007051
thermostat-09,thermostat,0.835019,8.084898,5410.874732,0.35651,3.09,0.733266,0.232746,0.219506,0.012425
plug-22,smart_plug,0.422269,4.148103,1439.89868,0.089773,2.37,0.513018,0.478619,0.343119,0.014621
cam-003,camera,1.212624,63.478967,105550.085845,2.154966,8.19,0.585886,0.401057,0.091207,0.042151
sensor-12,sensor,0.655218,2.947865,1650.884079,0.137134,2.55,0.891359,0.093727,0.317559,0.005671
router-05,router,0.961229,26.549645,56174.463855,2.169184,8.88,0.71262,0.263934,0.138858,0.021421
nvr-01,nvr,1.076026,27.301969,56180.9156,1.283785,5.96,0.68792,0.29825,0.172325,0.011826
access-ctrl-03,access_controller,0.641547,10.130568,9761.379325,0.569096,0.66,0.810921,0.178051,0.258147,0.011344
thermostat-04,thermostat,0.669431,6.856318,4475.545154,0.473197,3.75,0.686321,0.281206,0.241167,0.016597
plug-31,smart_plug,0.476454,3.078858,1202.370121,0.082306,3.11,0.483751,0.490129,0.31793,0.010516
cam-004,camera,1.491716,50.687363,91607.213414,2.432944,9.35,0.630165,0.358312,0.091568,0.037048
sensor-24,sensor,0.532152,5.482267,1230.156805,0.111956,1.45,0.904545,0.091614,0.283342,0.004854
router-14,router,0.820074,39.203996,68063.154544,1.646354,10.32,0.661006,0.368501,0.133779,0.018312
nvr-07,nvr,1.236777,24.765895,55602.91683,1.084779,4.24,0.661437,0.298135,0.203038,0.017609
access-ctrl-07,access_controller,0.615322,8.546153,10047.020607,0.77095,4.31,0.787103,0.217898,0.232524,0.008614
thermostat-20,thermostat,0.721843,7.679093,5457.579783,0.297489,1.58,0.653133,0.305748,0.219426,0.011361
plug-19,smart_plug,0.359031,2.545913,943.503831,0.138856,0.15,0.505691,0.474542,0.34665,0.014274
cam-001,camera,1.395379,55.691408,101038.439707,2.251078,7.16,0.554773,0.409102,0.073576,0.032244
sensor-12,sensor,0.593356,5.774404,1405.132623,0.142803,2.05,0.890861,0.06109,0.260327,0.01049
router-02,router,0.777535,35.307605,49031.713941,1.838773,7.23,0.671355,0.290468,0.110619,0.02821
nvr-03,nvr,0.934566,19.773333,59586.001913,1.11951,4.63,0.760565,0.247569,0.177878,0.019516
access-ctrl-03,access_controller,0.749229,11.435157,9443.741891,0.670093,2.16,0.791832,0.23458,0.228738,0.012745
thermostat-28,thermostat,0.760004,7.797937,3926.306177,0.398449,2.85,0.667912,0.337581,0.204775,0.01638
plug-11,smart_plug,0.388881,2.934007,1070.411058,0.082243,3.22,0.550626,0.433194,0.366692,0.013314
cam-007,camera,1.409414,56.867051,87284.74426,2.296226,8.68,0.606982,0.392804,0.080679,0.032357
sensor-18,sensor,0.579553,5.079336,2447.142621,0.077661,0.62,0.826018,0.172611,0.297145,0.009396
router-02,router,0.92256,37.274371,73427.331555,1.734282,9.63,0.633063,0.331657,0.142316,0.026086
nvr-07,nvr,1.126818,19.271005,53649.453016,1.477098,3.54,0.657408,0.311748,0.163891,0.00943
access-ctrl-07,access_controller,0.695934,9.996464,12043.883427,0.751069,2.75,0.766756,0.186649,0.266766,0.013974
thermostat-13,thermostat,0.878325,7.546225,4710.438964,0.476679,4.36,0.740424,0.199192,0.194037,0.017014
plug-25,smart_plug,0.347643,2.436578,1159.272547,0.098403,0.55,0.520267,0.466888,0.323054,0.013967
cam-005,camera,1.486886,44.450448,97585.161237,2.890641,6.35,0.720423,0.261661,0.086402,0.035228
sensor-21,sensor,0.552642,4.774832,983.627604,0.19433,2.47,0.809184,0.161657,0.321035,0.008328
router-14,router,1.036846,26.156503,61422.499187,2.066318,5.99,0.60503,0.377125,0.137935,0.025468
nvr-04,nvr,1.083832,29.393374,57110.087674,1.745613,2.68,0.779593,0.219847,0.20501,0.01302
access-ctrl-01,access_controller,0.554017,8.104585,13509.867073,0.829878,2.99,0.80002,0.188474,0.224303,0.009485
thermostat-09,thermostat,0.770264,6.518914,4302.64027,0.29312,2.57,0.764466,0.207826,0.200315,0.01018
plug-25,smart_plug,0.342811,3.058755,860.199319,0.069694,1.09,0.523001,0.411862,0.335592,0.009193
cam-002,camera,1.319137,59.039718,88362.154192,2.462331,12.7,0.618144,0.382795,0.096666,0.038001
sensor-24,sensor,0.539603,4.356506,1465.552693,0.181818,0.31,0.851099,0.12872,0.289951,0.009871
router-08,router,1.050644,28.437905,64027.423414,2.140017,3.99,0.76732,0.25759,0.143787,0.019896
nvr-07,nvr,1.181249,22.24768,55433.486912,1.142943,2.74,0.694787,0.28896,0.169215,0.012155
access-ctrl-02,access_controller,0.768626,8.686292,9574.198579,0.571576,4.96,0.860116,0.114412,0.2524,0.008804
thermostat-09,thermostat,0.697437,6.861652,3772.021279,0.485247,3.3,0.693946,0.271739,0.235773,0.016136
plug-22,smart_plug,0.478182,2.492478,932.047449,0.05847,2.2,0.5222,0.488002,0.332857,0.010258
cam-007,camera,1.116236,53.04626,97646.139721,2.692553,10.55,0.6738,0.277127,0.103266,0.037864
sensor-21,sensor,0.605656,3.363809,2399.463812,0.176207,2.35,0.831199,0.155283,0.249812,0.011064
router-05,router,1.021477,29.197128,55208.479018,1.675881,7.01,0.600479,0.357515,0.149003,0.022215
nvr-04,nvr,0.903739,16.41439,58810.519408,1.588895,4.18,0.777621,0.179805,0.160779,0.01006
access-ctrl-06,access_controller,0.580793,10.042519,9257.68228,0.73727,3.09,0.766386,0.221711,0.237732,0.009572
thermostat-09,thermostat,0.760113,8.118387,3697.968941,0.412104,1.2,0.77337,0.213574,0.223347,0.016262
plug-14,smart_plug,0.374066,3.801121,856.815266,0.099498,1.86,0.469961,0.528273,0.358425,0.014667
cam-005,camera,1.347777,47.406862,103407.174597,2.531083,11.51,0.663426,0.279482,0.106197,0.027822
sensor-27,sensor,0.4123,5.424156,2497.145589,0.078857,2.13,0.825512,0.113901,0.308277,0.012764
router-05,router,0.833569,28.241947,67219.002794,1.719737,10.01,0.712125,0.293396,0.144195,0.025434
nvr-01,nvr,1.120809,18.855428,45251.363468,1.646435,5.9,0.717032,0.274466,0.156417,0.012613
access-ctrl-04,access_controller,0.631202,9.578065,12118.013083,0.799213,1.9,0.845908,0.114552,0.226156,0.014135
thermostat-20,thermostat,0.62917,7.7999,4951.587035,0.380197,3.16,0.723116,0.260778,0.225686,0.013601
plug-22,smart_plug,0.383861,2.539107,1571.367994,0.078375,0.0,0.528722,0.474472,0.346165,0.011283
cam-005,camera,1.421606,44.723564,76957.515935,2.481125,7.29,0.670066,0.30653,0.083741,0.024457
sensor-12,sensor,0.415545,4.036435,2310.760553,0.10017,1.99,0.78588,0.214195,0.233526,0.01048
router-05,router,0.873113,33.429083,42828.884448,1.616491,9.44,0.629055,0.387816,0.136667,0.015556
nvr-02,nvr,1.043467,28.634844,54569.643858,1.328503,2.52,0.807932,0.193319,0.203901,0.010649
access-ctrl-03,access_controller,0.687256,8.576244,9579.158567,0.799916,3.25,0.828782,0.224245,0.243126,0.009957
thermostat-13,thermostat,0.726046,6.525143,3634.510523,0.421434,1.12,0.632847,0.349078,0.229926,0.013537
plug-19,smart_plug,0.487523,3.285303,1703.827237,0.080434,0.84,0.411589,0.54854,0.335902,0.009826
cam-004,camera,1.157097,48.369997,92652.78241,2.485543,5.94,0.611498,0.383832,0.076858,0.038223
sensor-21,sensor,0.647682,2.527768,1775.58983,0.179187,3.05,0.785976,0.145011,0.262273,0.009205
router-17,router,0.808979,31.552458,46971.464192,2.450106,5.74,0.672646,0.314586,0.135087,0.021374
nvr-02,nvr,1.090709,20.186011,48601.832876,1.299364,5.75,0.809702,0.221603,0.170601,0.017278
access-ctrl-06,access_controller,0.732577,8.529124,14929.378893,0.573056,3.29,0.862121,0.13288,0.231895,0.009073
thermostat-24,thermostat,0.698408,6.459062,4341.705073,0.402508,3.41,0.707894,0.290315,0.227691,0.018065
plug-25,smart_plug,0.399217,2.727331,1242.260378,0.112232,0.0,0.533535,0.468498,0.345163,0.013977
cam-001,camera,1.280242,56.951514,110509.711014,1.811759,15.44,0.674729,0.300179,0.09313,0.043885
sensor-12,sensor,0.639067,3.847581,1217.232585,0.149613,1.47,0.918232,0.056209,0.284595,0.005795
router-08,router,0.890683,31.70564,50073.874708,1.888852,6.52,0.719935,0.254487,0.159518,0.022202
nvr-01,nvr,1.242577,18.460353,45507.523951,1.145484,4.91,0.723193,0.265982,0.177593,0.014437
access-ctrl-07,access_controller,0.729903,9.194268,12388.011153,0.776213,3.34,0.880819,0.144188,0.246843,0.011682
thermostat-28,thermostat,0.774067,5.072622,4186.010028,0.300553,3.8,0.75796,0.247138,0.210705,0.014851
plug-14,smart_plug,0.456325,2.316201,1690.224637,0.128497,1.9,0.495035,0.471025,0.366695,0.011691
cam-005,camera,1.241755,44.665275,81467.183412,2.004539,12.67,0.689797,0.302781,0.114274,0.031571
sensor-07,sensor,0.468589,3.497041,1721.955875,0.18383,0.54,0.857604,0.120103,0.333383,0.007213
router-08,router,0.738036,31.718705,61904.529091,1.645474,10.33,0.64465,0.346373,0.117836,0.02189
nvr-02,nvr,0.950257,19.368171,53218.845263,1.512463,4.55,0.811751,0.176444,0.199505,0.015447
access-ctrl-05,access_controller,0.777122,10.048228,10359.618617,0.702375,3.56,0.795229,0.189283,0.236819,0.011341
thermostat-20,thermostat,0.663205,8.356342,4146.60275,0.296228,3.87,0.765555,0.238413,0.213511,0.013984
plug-14,smart_plug,0.346317,2.450485,927.556108,0.089894,2.75,0.534467,0.47727,0.35533,0.013522
cam-004,camera,1.286905,48.394634,100595.378989,3.000717,12.69,0.585288,0.422405,0.118106,0.026127
sensor-27,sensor,0.642288,3.115562,2556.955003,0.130133,1.31,0.836259,0.123531,0.279948,0.010179
router-08,router,0.833503,28.370431,51841.421135,1.898504,6.19,0.599193,0.403337,0.130777,0.016389
nvr-05,nvr,1.228149,21.564758,31450.865842,1.365239,5.11,0.702507,0.254859,0.150868,0.014569
access-ctrl-06,access_controller,0.6235,10.560785,10857.08855,0.499828,3.31,0.780667,0.178444,0.210701,0.010492
thermostat-28,thermostat,0.808362,7.060645,3873.168193,0.372194,3.08,0.731331,0.228635,0.206943,0.018765
plug-19,smart_plug,0.426113,2.414865,1446.107811,0.121145,2.57,0.452464,0.476145,0.354407,0.008132
cam-006,camera,1.092114,48.390674,92279.556321,1.904655,6.11,0.679696,0.338203,0.078711,0.031009
sensor-18,sensor,0.416817,3.651464,1161.026463,0.256901,2.76,0.92826,0.085793,0.263583,0.006354
router-11,router,1.017906,33.212651,45914.789934,1.836823,10.16,0.712897,0.219501,0.12499,0.020063
nvr-07,nvr,1.01395,26.067173,50394.876983,1.307276,2.74,0.736373,0.286987,0.194473,0.021707
access-ctrl-05,access_controller,0.723083,9.347956,10051.558803,0.545284,3.4,0.807049,0.15349,0.238373,0.014925
thermostat-09,thermostat,0.830152,5.246202,4928.449428,0.472803,1.57,0.694345,0.286662,0.227351,0.012279
plug-25,smart_plug,0.423131,2.71202,1617.429161,0.118092,0.65,0.497096,0.515066,0.331757,0.012499
cam-002,camera,1.301827,52.568152,102952.860211,1.940588,13.45,0.66868,0.31929,0.103834,0.024493
sensor-07,sensor,0.60246,3.399796,2712.751105,0.194208,0.0,0.937739,0.040852,0.27401,0.009435
router-11,router,0.969406,30.589351,53582.466445,2.034903,8.94,0.588651,0.379431,0.153893,0.025809
nvr-07,nvr,1.204197,16.97879,39964.990909,1.754368,5.26,0.678149,0.301836,0.217285,0.013158
access-ctrl-03,access_controller,0.620522,10.098696,9799.053373,0.488141,3.48,0.798679,0.180132,0.235215,0.008067
thermostat-28,thermostat,0.678776,6.514281,5526.745299,0.480209,2.12,0.667726,0.306699,0.194521,0.015361
plug-25,smart_plug,0.423923,3.293382,1562.54348,0.051182,1.28,0.55342,0.483099,0.355419,0.0126
cam-007,camera,1.338247,67.583306,83374.121139,2.310811,11.37,0.574033,0.402412,0.098494,0.04153
sensor-21,sensor,0.427976,2.725403,944.138289,0.088912,1.25,0.859286,0.084295,0.308551,0.00306
router-20,router,0.906148,38.002182,61118.534906,1.831427,9.13,0.631229,0.381579,0.132964,0.019731
nvr-04,nvr,0.857245,24.050717,39062.314758,1.66021,4.91,0.689284,0.30125,0.164571,0.01525
access-ctrl-01,access_controller,0.77854,11.315013,14662.195468,0.679994,3.35,0.775205,0.215411,0.22997,0.014283
thermostat-13,thermostat,0.703342,5.836006,5698.957851,0.290061,0.58,0.737847,0.258575,0.199794,0.019967
plug-11,smart_plug,0.374686,2.855214,1505.574135,0.118343,2.05,0.422574,0.534891,0.327295,0.008443
cam-005,camera,1.432432,53.175081,103913.111359,2.160607,9.56,0.665268,0.313115,0.104055,0.041556
sensor-21,sensor,0.480518,3.467515,1195.494148,0.19248,3.63,0.869998,0.112073,0.277619,0.007123
router-17,router,0.924398,26.393258,63284.061005,1.886415,8.38,0.750803,0.235374,0.130953,0.016042
nvr-01,nvr,1.180573,16.349051,51995.335909,1.396522,3.48,0.720151,0.300641,0.196921,0.020843
access-ctrl-05,access_controller,0.74265,9.546892,14655.365241,0.680812,3.22,0.906053,0.094339,0.212771,0.009278
thermostat-13,thermostat,0.643824,6.035443,4248.938116,0.475516,1.85,0.684391,0.323145,0.215117,0.018831
plug-29,smart_plug,0.490636,2.151384,1802.905198,0.123104,1.03,0.452392,0.526419,0.336045,0.012257
cam-002,camera,1.499314,56.877953,95506.197788,1.98802,14.04,0.663519,0.333483,0.117808,0.043974
sensor-18,sensor,0.65311,3.310582,2787.273761,0.15064,3.98,0.907648,0.099424,0.25055,0.007171
router-02,router,0.796393,40.715576,72277.572935,2.069337,6.65,0.612517,0.393321,0.15542,0.027978
nvr-07,nvr,1.098525,16.74541,54937.185123,1.345107,4.25,0.814104,0.166477,0.208324,0.013563
access-ctrl-05,access_controller,0.633266,10.637649,10262.142044,0.779432,3.11,0.776475,0.176356,0.222941,0.012005
thermostat-09,thermostat,0.716771,6.487009,4351.044768,0.262175,4.07,0.680041,0.293573,0.230445,0.01784
plug-11,smart_plug,0.420968,2.846521,1437.476869,0.118908,1.91,0.52847,0.451167,0.336086,0.010783
cam-007,camera,1.439716,59.778297,89858.458325,2.80752,9.69,0.627956,0.402792,0.096927,0.03242
sensor-30,sensor,0.481682,5.783616,953.210733,0.184511,2.76,0.888512,0.091426,0.313896,0.011609
router-11,router,0.728414,41.600676,66038.825822,2.315413,9.55,0.653756,0.300492,0.137281,0.015232
nvr-02,nvr,0.92082,27.003462,54971.906125,1.348861,7.43,0.780198,0.210584,0.182834,0.020345
access-ctrl-02,access_controller,0.749762,9.798732,15102.108198,0.726193,0.92,0.764026,0.17009,0.228599,0.011936
thermostat-28,thermostat,0.817982,8.100882,4964.021905,0.379549,2.01,0.714716,0.229066,0.224377,0.018619
plug-31,smart_plug,0.343891,2.980435,1324.79042,0.127883,2.45,0.466311,0.538223,0.317686,0.013147
cam-003,camera,1.368838,46.956861,83294.655575,2.21076,6.34,0.54061,0.402063,0.104136,0.025222
sensor-07,sensor,0.658468,2.626184,1187.166197,0.082342,1.59,0.763495,0.201674,0.241731,0.011377
router-02,router,0.91908,32.41845,69955.502025,1.650586,9.72,0.617569,0.371356,0.165375,0.01666
nvr-03,nvr,1.046953,17.761173,39311.412629,1.498183,6.92,0.81702,0.154971,0.154775,0.018003
access-ctrl-05,access_controller,0.55183,7.280764,10179.519986,0.597116,3.82,0.789786,0.167042,0.24306,0.009584
thermostat-13,thermostat,0.711781,5.261409,4350.957906,0.407184,2.3,0.72032,0.270461,0.223225,0.014819
plug-19,smart_plug,0.348301,3.897721,962.589513,0.140732,0.83,0.474819,0.514461,0.302323,0.013452
cam-003,camera,1.35251,49.655259,74512.210793,1.872579,10.02,0.659707,0.367528,0.094134,0.02361
sensor-12,sensor,0.427078,4.387638,1389.848405,0.242254,3.63,0.903813,0.118876,0.319289,0.007914
router-08,router,0.742785,41.453386,61027.703861,1.992775,7.07,0.631147,0.388864,0.124774,0.02864
nvr-01,nvr,1.238531,18.333491,35681.712648,1.480621,4.67,0.784263,0.19254,0.219441,0.014687
access-ctrl-04,access_controller,0.732893,11.182783,13167.119283,0.737955,4.62,0.794957,0.175424,0.228172,0.006693
thermostat-13,thermostat,0.695812,6.378342,4247.833352,0.492847,2.19,0.77907,0.224475,0.218406,0.019919
plug-22,smart_plug,0.365547,3.960048,973.157047,0.11651,0.0,0.536812,0.425218,0.349855,0.011061
cam-001,camera,1.380231,53.99988,106202.224717,2.311893,5.6,0.721863,0.262094,0.10915,0.028877
sensor-30,sensor,0.562625,4.989796,1266.864739,0.21508,4.28,0.842717,0.173035,0.279822,0.004887
router-20,router,0.940298,30.160383,60760.457307,1.891669,12.06,0.695717,0.25319,0.11758,0.026035
nvr-02,nvr,1.18031,23.20854,40201.020184,1.740343,4.46,0.72252,0.255232,0.162,0.018281
access-ctrl-06,access_controller,0.793759,9.814374,8838.385668,0.555259,1.48,0.878332,0.15034,0.221512,0.014178
thermostat-04,thermostat,0.629589,7.290285,4735.992462,0.326119,1.1,0.654639,0.323548,0.204737,0.013011
plug-31,smart_plug,0.36964,3.500892,1455.679558,0.089599,2.15,0.551961,0.444776,0.306169,0.011322
cam-003,camera,1.10668,42.744794,85222.362553,1.943934,12.67,0.57965,0.362741,0.088786,0.035982
sensor-21,sensor,0.549746,2.786967,2979.800511,0.254193,2.32,0.84972,0.120503,0.253933,0.006065
router-05,router,0.910493,26.857696,53350.025981,2.331295,9.38,0.617329,0.328929,0.143432,0.029537
nvr-04,nvr,1.106689,28.563115,36715.876452,1.717495,5.4,0.805513,0.207045,0.21024,0.010876
access-ctrl-02,access_controller,0.70953,11.260017,9926.479065,0.767448,1.43,0.819769,0.134641,0.252505,0.008145
thermostat-16,thermostat,0.744028,5.948224,5244.620443,0.472944,1.81,0.626439,0.331868,0.209463,0.017756
plug-22,smart_plug,0.389624,2.457855,1339.83021,0.154132,0.55,0.447551,0.529618,0.358935,0.010309
cam-005,camera,1.154345,64.051398,85691.494024,2.028406,12.21,0.589373,0.391779,0.112006,0.037545
sensor-12,sensor,0.639374,3.817744,2406.789441,0.110511,1.69,0.750886,0.213883,0.239734,0.006477
router-11,router,0.995324,26.356769,39495.400725,1.697214,6.24,0.722534,0.256859,0.126381,0.024937
nvr-05,nvr,1.296867,28.095899,48640.377743,1.672609,5.02,0.781415,0.226275,0.18428,0.016675
access-ctrl-01,access_controller,0.706322,11.897332,13056.591951,0.514631,2.14,0.776714,0.228426,0.24674,0.012068
thermostat-13,thermostat,0.770021,5.55581,5201.151823,0.475928,1.8,0.721793,0.214329,0.219481,0.018137
plug-11,smart_plug,0.422377,2.921486,817.935419,0.059812,0.53,0.48309,0.482913,0.348205,0.014755
cam-004,camera,1.10813,42.212129,95477.65662,2.5637,11.48,0.603348,0.389494,0.092751,0.031625
sensor-24,sensor,0.520292,5.742994,1335.98844,0.069786,4.03,0.839598,0.155575,0.287161,0.005564
router-05,router,1.090081,34.420769,52122.79951,2.376959,9.12,0.673545,0.259365,0.135723,0.027982
nvr-01,nvr,1.097985,16.239221,53661.744334,1.750366,3.76,0.741142,0.250775,0.16309,0.013835
access-ctrl-01,access_controller,0.72466,9.493618,11899.259754,0.492782,4.43,0.765977,0.205826,0.222144,0.01035
thermostat-13,thermostat,0.623333,5.887226,4443.738141,0.363103,3.71,0.694571,0.294852,0.221806,0.016396
plug-31,smart_plug,0.429301,3.551471,1223.369869,0.149573,1.8,0.511327,0.483151,0.346555,0.011594
cam-002,camera,1.079772,63.713497,79864.299219,2.541595,11.47,0.613218,0.389282,0.085232,0.023147
sensor-21,sensor,0.583747,4.2977,1738.14837,0.164303,1.79,0.846182,0.076733,0.251509,0.006953
router-02,router,1.004679,26.271022,41964.362418,2.124353,10.88,0.737211,0.225228,0.141054,0.023298
nvr-03,nvr,1.100187,25.566937,42413.556963,1.245567,4.53,0.836511,0.152136,0.205865,0.019985
access-ctrl-05,access_controller,0.572079,8.850603,11734.289215,0.738872,1.03,0.809092,0.180549,0.246933,0.007497
thermostat-24,thermostat,0.705275,5.378404,4703.217823,0.4566,3.56,0.671247,0.336646,0.22304,0.014488
plug-25,smart_plug,0.372745,3.683319,699.487648,0.121939,1.86,0.55034,0.399008,0.327308,0.007674
cam-003,camera,1.137983,48.288108,110648.928409,2.621063,7.08,0.652635,0.339433,0.076608,0.031332
sensor-24,sensor,0.591696,3.941473,1192.154976,0.195744,0.77,0.856606,0.10152,0.255607,0.010546
router-11,router,0.96227,39.642223,64574.720582,2.064754,10.31,0.637515,0.355056,0.142296,0.021611
nvr-01,nvr,1.109333,20.391216,51262.611964,1.301777,3.55,0.770673,0.239615,0.155715,0.017515
access-ctrl-04,access_controller,0.578622,10.724061,10159.815678,0.673274,4.47,0.801353,0.137371,0.213408,0.012358
thermostat-28,thermostat,0.763279,5.822303,5670.013533,0.394978,2.03,0.747752,0.253375,0.194121,0.015394
plug-14,smart_plug,0.388369,4.165016,1216.389374,0.117735,0.22,0.514786,0.492052,0.31905,0.015004
cam-004,camera,1.104851,65.378297,81092.802289,2.686296,11.99,0.622326,0.36179,0.096383,0.025478
sensor-24,sensor,0.64069,3.880864,1382.657194,0.217982,0.17,0.882182,0.094891,0.293089,0.008862
router-14,router,0.991262,44.240815,44067.787185,2.280779,9.45,0.624774,0.375301,0.139682,0.028721
nvr-06,nvr,0.858894,28.143695,41339.288185,1.559754,4.46,0.665543,0.268866,0.194755,0.010733
access-ctrl-07,access_controller,0.550809,8.529107,11443.326276,0.501972,1.44,0.81753,0.147506,0.223262,0.009773
thermostat-28,thermostat,0.667335,8.111592,4102.865529,0.390895,1.13,0.664597,0.341062,0.217578,0.011354
plug-29,smart_plug,0.382234,3.93535,964.659303,0.129741,2.13,0.442808,0.51256,0.318015,0.013488
cam-004,camera,1.398929,50.368151,91752.694681,2.086124,9.73,0.738047,0.249135,0.094504,0.033461
sensor-21,sensor,0.609118,5.833568,2154.368117,0.126483,2.98,0.777039,0.223177,0.314993,0.006142
router-17,router,1.058296,34.660328,66681.424589,2.236512,11.46,0.633354,0.349834,0.153588,0.030886
nvr-03,nvr,0.915244,28.141032,54595.342502,1.382665,5.81,0.735892,0.269084,0.20154,0.019048
access-ctrl-04,access_controller,0.60498,9.495257,12323.480549,0.548104,4.1,0.759877,0.216919,0.226654,0.012903
thermostat-09,thermostat,0.744143,8.394372,5253.925634,0.467281,0.81,0.71011,0.228732,0.221028,0.014073
plug-25,smart_plug,0.496795,3.049345,1803.383877,0.071007,1.87,0.440959,0.513368,0.309547,0.007838
cam-004,camera,1.388609,46.468749,75913.531618,2.423058,6.1,0.649759,0.357456,0.094258,0.025438
sensor-30,sensor,0.593614,5.672666,2835.694316,0.27282,0.57,0.803332,0.179496,0.251668,0.007639
router-02,router,0.788608,27.286126,47738.407752,1.673834,7.73,0.580949,0.422491,0.149602,0.019548
nvr-02,nvr,1.208101,26.935957,45202.066139,1.09978,4.73,0.790828,0.200839,0.14911,0.011135
access-ctrl-07,access_controller,0.789635,8.696501,13841.346183,0.735105,2.62,0.840136,0.139673,0.208879,0.008692
thermostat-09,thermostat,0.687291,7.677424,3690.462607,0.388701,2.26,0.750389,0.245806,0.22813,0.019552
plug-31,smart_plug,0.339992,2.339603,1261.590695,0.071093,0.57,0.564133,0.413959,0.347306,0.013599
cam-005,camera,1.32415,48.115548,92260.564189,2.089858,10.97,0.619241,0.380794,0.077062,0.040961
sensor-24,sensor,0.448193,3.254939,914.161386,0.150081,2.08,0.790804,0.178322,0.300081,0.008746
router-02,router,0.812311,37.036331,66249.211612,2.328355,9.79,0.64005,0.292729,0.113811,0.022114
nvr-01,nvr,1.095336,27.685779,53503.950552,1.664584,3.3,0.733901,0.256047,0.188004,0.013494
access-ctrl-07,access_controller,0.678383,8.4247,13439.557745,0.892771,3.01,0.835036,0.123846,0.256529,0.008946
thermostat-20,thermostat,0.622275,7.802728,5413.16224,0.408591,5.24,0.686928,0.338168,0.239791,0.018964
plug-19,smart_plug,0.437175,3.251864,1148.586429,0.050276,0.96,0.543881,0.465451,0.365127,0.008038
cam-003,camera,1.219522,60.626469,73803.268461,1.921295,12.79,0.663398,0.339322,0.094839,0.033182
sensor-21,sensor,0.466948,3.956638,1377.191698,0.133702,2.76,0.906343,0.090264,0.284942,0.006322
router-20,router,0.861365,34.20257,49681.205674,2.408222,12.23,0.637997,0.310224,0.146034,0.026104
nvr-05,nvr,1.064003,29.365794,39014.718739,1.475835,3.82,0.744303,0.197492,0.217592,0.010708
access-ctrl-07,access_controller,0.766769,9.231031,9847.807828,0.476961,2.54,0.790247,0.176622,0.247479,0.011792
thermostat-04,thermostat,0.666899,7.194282,5661.086893,0.286412,2.33,0.722702,0.262622,0.19794,0.01927
plug-11,smart_plug,0.467004,2.433064,921.556651,0.14295,2.88,0.505799,0.438879,0.359253,0.010086
cam-004,camera,1.177893,62.362641,94656.955505,1.815056,10.57,0.591455,0.437431,0.11522,0.043221
sensor-12,sensor,0.493461,4.052309,2339.295097,0.203285,1.85,0.751093,0.183755,0.279524,0.010657
router-08,router,1.05931,39.795563,64214.572229,1.892084,9.18,0.766829,0.276119,0.120912,0.016481
nvr-07,nvr,0.985685,21.470896,50383.155707,1.715865,3.95,0.750054,0.263209,0.186148,0.009488
access-ctrl-02,access_controller,0.77464,8.480098,10080.987323,0.531831,3.05,0.835352,0.143213,0.215179,0.010248
thermostat-16,thermostat,0.792087,5.512751,4597.927864,0.385483,4.15,0.713828,0.271315,0.241539,0.019691
plug-19,smart_plug,0.353106,2.036695,886.554624,0.09205,1.37,0.461905,0.52558,0.31232,0.013619
cam-006,camera,1.189203,51.773931,103612.346802,1.69246,11.68,0.662102,0.322166,0.073776,0.041907
sensor-21,sensor,0.631378,4.926008,1679.605135,0.241093,2.75,0.812041,0.176189,0.284668,0.010584
router-02,router,0.915454,38.023047,49364.53818,1.575328,6.33,0.715646,0.265768,0.159548,0.025547
nvr-05,nvr,1.182059,19.811748,32986.830691,1.238823,4.12,0.800935,0.204833,0.181487,0.011038
access-ctrl-06,access_controller,0.710324,10.863603,11321.379744,0.677012,4.4,0.818826,0.167494,0.238775,0.008429
thermostat-04,thermostat,0.798742,5.266584,4899.443814,0.497885,2.55,0.699614,0.290375,0.210019,0.018604
plug-25,smart_plug,0.333513,3.484112,1256.104994,0.07037,1.66,0.460378,0.510862,0.313302,0.013616
cam-003,camera,1.266471,53.650148,90270.503097,2.395579,15.49,0.655032,0.355175,0.116962,0.036135
sensor-27,sensor,0.479574,3.166917,2753.205432,0.097959,4.0,0.903194,0.058614,0.325188,0.00568
router-05,router,1.019174,27.584341,69037.741885,1.734586,9.1,0.642022,0.358911,0.142897,0.027911
nvr-03,nvr,1.286336,22.466609,46264.909829,1.49227,5.38,0.713143,0.28086,0.191573,0.020557
access-ctrl-01,access_controller,0.807807,11.190218,10568.523455,0.564748,4.88,0.83287,0.163952,0.214118,0.013059
thermostat-16,thermostat,0.833368,7.058916,4454.400914,0.339858,1.87,0.675083,0.350077,0.196078,0.01242
plug-19,smart_plug,0.510422,2.564273,1402.433948,0.145543,2.74,0.546304,0.447061,0.310551,0.01309
cam-001,camera,1.112266,44.647727,101967.356846,2.250181,8.44,0.60653,0.406672,0.102951,0.028973
sensor-27,sensor,0.572883,3.905629,1041.399535,0.101398,3.01,0.903903,0.104949,0.312312,0.008907
router-14,router,0.992192,31.454761,46369.151501,1.802554,8.23,0.634451,0.348952,0.131816,0.02023
nvr-05,nvr,1.215183,24.604369,45708.295281,1.148582,2.73,0.707864,0.292622,0.178105,0.017891
access-ctrl-07,access_controller,0.769784,10.705604,10845.201013,0.499888,2.61,0.836401,0.198052,0.214644,0.007334
thermostat-20,thermostat,0.655736,8.401847,3746.800313,0.405636,4.42,0.784691,0.178573,0.196726,0.01718
plug-25,smart_plug,0.437639,3.641732,752.799636,0.146583,0.47,0.532883,0.440121,0.339733,0.013951
cam-002,camera,1.241101,52.221182,106206.807698,2.446118,7.97,0.612621,0.387596,0.093389,0.024242
sensor-07,sensor,0.563213,4.475432,1104.123741,0.099965,0.56,0.878818,0.12998,0.237112,0.009981
router-20,router,0.889906,39.076575,48264.02486,1.830475,7.81,0.625798,0.374477,0.123693,0.024821
nvr-05,nvr,1.272257,23.903254,33888.232651,1.765595,5.21,0.736449,0.241411,0.200492,0.020023
access-ctrl-07,access_controller,0.735653,9.092946,10566.218286,0.8281,2.91,0.801877,0.240891,0.238117,0.012288
thermostat-20,thermostat,0.693605,7.779876,3520.188372,0.484042,3.47,0.694473,0.289114,0.195731,0.015842
plug-22,smart_plug,0.388796,2.150647,886.64524,0.081566,0.65,0.468044,0.54348,0.30559,0.011307
cam-002,camera,1.435511,63.155924,102786.39919,2.822426,6.82,0.592602,0.422176,0.096225,0.025626
sensor-30,sensor,0.665693,4.966788,992.340075,0.172056,4.11,0.878276,0.075616,0.268,0.010586
router-17,router,0.747637,28.530103,48480.531205,2.204533,4.81,0.658208,0.347189,0.145538,0.024469
nvr-02,nvr,0.967772,21.706585,44234.063248,1.412762,3.57,0.794712,0.173912,0.17404,0.010447
access-ctrl-04,access_controller,0.5586,11.102174,12669.854413,0.830095,3.9,0.869932,0.131942,0.270169,0.01148
thermostat-13,thermostat,0.832697,5.151183,4358.863796,0.334377,0.85,0.68269,0.318387,0.222673,0.016514
plug-31,smart_plug,0.491883,2.308293,1598.255143,0.128692,0.62,0.544526,0.438918,0.303205,0.013022
cam-003,camera,1.085092,65.140849,72544.091731,1.727497,8.39,0.559386,0.446776,0.074857,0.030797
sensor-12,sensor,0.449803,2.850038,2633.28279,0.244401,2.07,0.895703,0.105201,0.278526,0.005935
router-14,router,0.78216,43.526998,41411.119523,1.805795,9.18,0.625802,0.392455,0.156582,0.027862
nvr-06,nvr,1.215124,21.388456,39306.317784,1.634738,3.6,0.668954,0.315682,0.203059,0.014511
access-ctrl-01,access_controller,0.718298,9.81876,13143.426882,0.451741,5.13,0.735028,0.230075,0.223049,0.008959
thermostat-28,thermostat,0.648219,7.364048,5986.780458,0.433431,3.1,0.671798,0.291194,0.208429,0.014987
plug-19,smart_plug,0.388201,2.350969,1613.165721,0.157781,1.79,0.543803,0.450995,0.301157,0.007297
cam-002,camera,1.214394,50.94034,71941.969601,2.147073,10.94,0.56765,0.400509,0.077871,0.027757
sensor-24,sensor,0.588218,5.985478,2614.576888,0.267492,0.0,0.856186,0.121459,0.254818,0.011441
router-02,router,0.808701,41.946392,53624.791197,1.646671,8.17,0.652783,0.359498,0.136884,0.028536
nvr-05,nvr,1.18094,26.68587,53464.635277,1.798495,6.68,0.803996,0.177163,0.175088,0.018804
access-ctrl-02,access_controller,0.664087,9.441774,14159.688626,0.679348,1.54,0.881101,0.109418,0.254638,0.014186
thermostat-16,thermostat,0.828109,5.740736,3967.413118,0.452916,0.63,0.727244,0.210965,0.220192,0.014425
plug-11,smart_plug,0.369174,3.397806,1371.336085,0.111591,1.58,0.563591,0.430346,0.374503,0.01142
cam-004,camera,1.376762,48.407729,96170.612998,2.129913,7.93,0.575479,0.402282,0.099087,0.035148
sensor-24,sensor,0.580651,3.311971,2041.033965,0.208927,1.41,0.821322,0.118226,0.258095,0.008322
router-17,router,0.780794,29.326871,49188.028531,2.163232,8.77,0.665497,0.290343,0.135094,0.028371
nvr-06,nvr,1.24677,25.90214,60104.452474,1.699385,2.98,0.777422,0.218524,0.208514,0.017647
access-ctrl-03,access_controller,0.691564,10.548141,12784.704813,0.851309,2.3,0.790834,0.203328,0.2258,0.011297
thermostat-16,thermostat,0.67943,5.750978,4121.205937,0.365294,1.61,0.728117,0.271237,0.222844,0.013743
plug-19,smart_plug,0.50777,4.172467,1088.409892,0.153246,2.04,0.475793,0.471362,0.320985,0.011247
cam-001,camera,1.07201,59.390362,109572.86694,2.259424,7.76,0.687442,0.276026,0.087775,0.034033
sensor-12,sensor,0.57602,3.578884,2435.802038,0.271029,0.47,0.797658,0.197811,0.252227,0.004452
router-17,router,0.938407,38.763051,69460.245174,2.128661,6.45,0.755048,0.243133,0.117077,0.025373
nvr-01,nvr,0.89785,29.000099,40712.793544,1.626625,5.02,0.786757,0.1994,0.179052,0.013794
access-ctrl-03,access_controller,0.680163,8.543034,10860.366316,0.570137,2.23,0.808738,0.197862,0.237257,0.010738
thermostat-28,thermostat,0.675366,6.358289,5607.229636,0.27284,3.92,0.771824,0.233876,0.229751,0.01025
plug-25,smart_plug,0.411734,3.486008,1537.139892,0.129071,0.09,0.522227,0.494922,0.345226,0.010284
cam-004,camera,1.067335,42.980265,103499.633384,2.89504,12.21,0.718372,0.278201,0.113142,0.023509
sensor-21,sensor,0.671303,3.2217,1192.631634,0.111667,0.53,0.810353,0.189407,0.254005,0.010642
router-11,router,0.925238,25.076645,54994.941314,2.369623,7.97,0.740664,0.303641,0.150515,0.029722
nvr-06,nvr,1.079814,20.213533,57319.786608,1.232024,5.39,0.792053,0.191064,0.200957,0.018321
access-ctrl-04,access_controller,0.74317,10.452102,13897.304076,0.674482,1.14,0.765729,0.202813,0.228941,0.011393
thermostat-28,thermostat,0.886404,7.677528,3517.237478,0.390255,2.71,0.647422,0.321715,0.235684,0.013497
plug-11,smart_plug,0.51399,2.553512,1754.318302,0.102331,0.77,0.499181,0.494681,0.356372,0.011292
cam-004,camera,1.115085,46.222459,78074.032785,1.900798,15.12,0.577717,0.393078,0.09005,0.033484
sensor-24,sensor,0.489067,3.411793,2229.765945,0.193333,2.43,0.866818,0.142694,0.260391,0.011506
router-05,router,0.776669,41.312871,46542.061306,2.339155,6.93,0.57947,0.395488,0.143706,0.027259
nvr-04,nvr,1.15341,25.484249,41814.44121,1.577809,3.81,0.747359,0.225135,0.152503,0.011678
access-ctrl-04,access_controller,0.62713,9.471071,14041.964311,0.801226,3.53,0.845594,0.146141,0.24969,0.013618
thermostat-09,thermostat,0.906151,6.393637,3643.237284,0.490919,3.25,0.673774,0.325952,0.194873,0.013664
plug-31,smart_plug,0.41918,2.255336,1509.266951,0.152323,2.89,0.447122,0.509874,0.318554,0.010384
cam-006,camera,1.266641,43.356676,75892.475076,1.840328,7.28,0.616824,0.368488,0.0941,0.024152
sensor-27,sensor,0.554651,3.36522,1778.257827,0.215745,0.52,0.767848,0.208338,0.279019,0.012947
router-05,router,0.890131,39.081419,42607.688801,1.681184,5.61,0.608452,0.397015,0.153182,0.023974
nvr-05,nvr,0.877561,23.13512,39373.469489,1.381641,4.79,0.721007,0.256071,0.163102,0.012493
access-ctrl-07,access_controller,0.653053,11.015082,9697.979001,0.493481,2.37,0.828233,0.198689,0.221132,0.008409
thermostat-24,thermostat,0.652499,7.595554,4547.616377,0.288925,3.19,0.747953,0.277674,0.202405,0.013238
plug-19,smart_plug,0.339197,3.398843,1264.359359,0.088043,2.52,0.470311,0.516916,0.339519,0.014661
cam-001,camera,1.05665,62.27233,88649.603966,2.658946,11.54,0.634212,0.36248,0.101327,0.025263
sensor-24,sensor,0.67228,3.154739,1374.275616,0.110331,2.43,0.771394,0.141809,0.273926,0.004356
router-02,router,0.764265,27.170837,48820.029007,1.82842,9.46,0.729309,0.219402,0.156485,0.022507
nvr-01,nvr,0.994912,26.702004,45453.782686,1.507816,5.84,0.797948,0.20707,0.157506,0.018028
access-ctrl-04,access_controller,0.620419,9.118883,10112.480361,0.656899,3.04,0.769025,0.201004,0.253664,0.012349
thermostat-04,thermostat,0.715028,7.270318,3578.989526,0.44228,3.58,0.687516,0.305412,0.209531,0.017257
plug-25,smart_plug,0.405016,2.302246,1723.800539,0.092429,1.54,0.447398,0.545179,0.349616,0.007664
cam-006,camera,1.39274,52.493727,107492.348848,2.023621,10.33,0.619653,0.396673,0.094791,0.035369
sensor-18,sensor,0.535719,2.899601,931.657004,0.102419,2.86,0.757805,0.20795,0.241842,0.005064
router-05,router,0.958969,31.618772,61439.514223,1.785802,5.63,0.665417,0.335956,0.130074,0.026941
nvr-03,nvr,1.248304,24.992768,54025.391714,1.324269,4.03,0.767334,0.234776,0.198099,0.012983
access-ctrl-06,access_controller,0.724161,7.991057,14350.062104,0.745245,5.16,0.868761,0.146255,0.226966,0.008337
thermostat-24,thermostat,0.708917,8.140954,3597.898179,0.27405,1.88,0.755042,0.210217,0.207281,0.017737
plug-19,smart_plug,0.45788,4.138483,757.233372,0.174994,0.65,0.529218,0.45543,0.32776,0.009978
cam-005,camera,1.363289,51.698981,98265.742893,2.816554,11.1,0.683659,0.333367,0.090943,0.02464
sensor-07,sensor,0.524141,4.1127,1525.365452,0.233396,2.48,0.820551,0.171314,0.292653,0.006595
router-11,router,0.947791,29.397548,47219.110401,1.621706,10.54,0.716377,0.271005,0.125084,0.022521
nvr-02,nvr,1.254707,21.058534,56510.371315,1.421839,6.3,0.796439,0.164387,0.160812,0.019924
access-ctrl-03,access_controller,0.548066,10.036044,9451.112921,0.678531,3.1,0.832295,0.129102,0.217679,0.013674
thermostat-24,thermostat,0.804812,8.442126,3713.02791,0.291297,3.46,0.692051,0.238706,0.22972,0.019585
plug-29,smart_plug,0.369827,3.840772,1659.855179,0.068137,2.03,0.572208,0.467903,0.314744,0.011694
cam-004,camera,1.421059,45.251664,103519.467522,2.665806,9.11,0.709242,0.295909,0.077787,0.028391
sensor-21,sensor,0.646337,4.055073,1109.304808,0.164739,1.39,0.916261,0.061893,0.316413,0.008844
router-05,router,0.879961,27.937946,50882.490212,2.20061,9.13,0.68644,0.298129,0.122683,0.026721
nvr-04,nvr,1.261272,17.086466,35309.50799,1.76726,7.46,0.711604,0.295196,0.17577,0.012531
access-ctrl-05,access_controller,0.697562,9.202717,10159.734323,0.63764,2.97,0.758695,0.192978,0.238544,0.011495
thermostat-04,thermostat,0.894569,7.136657,3549.616019,0.391089,2.03,0.731702,0.258922,0.232887,0.011313
plug-19,smart_plug,0.354594,3.960336,1123.74488,0.12834,1.58,0.538922,0.451591,0.371311,0.013982
cam-001,camera,1.35213,50.684969,99785.200627,2.143724,14.67,0.581192,0.394821,0.084834,0.036857
sensor-30,sensor,0.524924,4.066689,2111.318765,0.254642,1.16,0.882116,0.112975,0.305457,0.005646
router-17,router,1.009409,28.077793,74026.167074,1.623856,7.52,0.740014,0.276067,0.132372,0.02374
nvr-03,nvr,1.2258,20.821775,40499.960712,1.397887,4.93,0.801232,0.221629,0.201974,0.012749
access-ctrl-04,access_controller,0.737011,8.225673,10878.352881,0.716344,3.4,0.846593,0.144632,0.259532,0.011701
thermostat-13,thermostat,0.819943,6.863717,4591.954154,0.296777,2.86,0.709053,0.271195,0.225494,0.01402
plug-29,smart_plug,0.359763,4.119691,1560.966096,0.121627,0.65,0.53278,0.476078,0.358573,0.013806
cam-007,camera,1.344537,59.926169,102721.996028,2.710579,11.53,0.592576,0.399031,0.090018,0.030021
sensor-30,sensor,0.630559,3.072806,1459.893932,0.131407,2.76,0.795672,0.198223,0.270054,0.008999
router-02,router,0.838296,33.51105,54879.167012,1.768391,8.14,0.595606,0.361632,0.126117,0.025268
nvr-02,nvr,1.191984,22.271167,43615.962228,1.220207,3.95,0.726561,0.264625,0.192934,0.011458
access-ctrl-02,access_controller,0.677926,11.653701,11994.020225,0.832467,4.1,0.811544,0.215193,0.254856,0.006229
thermostat-04,thermostat,0.676825,5.646965,5009.349519,0.379656,1.12,0.693164,0.319924,0.201409,0.013626
plug-25,smart_plug,0.385861,2.645663,1393.333805,0.116462,2.22,0.440234,0.518394,0.354267,0.012053
cam-005,camera,1.368208,62.087638,88523.905724,2.008653,8.73,0.701324,0.28525,0.105688,0.037029
sensor-21,sensor,0.576857,4.272244,2658.194554,0.202898,2.45,0.746891,0.223399,0.25905,0.010596
router-14,router,0.966902,24.991333,43711.071957,2.288757,6.82,0.661723,0.311004,0.146563,0.019599
nvr-06,nvr,1.15693,21.5339,42014.081628,1.776324,4.59,0.656988,0.266794,0.155217,0.01207
access-ctrl-01,access_controller,0.657633,11.731457,13481.635949,0.754542,3.67,0.895129,0.094589,0.21282,0.012362
thermostat-13,thermostat,0.669151,5.292836,4005.999439,0.423215,2.42,0.654762,0.293336,0.22787,0.01291
plug-14,smart_plug,0.396861,3.789347,800.925952,0.163429,1.36,0.525666,0.485357,0.350865,0.011938
cam-005,camera,1.46875,64.757912,70519.113143,2.409325,8.16,0.663828,0.348839,0.095298,0.042703
sensor-21,sensor,0.563799,2.671437,1113.436161,0.118464,3.72,0.866289,0.122787,0.318964,0.009569
router-02,router,0.989351,43.675588,55631.143125,1.795676,7.28,0.607427,0.347541,0.129211,0.016739
nvr-05,nvr,0.927379,25.038947,46203.126479,1.093148,4.15,0.793319,0.20874,0.171034,0.010473
access-ctrl-03,access_controller,0.565618,11.192347,11295.716289,0.535737,3.33,0.778826,0.214411,0.21409,0.010083
thermostat-04,thermostat,0.883713,8.238815,5741.159744,0.38265,4.61,0.655665,0.344974,0.212322,0.02012
plug-31,smart_plug,0.467284,3.06749,730.71268,0.121092,1.16,0.486696,0.517206,0.334443,0.01193
cam-006,camera,1.406123,51.901756,102202.733528,2.884601,11.16,0.588474,0.400928,0.107347,0.029875
sensor-18,sensor,0.625646,3.886534,1658.952061,0.240999,2.0,0.878625,0.155796,0.308569,0.008582
router-05,router,1.015245,41.255617,56966.255485,2.111002,7.49,0.656621,0.30843,0.139158,0.02189
nvr-05,nvr,1.218183,16.625664,36708.40782,1.136156,5.56,0.661033,0.276487,0.157421,0.017364
access-ctrl-06,access_controller,0.770231,8.352,11627.913365,0.550554,3.54,0.753149,0.210942,0.245774,0.010341
thermostat-04,thermostat,0.669418,4.977607,4877.524722,0.408987,2.46,0.705043,0.31041,0.205487,0.016891
plug-11,smart_plug,0.498269,3.354704,1533.549098,0.100322,1.65,0.535419,0.47078,0.347102,0.012341
cam-007,camera,1.481664,56.575421,99870.517861,2.149335,9.64,0.675889,0.331441,0.117114,0.034716
sensor-27,sensor,0.44638,3.763231,2094.799057,0.127207,3.06,0.942226,0.086733,0.241055,0.008907
router-08,router,0.961298,32.834744,49882.975411,1.737065,7.64,0.756361,0.236906,0.113945,0.016257
nvr-03,nvr,1.064282,29.301984,52571.478134,1.7248,4.58,0.785874,0.22901,0.162212,0.019874
access-ctrl-01,access_controller,0.639251,8.736103,9533.410539,0.701216,2.83,0.898711,0.123503,0.208791,0.007169
thermostat-20,thermostat,0.698872,4.993833,3538.141944,0.501359,4.57,0.663982,0.329733,0.23441,0.017061
plug-31,smart_plug,0.3888,3.211379,1531.677262,0.09001,3.43,0.505503,0.486005,0.353337,0.012247
cam-001,camera,1.474942,45.169106,82835.147767,2.31697,13.74,0.656058,0.358488,0.075414,0.029868
sensor-18,sensor,0.431654,5.283751,2666.326107,0.204968,3.87,0.867437,0.118653,0.240353,0.01149
router-05,router,0.806663,36.531818,61167.626943,2.372411,7.56,0.600716,0.322346,0.114804,0.01965
nvr-05,nvr,1.248359,16.245853,50142.160481,1.193436,2.58,0.712435,0.269209,0.167229,0.013895
access-ctrl-05,access_controller,0.579778,8.19234,10123.043577,0.50571,2.92,0.818939,0.141584,0.255565,0.009882
thermostat-24,thermostat,0.786498,6.416641,5422.323344,0.305206,4.71,0.746179,0.248179,0.221553,0.011812
plug-14,smart_plug,0.368914,2.828748,1769.336393,0.131408,0.0,0.550597,0.422003,0.322707,0.010873
cam-006,camera,1.387239,60.90234,95864.721149,1.793569,7.46,0.602702,0.322486,0.099936,0.036635
sensor-27,sensor,0.602712,4.210445,1699.461201,0.195653,1.38,0.841386,0.152448,0.25809,0.006364
router-11,router,0.994843,25.919013,47622.737041,1.571659,7.23,0.656226,0.310897,0.12647,0.023791
nvr-04,nvr,1.009269,24.436079,53805.536183,1.337582,3.47,0.77267,0.163052,0.185664,0.01828
access-ctrl-04,access_controller,0.607528,11.008638,10045.857879,0.840482,0.79,0.772303,0.213773,0.249972,0.009129
thermostat-28,thermostat,0.883738,5.926843,5693.373931,0.323743,2.32,0.728163,0.297006,0.224748,0.01442
plug-25,smart_plug,0.467219,2.363681,1101.054236,0.09146,1.69,0.475591,0.482703,0.321671,0.00942
cam-004,camera,1.107043,52.223769,96689.450111,2.918754,13.1,0.642624,0.354199,0.111972,0.031331
sensor-12,sensor,0.415368,2.865477,2679.800536,0.079407,3.72,0.783056,0.174773,0.2998,0.004422
router-08,router,0.729904,41.551725,52081.687843,1.994546,11.16,0.738178,0.307555,0.130132,0.014205
nvr-01,nvr,1.197611,26.267176,46960.317655,1.609859,3.31,0.810762,0.182971,0.185483,0.015202
access-ctrl-02,access_controller,0.719154,11.729432,9758.340423,0.51486,3.61,0.763898,0.169287,0.222964,0.010843
thermostat-24,thermostat,0.703896,5.964877,4083.141744,0.357725,2.81,0.699708,0.285355,0.237378,0.011709
plug-14,smart_plug,0.379958,4.058946,1394.020503,0.088969,0.34,0.452227,0.473596,0.336288,0.013011
cam-004,camera,1.495017,63.516959,105000.431913,1.806328,11.77,0.680211,0.299762,0.080026,0.032074
sensor-12,sensor,0.532799,4.071133,2665.116835,0.214489,2.0,0.8762,0.116868,0.290759,0.010666
router-05,router,0.92901,26.812387,62535.108528,1.834697,7.28,0.658113,0.360931,0.145002,0.020266
nvr-03,nvr,1.026095,29.812549,33774.575125,1.618923,6.46,0.735417,0.239592,0.197949,0.021596
access-ctrl-06,access_controller,0.52751,10.323093,12333.091478,0.758309,1.63,0.815696,0.159106,0.221049,0.013042
thermostat-04,thermostat,0.824343,8.123124,5022.540005,0.502244,3.68,0.739516,0.209887,0.243697,0.012634
plug-22,smart_plug,0.484899,2.32835,1558.709355,0.108557,2.53,0.45866,0.495692,0.320985,0.009541
cam-003,camera,1.404572,53.591247,83289.485362,2.180504,8.35,0.659533,0.300489,0.081915,0.033383
sensor-27,sensor,0.58085,5.078654,2270.639927,0.243824,1.1,0.856331,0.171785,0.297482,0.009145
router-05,router,0.786132,33.229684,69100.58083,1.740754,7.4,0.601722,0.348482,0.130853,0.018013
nvr-01,nvr,1.26253,22.254835,42823.212852,1.641038,5.32,0.742609,0.27536,0.173022,0.017877
access-ctrl-05,access_controller,0.598949,7.734715,10054.285471,0.484321,2.58,0.82106,0.137098,0.243835,0.009873
thermostat-04,thermostat,0.780779,7.583683,5326.020209,0.489751,2.24,0.689279,0.274566,0.232285,0.017832
plug-11,smart_plug,0.448098,3.061204,1051.567211,0.108916,2.02,0.460522,0.497417,0.345769,0.008586
cam-003,camera,1.390323,46.987455,74012.245656,2.284202,6.38,0.58116,0.448538,0.107624,0.037238
sensor-24,sensor,0.579163,5.55394,1761.194067,0.079264,3.15,0.859419,0.14198,0.277743,0.007769
router-08,router,0.875188,37.158555,70078.854575,2.415415,3.51,0.721205,0.273795,0.160423,0.027795
nvr-03,nvr,0.948244,18.47202,44958.745881,1.403521,4.69,0.784116,0.232674,0.203353,0.016215
access-ctrl-01,access_controller,0.717848,8.252555,12423.677042,0.583484,1.12,0.780835,0.183296,0.225856,0.008308
thermostat-09,thermostat,0.854893,8.180067,4914.53635,0.487875,2.55,0.763881,0.206773,0.243557,0.011315
plug-22,smart_plug,0.398161,3.808606,1523.98525,0.132896,1.17,0.50171,0.481587,0.365878,0.013289
cam-004,camera,1.239902,52.419407,79102.387965,1.884333,14.16,0.713646,0.283802,0.115305,0.023188
sensor-21,sensor,0.439596,5.223709,1887.977894,0.257153,2.91,0.761289,0.192655,0.251881,0.007
router-11,router,1.020762,42.219642,58643.901474,1.557722,9.69,0.657034,0.344624,0.135872,0.030349
nvr-05,nvr,1.144977,19.515796,51622.825163,1.673854,3.9,0.775986,0.257552,0.181589,0.015564
access-ctrl-03,access_controller,0.741303,8.221794,13336.914194,0.796461,4.42,0.846566,0.176581,0.215873,0.007911
thermostat-28,thermostat,0.811344,6.425897,5143.082375,0.380111,4.1,0.740661,0.2934,0.237949,0.011303
plug-14,smart_plug,0.496841,3.645165,1771.933842,0.087647,1.19,0.486707,0.508554,0.341401,0.009912
cam-005,camera,1.34249,51.148344,80263.413453,2.911609,13.14,0.583141,0.415768,0.074254,0.030619
sensor-12,sensor,0.646362,2.637421,2599.541498,0.215718,0.91,0.891758,0.091527,0.319839,0.008166
router-14,router,1.006571,37.99802,53732.405457,2.276153,5.31,0.687243,0.30157,0.119694,0.029691
nvr-03,nvr,1.17663,28.015829,37863.398386,1.3516,1.52,0.740636,0.229118,0.160893,0.017571
access-ctrl-04,access_controller,0.78503,11.668684,9374.161363,0.801125,2.1,0.821779,0.130307,0.223337,0.011924
thermostat-09,thermostat,0.761502,8.596438,3883.735276,0.460205,3.85,0.672433,0.288111,0.222378,0.018358
plug-19,smart_plug,0.46253,4.057682,1011.119573,0.128414,2.51,0.470558,0.54304,0.377952,0.012786
cam-004,camera,1.379114,65.472006,94039.478721,2.511048,11.02,0.604109,0.368677,0.115691,0.037896
sensor-21,sensor,0.515757,3.095453,2345.035296,0.101981,1.02,0.81894,0.215211,0.320458,0.009822
router-08,router,0.855031,28.039045,56836.017098,1.803662,10.43,0.718974,0.268899,0.147034,0.026836
nvr-01,nvr,1.213206,24.75878,54717.385795,1.524182,6.73,0.694861,0.338158,0.191335,0.014108
access-ctrl-02,access_controller,0.716347,11.36156,11018.076616,0.655076,0.73,0.773621,0.181754,0.257345,0.012001
thermostat-24,thermostat,0.750094,5.109357,5615.446994,0.446794,3.52,0.674841,0.285879,0.195386,0.017167
plug-31,smart_plug,0.497171,2.145964,1751.321128,0.07856,3.26,0.502528,0.451136,0.357333,0.01087
cam-004,camera,1.461426,52.456208,87153.010869,1.941494,7.12,0.749382,0.274594,0.075293,0.030773
sensor-18,sensor,0.56115,4.622934,1967.714822,0.107324,0.66,0.792984,0.16937,0.273371,0.010128
router-20,router,0.945889,39.478534,68815.858112,1.688274,4.45,0.625274,0.375003,0.121778,0.01522
nvr-02,nvr,1.07055,22.698523,50046.063234,1.432392,7.19,0.730697,0.24049,0.187854,0.015665
access-ctrl-04,access_controller,0.660583,10.38233,14306.851382,0.813019,3.91,0.879865,0.111888,0.221248,0.010944
thermostat-04,thermostat,0.657315,5.35513,5294.860575,0.324848,5.34,0.729004,0.211143,0.21745,0.018055
plug-31,smart_plug,0.467096,2.097346,1558.462608,0.089443,1.48,0.535406,0.420112,0.343665,0.010934
cam-005,camera,1.230055,59.106983,77950.237413,2.115466,6.4,0.532631,0.438249,0.073993,0.028383
sensor-21,sensor,0.508409,3.299206,1197.959365,0.235934,4.04,0.859592,0.147543,0.322106,0.004326
router-20,router,0.967356,36.888003,69285.48208,2.408188,10.37,0.674607,0.355471,0.131745,0.030428
nvr-04,nvr,1.043766,30.310281,58239.627817,1.161342,5.41,0.689035,0.327426,0.162928,0.015516
access-ctrl-04,access_controller,0.628307,8.499557,11807.336214,0.529546,1.44,0.791856,0.178321,0.248747,0.010434
thermostat-28,thermostat,0.819935,6.772352,4524.65547,0.471677,2.91,0.770493,0.252837,0.207791,0.016783
plug-11,smart_plug,0.349212,3.381613,1795.400612,0.148292,3.33,0.539279,0.462565,0.365464,0.014629
cam-002,camera,1.168013,47.06665,83100.820022,2.078234,8.77,0.709575,0.312976,0.096561,0.034982
sensor-21,sensor,0.468603,2.825242,1206.507964,0.273339,1.88,0.912793,0.033299,0.277997,0.011905
router-08,router,0.745837,28.655561,50800.702897,2.186498,10.23,0.649074,0.345228,0.119967,0.026677
nvr-04,nvr,1.192542,17.784657,49689.041746,1.373521,6.06,0.775793,0.244656,0.211313,0.01026
access-ctrl-02,access_controller,0.646054,8.760915,11024.824602,0.767121,2.96,0.858913,0.107454,0.216978,0.01174
thermostat-09,thermostat,0.746583,7.110167,4726.275426,0.308287,2.62,0.790543,0.250173,0.218716,0.013997
plug-31,smart_plug,0.37583,2.073747,1529.374077,0.15939,1.32,0.545174,0.428751,0.344305,0.009686
cam-006,camera,1.301163,65.822196,91356.587661,1.964931,10.72,0.554754,0.425234,0.088713,0.036985
sensor-30,sensor,0.620689,4.929391,1503.754488,0.208081,2.38,0.880276,0.078928,0.253593,0.010379
router-14,router,1.013324,24.568175,69694.428637,1.939447,9.77,0.669485,0.315675,0.142682,0.024893
nvr-02,nvr,1.076031,16.864365,55919.495058,1.300568,3.6,0.669415,0.319292,0.150335,0.014382
access-ctrl-06,access_controller,0.70761,11.728593,9521.637899,0.507652,1.17,0.870458,0.138446,0.242482,0.01158
thermostat-04,thermostat,0.745893,7.310987,4443.923688,0.31993,4.3,0.701036,0.308338,0.207441,0.013153
plug-22,smart_plug,0.515646,4.056023,984.415668,0.126517,1.17,0.465958,0.523645,0.347554,0.014213
cam-004,camera,1.071046,44.152148,108550.114334,2.409893,8.97,0.650269,0.344427,0.075926,0.027446
sensor-27,sensor,0.627778,4.181126,2265.44995,0.259513,1.8,0.836179,0.122066,0.244394,0.012004
router-05,router,1.041196,42.234876,60379.871973,1.890212,5.5,0.740504,0.259021,0.129763,0.019098
nvr-02,nvr,1.05988,17.504608,32097.128469,1.116779,7.24,0.706935,0.249648,0.186848,0.011145
access-ctrl-01,access_controller,0.64796,8.371843,9876.913505,0.535414,4.19,0.839653,0.147271,0.230914,0.010065
thermostat-09,thermostat,0.802715,7.484705,4528.752211,0.487023,3.3,0.713795,0.263434,0.207066,0.014793
plug-29,smart_plug,0.471518,3.272723,1564.852808,0.092115,1.36,0.505561,0.478127,0.305307,0.011693
cam-006,camera,1.212982,45.843744,71932.594919,2.040417,8.41,0.645818,0.352874,0.117668,0.025026
sensor-27,sensor,0.470818,4.429413,2161.363715,0.080157,1.71,0.829368,0.153625,0.280952,0.011178
router-02,router,0.996912,45.728271,52232.030674,1.676003,5.25,0.726161,0.302692,0.125301,0.028652
nvr-02,nvr,0.891446,16.342451,33452.960811,1.454946,2.96,0.77822,0.150139,0.15778,0.019666
access-ctrl-07,access_controller,0.610699,11.887704,13040.783601,0.48791,3.77,0.851344,0.151958,0.26098,0.009522
thermostat-20,thermostat,0.853791,6.00307,5257.991867,0.374626,3.07,0.642093,0.349033,0.204662,0.01998
plug-14,smart_plug,0.482779,2.151433,821.854216,0.163801,1.67,0.530712,0.405158,0.347033,0.010188
cam-006,camera,1.504961,62.983306,95544.656459,2.491223,8.7,0.672535,0.327249,0.097073,0.037031
sensor-21,sensor,0.636143,4.325086,1970.985339,0.226062,1.88,0.783574,0.212194,0.254132,0.006814
router-05,router,0.929848,31.942485,51551.816904,2.143897,10.55,0.609502,0.386468,0.125424,0.025214
nvr-05,nvr,0.934099,20.508772,50574.690855,1.739293,5.25,0.81723,0.163352,0.176314,0.013199
access-ctrl-06,access_controller,0.616592,9.865797,12147.404767,0.793934,2.76,0.859237,0.106119,0.22103,0.011147
thermostat-28,thermostat,0.767095,6.130174,4231.055507,0.336495,3.62,0.705897,0.262661,0.221797,0.01581
plug-29,smart_plug,0.462119,4.006395,888.365241,0.091688,1.63,0.582611,0.390232,0.338515,0.015459
cam-006,camera,1.441896,43.71447,109753.197118,2.257792,7.86,0.601423,0.369305,0.109321,0.028611
sensor-27,sensor,0.496513,4.877223,1172.288334,0.080363,2.12,0.799858,0.19629,0.312625,0.008968
router-14,router,1.049067,37.338065,46084.400817,1.972267,7.94,0.690167,0.253511,0.124539,0.024849
nvr-01,nvr,1.108922,18.459498,36425.123473,1.291482,6.05,0.737036,0.278582,0.202405,0.019135
access-ctrl-02,access_controller,0.585842,10.331088,14317.347385,0.551095,2.4,0.842862,0.152668,0.235991,0.007608
thermostat-04,thermostat,0.86208,7.069252,5187.58498,0.504247,2.81,0.684426,0.283879,0.193525,0.017447
plug-29,smart_plug,0.363537,3.894688,930.836758,0.118319,0.01,0.480539,0.50879,0.321689,0.009713
cam-007,camera,1.483263,56.507274,90312.806938,2.312302,9.57,0.669001,0.320462,0.113426,0.040273
sensor-30,sensor,0.414048,4.459015,1957.434585,0.101674,0.0,0.893324,0.060752,0.26237,0.009465
router-20,router,1.01925,40.009927,67825.749177,2.432999,5.1,0.679529,0.325494,0.143458,0.029332
nvr-04,nvr,0.93101,27.277605,54627.589251,1.496805,7.48,0.74557,0.217687,0.166197,0.0147
access-ctrl-04,access_controller,0.67771,11.009397,13887.925232,0.640274,3.64,0.864966,0.153502,0.220045,0.01278
thermostat-04,thermostat,0.839866,5.208786,5580.52416,0.438946,2.22,0.719215,0.303118,0.237777,0.015998
plug-31,smart_plug,0.422035,2.111376,791.183834,0.088489,2.28,0.489404,0.503584,0.356141,0.014511
cam-005,camera,1.158375,49.863072,108272.719989,2.42691,5.53,0.676875,0.319139,0.105825,0.04029
sensor-21,sensor,0.427786,4.889496,2357.360719,0.12273,3.19,0.907208,0.075173,0.282294,0.00509
router-02,router,0.77312,42.446866,61847.961406,2.376786,12.42,0.677914,0.287913,0.156551,0.029863
nvr-03,nvr,1.25048,24.195312,43059.779904,1.197024,6.8,0.776701,0.250069,0.163739,0.010212
access-ctrl-02,access_controller,0.683181,11.872211,8832.412603,0.532954,2.82,0.808144,0.167763,0.240453,0.007973
thermostat-28,thermostat,0.788781,7.002688,5260.74738,0.267498,3.15,0.719686,0.28632,0.201103,0.019628
plug-25,smart_plug,0.421692,3.165598,1745.955773,0.060134,2.21,0.475212,0.537378,0.327738,0.009079
cam-004,camera,1.303096,44.119954,103556.527862,2.779961,7.48,0.632243,0.409934,0.112626,0.023439
sensor-18,sensor,0.589737,4.995365,2463.181167,0.128397,2.06,0.808184,0.195618,0.312806,0.008272
router-17,router,0.788673,46.176269,72594.458449,2.020027,10.5,0.59519,0.407854,0.132236,0.031128
nvr-04,nvr,0.92163,25.50029,33176.755083,1.269879,2.45,0.744179,0.280773,0.188592,0.018962
access-ctrl-05,access_controller,0.750206,10.332864,12887.518143,0.467859,5.12,0.750947,0.237749,0.253987,0.01126
thermostat-13,thermostat,0.825474,7.989503,5259.481086,0.498385,3.36,0.651561,0.331149,0.205711,0.013098
plug-19,smart_plug,0.369517,2.370307,1635.753257,0.151919,1.26,0.541527,0.447396,0.344607,0.011584
cam-006,camera,1.274186,47.599464,99414.789809,2.081227,6.58,0.651136,0.329611,0.076235,0.043271
sensor-21,sensor,0.572085,2.782581,2698.503625,0.249152,1.68,0.937971,0.061821,0.317705,0.012205
router-02,router,0.973736,37.648534,72188.92444,1.666405,11.18,0.697557,0.283043,0.116693,0.029316
nvr-06,nvr,1.109896,27.28356,47458.520071,1.692548,1.57,0.724416,0.240292,0.152493,0.019736
access-ctrl-07,access_controller,0.574437,9.15784,11561.098406,0.555334,1.8,0.776471,0.206964,0.212798,0.011532
thermostat-20,thermostat,0.689047,8.045218,5339.370048,0.50811,2.94,0.747551,0.271447,0.210854,0.018554
plug-25,smart_plug,0.430927,2.560611,987.950686,0.139177,0.0,0.551733,0.447805,0.343544,0.01002
cam-004,camera,1.25079,42.230068,80433.738889,2.07264,10.78,0.568618,0.436416,0.09343,0.039403
sensor-12,sensor,0.553559,5.748335,2579.521375,0.107922,3.18,0.794039,0.145281,0.288078,0.009484
router-11,router,0.936838,35.878643,70866.727001,1.839967,6.34,0.599587,0.412743,0.132473,0.029314
nvr-02,nvr,0.89418,18.369508,50654.29026,1.175244,6.65,0.795969,0.200065,0.211827,0.012819
access-ctrl-07,access_controller,0.68307,10.377622,13160.206714,0.462054,1.43,0.770385,0.215644,0.2256,0.014794
thermostat-04,thermostat,0.826625,6.066552,3860.450691,0.272339,2.37,0.674487,0.338033,0.202931,0.012037
plug-31,smart_plug,0.431531,3.65442,893.841077,0.070698,1.52,0.48864,0.508168,0.320664,0.01094
cam-004,camera,1.129699,58.609269,100111.985053,1.686831,11.94,0.646691,0.275977,0.112255,0.038117
sensor-12,sensor,0.596341,3.908946,2336.457045,0.119579,2.92,0.885952,0.101652,0.313115,0.006115
router-05,router,0.77511,38.704036,55575.035222,2.129187,6.99,0.720316,0.267571,0.12859,0.026297
nvr-01,nvr,1.061247,18.14357,58559.871063,1.279709,5.29,0.77093,0.197613,0.164213,0.010715
access-ctrl-07,access_controller,0.583577,9.965467,10055.848707,0.653275,3.81,0.887174,0.12779,0.266688,0.008304
thermostat-24,thermostat,0.662645,5.671159,4380.448556,0.355745,1.33,0.68672,0.307958,0.228575,0.019989
plug-14,smart_plug,0.453699,2.973979,886.348011,0.061251,2.33,0.503324,0.478156,0.334672,0.0105
cam-004,camera,1.274909,51.463963,70607.295176,2.433846,12.35,0.618394,0.377054,0.091037,0.026756
sensor-30,sensor,0.633115,3.259951,1075.72424,0.178806,3.39,0.839437,0.166987,0.296794,0.011493
router-02,router,0.966422,42.87557,70819.799857,1.939481,4.92,0.696534,0.346372,0.139433,0.020421
nvr-02,nvr,0.948307,29.128058,52464.565676,1.290357,5.21,0.760038,0.239981,0.158706,0.015904
access-ctrl-03,access_controller,0.640597,8.898116,13318.109445,0.482085,1.91,0.821678,0.172406,0.253103,0.00795
thermostat-04,thermostat,0.6528,6.668212,5906.923983,0.349958,4.34,0.693319,0.329459,0.239815,0.020727
plug-31,smart_plug,0.385367,4.135698,1137.951071,0.15907,1.2,0.535508,0.508657,0.336813,0.013576
cam-001,camera,1.432616,46.700832,88001.202581,1.976748,13.12,0.658485,0.346216,0.099691,0.042766
sensor-24,sensor,0.513307,4.147223,2178.03426,0.143868,1.31,0.833886,0.136157,0.269632,0.003956
router-14,router,0.909794,44.212378,63462.961401,1.604533,7.97,0.725205,0.247276,0.152395,0.024173
nvr-05,nvr,1.082779,27.823316,46030.197646,1.108823,6.06,0.681196,0.338169,0.163447,0.017352
access-ctrl-06,access_controller,0.622185,9.932918,10824.051377,0.846282,1.93,0.843719,0.117493,0.213316,0.010107
thermostat-04,thermostat,0.757645,6.410369,5419.189942,0.275225,3.05,0.698472,0.294218,0.233065,0.012417
plug-19,smart_plug,0.457311,2.766341,1458.257774,0.164677,1.22,0.492967,0.515474,0.302924,0.013563
cam-005,camera,1.203758,54.915989,84613.934933,1.868618,13.56,0.566648,0.397069,0.094817,0.035297
sensor-12,sensor,0.592077,5.573298,912.823525,0.216664,4.47,0.882544,0.093198,0.307853,0.012811
router-20,router,0.916785,44.070295,69933.123122,1.892961,8.75,0.718705,0.268583,0.136624,0.017126
nvr-04,nvr,1.188253,20.680538,60124.63701,1.277829,3.65,0.825933,0.165963,0.153731,0.013308
access-ctrl-05,access_controller,0.582574,9.230678,11126.15365,0.752593,2.12,0.8589,0.132832,0.221312,0.01077
thermostat-28,thermostat,0.779903,5.387476,5657.308544,0.407169,2.92,0.72876,0.238389,0.220659,0.014556
plug-25,smart_plug,0.418486,2.166161,1524.390571,0.131802,2.12,0.468494,0.498199,0.371414,0.013991
cam-002,camera,1.074844,43.912059,94192.332285,2.83559,15.35,0.5998,0.371872,0.108506,0.028235
sensor-24,sensor,0.508946,3.984688,2211.32815,0.217429,3.82,0.770662,0.221458,0.298478,0.010908
router-05,router,1.043515,36.363412,61132.80805,2.046206,9.7,0.692781,0.32159,0.121371,0.031721
nvr-03,nvr,1.159959,21.958451,48333.924448,1.21533,4.0,0.759256,0.205427,0.208548,0.019767
access-ctrl-04,access_controller,0.735106,11.677447,10298.311039,0.50631,5.12,0.787059,0.225808,0.244251,0.010914
thermostat-28,thermostat,0.774426,7.357188,4025.334788,0.390408,1.45,0.633224,0.349943,0.202386,0.015036
plug-19,smart_plug,0.417621,2.241694,1770.062048,0.109737,0.81,0.464144,0.505709,0.315663,0.012499
cam-001,camera,1.405719,43.38618,89395.969792,2.236228,12.59,0.661747,0.315981,0.099715,0.0354
sensor-07,sensor,0.594874,5.344888,2347.554764,0.208362,4.21,0.849703,0.111821,0.245184,0.009647
router-11,router,1.047416,38.159617,41105.71236,2.393524,9.77,0.623134,0.333452,0.11187,0.021395
nvr-03,nvr,1.022633,25.953013,50248.66726,1.536171,1.78,0.807065,0.191568,0.174606,0.013604
access-ctrl-06,access_controller,0.700356,10.092251,12391.341985,0.789624,2.6,0.849861,0.188522,0.220144,0.011426
thermostat-16,thermostat,0.856824,6.093073,5839.443038,0.301524,3.02,0.692485,0.285862,0.205596,0.016579
plug-22,smart_plug,0.490154,4.015495,1352.022969,0.051438,1.35,0.439484,0.551905,0.324519,0.013355
cam-001,camera,1.370074,64.619287,101474.537579,2.338405,9.64,0.646195,0.331548,0.07666,0.038773
sensor-12,sensor,0.480329,4.944196,2098.792779,0.154283,1.31,0.770483,0.233312,0.272359,0.005657
router-14,router,0.741006,29.268347,44668.002777,1.788216,9.86,0.637411,0.350338,0.150146,0.017632
nvr-05,nvr,1.122382,29.031255,34193.098896,1.622065,4.33,0.714679,0.307725,0.161983,0.014813
access-ctrl-02,access_controller,0.683287,8.322062,12113.464937,0.65077,4.9,0.802167,0.196442,0.234866,0.010513
thermostat-09,thermostat,0.700265,5.132727,4454.741947,0.275627,3.27,0.750146,0.263457,0.208438,0.016634
plug-19,smart_plug,0.396399,2.550609,1302.617302,0.128515,3.09,0.525427,0.473207,0.351776,0.012326
cam-003,camera,1.335226,58.69921,93858.887815,2.382276,7.98,0.721164,0.312789,0.078103,0.036244
sensor-07,sensor,0.437151,3.320312,2158.079315,0.090333,2.98,0.765828,0.163331,0.262107,0.007042
router-17,router,0.818612,38.498189,68839.051852,2.385464,11.23,0.652522,0.300224,0.154925,0.022097
nvr-02,nvr,0.990386,24.442279,37286.38606,1.716075,3.37,0.774139,0.264368,0.207215,0.017275
access-ctrl-01,access_controller,0.699295,7.589387,10658.0107,0.636329,3.87,0.831127,0.122329,0.23276,0.011696
thermostat-28,thermostat,0.837544,7.745528,4239.487702,0.343449,3.47,0.738767,0.292919,0.238714,0.011504
plug-31,smart_plug,0.483382,3.60373,1487.074855,0.058715,0.0,0.473537,0.519917,0.303842,0.0083
cam-002,camera,1.300976,41.045157,76113.805512,1.756648,7.74,0.719203,0.262645,0.104218,0.03994
sensor-24,sensor,0.589919,4.759665,1180.04316,0.181854,2.18,0.894894,0.127209,0.286124,0.005474
router-08,router,0.818902,26.598003,38297.060688,1.915276,4.75,0.592266,0.377792,0.14242,0.024161
nvr-05,nvr,1.223883,26.431876,53785.191894,1.396614,4.73,0.712835,0.270327,0.202376,0.016947
access-ctrl-02,access_controller,0.600865,11.604805,13187.623525,0.545465,1.81,0.831768,0.135674,0.244753,0.010598
thermostat-09,thermostat,0.836647,7.99429,3746.805483,0.332061,1.98,0.769655,0.243194,0.20171,0.014172
plug-22,smart_plug,0.361505,3.732809,1142.069384,0.120661,0.0,0.451743,0.517149,0.305948,0.011727
cam-001,camera,1.208931,42.184551,87017.190675,1.825308,8.23,0.546823,0.451287,0.10749,0.038406
sensor-12,sensor,0.644249,3.640386,1231.433554,0.090502,2.93,0.908488,0.101284,0.310366,0.009547
router-08,router,0.794309,29.196081,47000.592371,2.375617,9.77,0.62027,0.33991,0.146206,0.028595
nvr-01,nvr,0.963913,24.869159,45057.77077,1.398058,5.18,0.782298,0.161461,0.207963,0.010077
access-ctrl-02,access_controller,0.555289,11.433368,8991.636913,0.506531,2.71,0.743893,0.224457,0.25025,0.007803
thermostat-20,thermostat,0.882037,6.143574,3753.753529,0.473461,2.45,0.713486,0.293941,0.204055,0.017871
plug-14,smart_plug,0.427764,2.67528,1102.736551,0.071282,0.54,0.571579,0.475422,0.350097,0.013772
cam-001,camera,1.255639,62.687571,78601.928211,2.788181,9.63,0.629291,0.385568,0.100838,0.027238
sensor-07,sensor,0.549174,3.271634,2169.566558,0.203661,3.48,0.904822,0.103233,0.245537,0.005225
router-11,router,0.762697,40.419944,68125.939674,1.73288,10.22,0.631726,0.379881,0.11417,0.02068
nvr-06,nvr,1.004388,24.397471,33678.075355,1.465554,4.67,0.793054,0.120268,0.158939,0.01608
access-ctrl-05,access_controller,0.72066,8.236305,13999.086686,0.679271,3.63,0.838538,0.153814,0.262984,0.007513
thermostat-09,thermostat,0.739949,5.452824,5524.007797,0.504283,4.45,0.714845,0.292535,0.195271,0.016705
plug-31,smart_plug,0.413166,3.581393,986.077581,0.12047,2.05,0.454699,0.502378,0.347073,0.013569
cam-001,camera,1.307444,61.807454,82638.755172,1.907064,10.44,0.573267,0.394555,0.110406,0.036894
sensor-24,sensor,0.599589,4.908752,1262.840863,0.193976,1.78,0.8621,0.159867,0.266822,0.011888
router-11,router,0.895037,28.399922,65969.639765,1.853126,6.85,0.647391,0.375657,0.134595,0.015982
nvr-01,nvr,1.155875,25.350694,49569.945309,1.168961,3.13,0.770797,0.178447,0.212495,0.019021
access-ctrl-03,access_controller,0.61005,8.339756,10157.010304,0.723188,2.17,0.750789,0.231608,0.268236,0.011721
thermostat-16,thermostat,0.821016,8.03672,5533.580936,0.402338,1.97,0.738087,0.225512,0.222167,0.01202
plug-14,smart_plug,0.444554,4.115271,1188.877906,0.131713,0.87,0.539003,0.467342,0.312553,0.012754
cam-002,camera,1.270214,55.882833,76423.662695,2.405359,9.97,0.56611,0.371324,0.114445,0.042819
sensor-12,sensor,0.599734,5.543544,1817.60788,0.147974,3.43,0.854065,0.105669,0.295829,0.011676
router-08,router,0.737232,42.887912,69398.647793,1.710296,6.94,0.666458,0.333705,0.121808,0.022168
nvr-03,nvr,1.126479,24.61613,34824.936905,1.630425,3.2,0.799051,0.142178,0.202167,0.019205
access-ctrl-04,access_controller,0.684845,10.217277,8969.810125,0.726122,2.64,0.794857,0.1481,0.238395,0.011246
thermostat-20,thermostat,0.748973,6.643459,4495.589896,0.399829,2.44,0.682112,0.308846,0.196794,0.014787
plug-31,smart_plug,0.506615,3.652751,1142.328172,0.069149,2.4,0.500997,0.491601,0.351015,0.010612
cam-007,camera,1.085359,53.598761,108119.527201,2.375828,13.34,0.70714,0.323115,0.090865,0.023063
sensor-21,sensor,0.561446,3.462119,2315.356837,0.138266,1.6,0.897386,0.125745,0.240211,0.008895
router-17,router,0.772337,28.663706,44403.213778,2.213316,11.43,0.615579,0.347724,0.153334,0.014311
nvr-04,nvr,1.08065,18.605927,54327.508032,1.561699,4.39,0.764359,0.209685,0.16785,0.013537
access-ctrl-03,access_controller,0.623362,9.563032,12790.934397,0.567944,1.55,0.810346,0.166693,0.224514,0.01067
thermostat-20,thermostat,0.645759,7.487848,5766.240479,0.385395,1.62,0.699979,0.27917,0.228554,0.01632
plug-14,smart_plug,0.326327,2.433652,1272.037146,0.0719,1.11,0.520208,0.471415,0.326986,0.010971
cam-003,camera,1.252244,54.193229,70407.348721,3.003413,8.94,0.641394,0.351267,0.094362,0.024059
sensor-30,sensor,0.563653,4.015402,2867.208479,0.227166,1.0,0.797854,0.188003,0.286931,0.005385
router-14,router,1.053397,36.2192,68750.714507,2.372592,7.13,0.609368,0.404075,0.127546,0.028808
nvr-07,nvr,0.90148,18.524012,52006.035945,1.341884,4.7,0.685417,0.316846,0.163883,0.019028
access-ctrl-01,access_controller,0.630231,10.853588,10177.390434,0.700176,3.22,0.813798,0.154413,0.229812,0.010094
thermostat-09,thermostat,0.729803,5.486913,5768.152838,0.454644,3.63,0.700215,0.261394,0.19654,0.01815
plug-19,smart_plug,0.508457,2.93415,1731.533991,0.078084,2.33,0.577171,0.449604,0.312924,0.009434
cam-007,camera,1.098899,41.189088,88965.353538,1.906699,9.51,0.682764,0.311014,0.08901,0.034493
sensor-12,sensor,0.502005,5.24874,1828.576233,0.097267,3.96,0.86673,0.163843,0.251512,0.008385
router-05,router,0.955189,26.970506,48577.94704,2.162911,10.87,0.684174,0.28813,0.135329,0.0162
nvr-03,nvr,1.100863,28.524061,58169.960994,1.463152,5.77,0.823628,0.167859,0.177069,0.01928
access-ctrl-05,access_controller,0.787747,8.088596,12635.791762,0.580179,0.57,0.849922,0.123347,0.243902,0.012423
thermostat-24,thermostat,0.751082,6.049511,3861.718453,0.316821,5.27,0.674473,0.256415,0.215936,0.012754
plug-14,smart_plug,0.38059,3.399284,1352.518618,0.112609,0.5,0.537281,0.459197,0.336865,0.008197
cam-007,camera,1.219564,46.331509,70168.201477,2.181319,12.0,0.698228,0.330444,0.114143,0.028775
sensor-18,sensor,0.538038,3.196251,1944.863458,0.256982,0.26,0.901784,0.026673,0.269483,0.004318
router-02,router,0.973726,43.181517,39567.149958,1.788222,5.93,0.696082,0.251922,0.12159,0.027028
nvr-05,nvr,1.034872,21.526901,58671.159458,1.341979,4.19,0.765838,0.219923,0.163498,0.016813
access-ctrl-06,access_controller,0.715084,9.574704,10766.434671,0.509565,2.49,0.85055,0.140577,0.21603,0.010806
thermostat-16,thermostat,0.868462,5.236622,5014.681712,0.411531,3.77,0.767265,0.226608,0.226984,0.01211
plug-11,smart_plug,0.359206,3.61903,895.595436,0.0599,0.31,0.496007,0.451408,0.319404,0.009547
cam-006,camera,1.386279,60.360652,104246.601082,2.061153,7.2,0.584429,0.392253,0.074717,0.039368
sensor-21,sensor,0.518392,3.634041,2248.899709,0.233459,3.07,0.83827,0.121489,0.314021,0.004846
router-20,router,0.750045,40.109626,64180.675945,2.200754,10.45,0.603624,0.341624,0.142902,0.017537
nvr-05,nvr,0.953115,16.759679,46983.431203,1.57911,5.28,0.742362,0.269946,0.168803,0.015821
access-ctrl-06,access_controller,0.539386,10.378422,13047.84166,0.675871,0.66,0.844629,0.129315,0.261621,0.009571
thermostat-24,thermostat,0.764935,5.098387,4885.928566,0.288851,1.35,0.676991,0.343994,0.241057,0.017013
plug-22,smart_plug,0.402335,3.584813,833.714482,0.121195,2.12,0.438534,0.556566,0.345806,0.009497
cam-003,camera,1.440455,49.324627,99803.212138,2.514621,12.7,0.639271,0.372151,0.113527,0.038826
sensor-27,sensor,0.464163,5.680382,1101.901589,0.174196,2.44,0.839281,0.147832,0.263587,0.0101
router-11,router,0.800309,45.549091,68654.820099,1.845244,9.67,0.666424,0.311898,0.125974,0.026984
nvr-04,nvr,0.932866,20.837177,38133.502143,1.176677,2.64,0.806846,0.177632,0.213263,0.018808
access-ctrl-04,access_controller,0.614676,10.934029,14162.698432,0.497552,3.51,0.74517,0.21836,0.236958,0.009901
thermostat-13,thermostat,0.745822,7.060094,3615.967461,0.432447,5.22,0.665434,0.298607,0.220994,0.018613
plug-11,smart_plug,0.414218,3.961224,1831.776535,0.141459,2.24,0.443652,0.489193,0.357283,0.009998
cam-001,camera,1.129345,56.052151,76778.884654,2.461122,8.54,0.610501,0.382067,0.110444,0.039261
sensor-07,sensor,0.438733,4.40403,1042.081734,0.192521,1.53,0.83597,0.164016,0.304882,0.005633
router-05,router,0.789958,43.959449,60823.581342,1.73405,10.53,0.599389,0.387736,0.119232,0.022476
nvr-06,nvr,1.244926,23.811117,53188.920359,1.191469,3.8,0.825418,0.176427,0.164305,0.015821
access-ctrl-01,access_controller,0.728727,9.765733,14101.293309,0.606268,3.87,0.806755,0.178602,0.227064,0.012456
thermostat-13,thermostat,0.850965,5.08939,3964.526559,0.475537,3.87,0.755715,0.255136,0.216985,0.011287
plug-14,smart_plug,0.375038,4.049768,1642.538618,0.091927,1.92,0.517265,0.45571,0.314554,0.008787
cam-005,camera,1.302097,59.728227,95792.249881,1.972597,11.72,0.620596,0.37969,0.088897,0.038143
sensor-24,sensor,0.417362,5.284317,1663.794277,0.141336,0.0,0.801931,0.174338,0.287013,0.006583
router-20,router,0.901991,29.01368,66313.607642,1.782593,4.64,0.73558,0.227266,0.138023,0.019847
nvr-02,nvr,1.030366,17.983427,40215.07988,1.789021,6.4,0.811998,0.180796,0.208196,0.017143
access-ctrl-02,access_controller,0.782529,10.711695,11605.22338,0.542199,1.58,0.860917,0.141727,0.255287,0.008529
thermostat-04,thermostat,0.792544,7.16474,4856.97277,0.449429,1.94,0.766235,0.217209,0.221432,0.01255
plug-31,smart_plug,0.425461,3.393349,1039.622252,0.081306,0.74,0.559139,0.404267,0.366063,0.014182
cam-001,camera,1.197879,62.511761,79644.524637,1.704849,11.75,0.699349,0.276169,0.084113,0.039821
sensor-12,sensor,0.439276,3.810293,2873.822711,0.195482,3.07,0.834399,0.096045,0.246493,0.011787
router-08,router,0.947749,38.929619,72540.799697,2.271106,9.27,0.68609,0.348481,0.139044,0.025435
nvr-04,nvr,1.127586,19.331951,50259.234903,1.567326,6.07,0.696637,0.277303,0.207418,0.019443
access-ctrl-07,access_controller,0.78648,7.899881,14407.746815,0.845413,1.83,0.750758,0.185322,0.232163,0.009526
thermostat-20,thermostat,0.761674,7.822401,3473.209806,0.470004,4.37,0.759762,0.221517,0.197064,0.014982
plug-31,smart_plug,0.47946,2.820414,1775.482883,0.102086,0.22,0.516256,0.461027,0.326895,0.007658
cam-006,camera,1.447192,59.436347,106516.430526,1.833291,12.01,0.58171,0.393943,0.106442,0.037043
sensor-21,sensor,0.505776,4.240068,2908.560608,0.112023,3.14,0.813472,0.160417,0.249918,0.004946
router-02,router,1.074589,29.474423,57171.350781,2.301843,11.73,0.681071,0.275165,0.119934,0.018209
nvr-02,nvr,1.247684,20.896457,35781.163225,1.128282,2.84,0.788057,0.24987,0.161653,0.016915
access-ctrl-05,access_controller,0.644584,11.38373,13281.260811,0.647433,1.71,0.828856,0.154448,0.236831,0.010142
thermostat-24,thermostat,0.676639,5.143191,4241.231786,0.395907,1.65,0.743814,0.229911,0.211113,0.014719
plug-31,smart_plug,0.377252,2.418784,1194.809398,0.13236,2.91,0.487154,0.480292,0.344585,0.010615
cam-001,camera,1.479773,55.10769,106420.926041,2.364779,13.51,0.72532,0.312673,0.096365,0.03101
sensor-07,sensor,0.566798,3.030294,2664.818392,0.080061,1.46,0.832475,0.187134,0.316074,0.010228
router-02,router,0.814941,28.570168,69255.097519,2.468596,5.65,0.695885,0.280236,0.156527,0.029267
nvr-02,nvr,0.932215,18.299459,39518.230409,1.333191,3.99,0.720531,0.307607,0.212445,0.015358
access-ctrl-03,access_controller,0.563557,10.206852,12748.408053,0.814783,1.73,0.842906,0.159811,0.25133,0.010586
thermostat-16,thermostat,0.781828,8.117731,4930.820239,0.338867,1.84,0.641569,0.305822,0.199225,0.0126
plug-19,smart_plug,0.484439,3.747025,1212.240062,0.117228,2.62,0.452536,0.52621,0.374245,0.010149
cam-005,camera,1.460232,58.000583,77195.662632,2.933221,7.51,0.653172,0.300381,0.109489,0.041037
sensor-30,sensor,0.673016,4.572067,2544.844031,0.171681,2.03,0.827028,0.165407,0.267636,0.004828
router-05,router,0.712717,28.347938,69642.265075,1.919825,6.19,0.579363,0.36532,0.136255,0.024581
nvr-06,nvr,0.995474,17.94697,41463.606713,1.774973,6.49,0.778612,0.204743,0.185449,0.015657
access-ctrl-04,access_controller,0.565666,9.758625,9024.616363,0.705008,2.92,0.893692,0.121178,0.228999,0.011937
thermostat-16,thermostat,0.861216,7.396894,3710.156023,0.443847,1.5,0.734871,0.249235,0.23348,0.011744
plug-14,smart_plug,0.478664,3.84432,1465.601138,0.079612,1.43,0.556185,0.475687,0.339184,0.012916
cam-002,camera,1.236759,54.200926,94985.392545,2.117417,9.4,0.635871,0.340254,0.082667,0.025649
sensor-27,sensor,0.524481,4.263583,1103.802292,0.137827,0.66,0.907005,0.133472,0.310619,0.010405
router-05,router,0.889103,32.288492,52820.989539,1.634926,10.01,0.620262,0.417046,0.120788,0.0297
nvr-04,nvr,1.115987,26.251004,37398.635179,1.397897,4.11,0.812512,0.19778,0.179464,0.02
access-ctrl-04,access_controller,0.559689,12.020293,14743.414457,0.744548,0.95,0.742144,0.256073,0.225019,0.012756
thermostat-20,thermostat,0.802789,7.494949,3994.675144,0.438829,1.8,0.637305,0.336234,0.200576,0.015695
plug-31,smart_plug,0.488813,4.058589,695.090592,0.09771,0.88,0.570391,0.448387,0.35178,0.012886
cam-006,camera,1.145221,50.090359,83717.616653,2.427792,12.74,0.551937,0.435805,0.099323,0.032097
sensor-21,sensor,0.598603,2.819469,1414.246,0.112396,0.95,0.851769,0.140676,0.296187,0.009339
router-05,router,0.979417,31.632377,61830.142285,1.585451,7.19,0.640506,0.340285,0.118243,0.023434
nvr-05,nvr,1.149436,15.907137,35385.756797,1.420709,5.56,0.759774,0.236819,0.189162,0.015004
access-ctrl-06,access_controller,0.554218,7.478855,14652.49978,0.698157,4.21,0.816416,0.193963,0.23552,0.011629
thermostat-04,thermostat,0.673634,6.641683,4268.249289,0.32949,4.06,0.738112,0.242965,0.216379,0.013303
plug-29,smart_plug,0.444168,4.09054,1623.028925,0.099676,2.7,0.468024,0.516621,0.346741,0.014813
cam-004,camera,1.39295,58.072443,89964.463906,2.243929,9.33,0.649791,0.357749,0.110029,0.024281
sensor-27,sensor,0.438664,5.573167,1976.157597,0.070285,2.51,0.88006,0.098614,0.306695,0.004212
router-11,router,1.044867,30.033863,40696.512483,2.325548,4.76,0.573363,0.432919,0.123393,0.024125
nvr-07,nvr,0.927554,17.738482,46257.323467,1.459522,5.24,0.671406,0.276546,0.157432,0.010096
access-ctrl-05,access_controller,0.717071,9.191344,11221.88185,0.749671,1.54,0.848325,0.123895,0.245925,0.007521
thermostat-24,thermostat,0.75523,6.556589,5264.266592,0.291125,2.78,0.701922,0.307558,0.231897,0.019955
plug-25,smart_plug,0.489816,3.357342,856.790627,0.116791,1.37,0.520633,0.495557,0.36688,0.012281
cam-001,camera,1.203142,51.770218,107312.298321,1.84612,9.42,0.664843,0.323789,0.104538,0.027445
sensor-21,sensor,0.478123,3.595012,2061.859262,0.23499,3.33,0.899792,0.030118,0.258899,0.006938
router-08,router,0.762605,29.931069,66069.35452,2.049577,4.53,0.659215,0.349936,0.133956,0.020246
nvr-02,nvr,1.20852,19.443865,37937.43016,1.680142,3.6,0.660598,0.329908,0.150661,0.011117
access-ctrl-01,access_controller,0.672757,9.056991,10864.527503,0.480289,2.78,0.840853,0.153503,0.218149,0.012546
thermostat-16,thermostat,0.677488,5.234561,5061.26874,0.349333,2.29,0.707582,0.326601,0.211131,0.019686
plug-31,smart_plug,0.439387,2.257051,1635.108594,0.059506,1.3,0.462274,0.470601,0.317734,0.00962
cam-005,camera,1.446398,48.104183,100956.186334,1.721339,10.93,0.585161,0.41918,0.083278,0.037958
sensor-30,sensor,0.544303,3.558084,2881.618584,0.119443,2.02,0.89702,0.114612,0.242462,0.008528
router-05,router,0.920599,42.272119,67074.740427,2.311898,8.07,0.690251,0.257243,0.151332,0.023678
nvr-03,nvr,1.252848,17.955899,34106.570102,1.336318,7.11,0.74616,0.217354,0.188933,0.017725
access-ctrl-04,access_controller,0.654789,10.491488,11848.112076,0.656708,3.91,0.770835,0.195486,0.246614,0.010484
thermostat-20,thermostat,0.758306,5.733469,5175.240227,0.362222,3.44,0.733222,0.226726,0.226565,0.016289
plug-31,smart_plug,0.486876,3.514477,783.752847,0.069927,1.23,0.525947,0.476588,0.344941,0.012013
cam-007,camera,1.354935,57.1333,72970.511173,2.239243,9.28,0.651447,0.356278,0.088151,0.023089
sensor-18,sensor,0.583449,3.050747,1147.862753,0.245649,0.63,0.911475,0.082463,0.297346,0.007374
router-20,router,0.750419,34.344385,55169.485686,2.380884,10.1,0.644949,0.331398,0.131428,0.031505
nvr-04,nvr,0.876788,23.700963,33649.400285,1.207316,5.15,0.801168,0.123629,0.19426,0.016266
access-ctrl-07,access_controller,0.646775,9.652314,9502.60402,0.584948,3.49,0.878318,0.169617,0.246114,0.01104
thermostat-04,thermostat,0.63379,7.069521,5392.489849,0.420852,2.74,0.729292,0.272902,0.235155,0.012191
plug-14,smart_plug,0.37898,2.566553,1750.331956,0.159777,0.51,0.442784,0.561878,0.342191,0.010351
cam-002,camera,1.218539,48.26393,83170.283877,2.211952,9.27,0.592228,0.380474,0.091355,0.031618
sensor-24,sensor,0.483285,5.246821,2181.769127,0.130309,2.25,0.864316,0.114515,0.256904,0.0073
router-20,router,0.762727,36.975097,45882.486,2.063744,6.9,0.689806,0.311276,0.145798,0.028391
nvr-03,nvr,0.877577,30.424028,57828.00605,1.364637,3.5,0.669512,0.279662,0.184699,0.014879
access-ctrl-03,access_controller,0.548347,8.120243,9973.479412,0.599222,1.34,0.804471,0.165383,0.261324,0.011965
thermostat-09,thermostat,0.723805,5.865152,5221.245264,0.432336,0.67,0.67451,0.290667,0.207365,0.013089
plug-19,smart_plug,0.395356,2.510545,1112.506495,0.127679,2.3,0.430392,0.512216,0.336647,0.014698
cam-001,camera,1.119458,64.441206,93841.582305,1.704913,8.94,0.564933,0.459996,0.075442,0.025612
sensor-27,sensor,0.510189,4.60189,2075.747197,0.142478,0.0,0.823434,0.135291,0.306209,0.006025
router-08,router,1.0323,44.054257,69531.700137,1.715918,7.24,0.618959,0.332074,0.140683,0.031227
nvr-03,nvr,1.217999,20.836535,53382.381037,1.232118,3.34,0.810507,0.209377,0.217288,0.012886
access-ctrl-04,access_controller,0.583324,9.44491,10878.381888,0.506438,0.59,0.734115,0.243064,0.231882,0.012199
thermostat-20,thermostat,0.64368,5.784745,4595.116638,0.485875,2.58,0.676797,0.32484,0.212816,0.0193
plug-19,smart_plug,0.48358,3.029222,817.37862,0.091523,1.32,0.578133,0.419278,0.345703,0.010681
cam-005,camera,1.225534,64.254425,104675.734209,2.38919,8.99,0.585001,0.411839,0.097621,0.026447
sensor-24,sensor,0.677533,5.267112,2356.474912,0.112787,0.0,0.768266,0.210749,0.288444,0.010481
router-11,router,0.752039,39.410793,54869.47056,1.788734,9.38,0.722548,0.262958,0.15081,0.017234
nvr-07,nvr,0.86979,26.201307,42195.458109,1.51778,5.04,0.788351,0.187759,0.194139,0.011427
access-ctrl-06,access_controller,0.556353,11.410965,9274.383082,0.80174,3.57,0.881505,0.08855,0.207675,0.010115
thermostat-20,thermostat,0.819041,7.030176,4070.750672,0.430718,1.84,0.765072,0.228505,0.205476,0.019737
plug-14,smart_plug,0.489822,3.46109,1229.269284,0.078041,0.0,0.449048,0.558715,0.300178,0.007437
cam-001,camera,1.164421,43.280254,103998.816904,2.503727,10.0,0.663775,0.313194,0.11345,0.028019
sensor-30,sensor,0.53495,3.610504,901.555085,0.246819,2.98,0.787581,0.199529,0.313873,0.011648
router-11,router,0.954024,34.545171,41482.782899,2.267723,9.46,0.56451,0.41975,0.153068,0.028353
nvr-01,nvr,0.89851,16.247483,36370.518988,1.143336,5.0,0.728704,0.234485,0.198841,0.010554
access-ctrl-01,access_controller,0.654529,11.40682,9226.850332,0.71327,1.61,0.827925,0.11857,0.259858,0.007073
thermostat-28,thermostat,0.659477,7.538194,4160.383802,0.401714,2.15,0.756034,0.250549,0.207261,0.02037
plug-29,smart_plug,0.460395,3.344653,1624.691669,0.128927,0.0,0.484135,0.48125,0.33445,0.013948
cam-005,camera,1.254061,44.395446,102762.642593,1.697469,7.86,0.664655,0.332709,0.100171,0.024149
sensor-18,sensor,0.527152,4.159157,1594.461838,0.131229,1.59,0.903748,0.072181,0.294306,0.010868
router-05,router,0.979291,36.706382,69697.21953,2.242191,5.93,0.565602,0.400549,0.151513,0.028264
nvr-02,nvr,1.054887,18.220527,42363.477783,1.342731,6.89,0.723517,0.268818,0.197252,0.015724
access-ctrl-07,access_controller,0.700541,8.1612,8819.775304,0.48471,3.01,0.872154,0.10166,0.238751,0.012204
thermostat-04,thermostat,0.694733,6.650632,5777.264266,0.273154,3.43,0.681171,0.328903,0.212007,0.019725
plug-22,smart_plug,0.400883,4.270957,1170.375636,0.137948,2.4,0.519124,0.522035,0.316335,0.010433
cam-004,camera,1.398738,63.984332,101410.059695,1.765358,12.43,0.593519,0.36012,0.089387,0.02983
sensor-18,sensor,0.485638,5.208928,1006.026301,0.178653,0.54,0.796003,0.192853,0.325016,0.010812
router-05,router,0.77676,39.521263,66418.380909,1.98108,8.6,0.728142,0.277199,0.150232,0.021157
nvr-03,nvr,0.881722,19.970152,43615.952971,1.76407,6.91,0.656834,0.285649,0.206645,0.010319
access-ctrl-07,access_controller,0.724254,9.074182,14477.193322,0.482575,5.47,0.784002,0.220432,0.258585,0.008076
thermostat-04,thermostat,0.842125,7.057313,5711.425862,0.463836,2.85,0.68988,0.238531,0.222178,0.013691
plug-14,smart_plug,0.492836,3.394858,1081.075343,0.116615,1.18,0.53698,0.460362,0.359289,0.011753
cam-002,camera,1.363055,56.744714,73227.973735,1.88484,13.63,0.644773,0.3369,0.101417,0.040019
sensor-24,sensor,0.51313,3.960908,910.564327,0.128413,2.24,0.891308,0.127431,0.330905,0.004099
router-05,router,1.047995,31.944557,49621.263384,1.671671,8.55,0.628228,0.388433,0.130408,0.029835
nvr-06,nvr,1.154174,21.334617,36273.907944,1.339943,5.74,0.79557,0.187236,0.209375,0.018131
access-ctrl-02,access_controller,0.667176,9.65951,12085.749188,0.801033,3.29,0.825836,0.147828,0.211999,0.010672
thermostat-28,thermostat,0.716472,7.572499,5578.16639,0.408893,1.78,0.710045,0.23178,0.21387,0.015816
plug-22,smart_plug,0.432137,3.634219,1580.862142,0.111604,1.85,0.481189,0.471203,0.318714,0.013152
cam-006,camera,1.136143,56.111376,88222.328637,2.567275,5.79,0.564839,0.438668,0.09263,0.027702
sensor-18,sensor,0.411214,5.216994,2015.474147,0.249184,2.34,0.852677,0.130869,0.268862,0.012237
router-08,router,1.034471,39.834699,53661.312527,2.417592,9.36,0.579818,0.375103,0.150356,0.018951
nvr-02,nvr,0.986084,28.417469,43453.978763,1.332121,4.33,0.677094,0.286667,0.205867,0.012885
access-ctrl-06,access_controller,0.769053,8.968804,13194.401268,0.862462,2.01,0.793938,0.233305,0.228642,0.009116
thermostat-24,thermostat,0.768231,6.457128,4107.337759,0.359295,1.24,0.689052,0.337897,0.233118,0.01731
plug-22,smart_plug,0.35932,2.815717,1130.408302,0.081844,2.04,0.477188,0.458655,0.347722,0.01167
cam-002,camera,1.31575,54.670445,103163.420244,1.838699,7.47,0.690014,0.260672,0.075548,0.028851
sensor-27,sensor,0.480406,2.606475,1919.509198,0.122397,1.85,0.935753,0.047331,0.332635,0.010583
router-17,router,0.801397,31.518851,40280.726584,2.073391,11.93,0.696282,0.312906,0.1215,0.029678
nvr-07,nvr,0.873816,26.991162,47524.914564,1.679654,6.51,0.723499,0.213185,0.167621,0.019055
access-ctrl-04,access_controller,0.631224,10.142573,9953.353155,0.488939,1.71,0.798539,0.171318,0.255164,0.00773
thermostat-28,thermostat,0.821,6.700194,3738.404906,0.369769,0.8,0.757492,0.246113,0.200596,0.018586
plug-29,smart_plug,0.430365,3.657051,1096.978301,0.098664,2.05,0.475466,0.5393,0.299933,0.012619
cam-003,camera,1.310773,54.356335,107544.409214,2.698442,10.42,0.586987,0.39151,0.10181,0.03249
sensor-21,sensor,0.575569,3.898909,1898.253342,0.130776,1.89,0.77981,0.172628,0.321505,0.007453
router-05,router,1.01296,36.669869,42004.023614,2.135882,7.97,0.582573,0.380583,0.123994,0.029158
nvr-05,nvr,1.161508,25.963545,40445.130589,1.513672,6.55,0.838538,0.215435,0.150848,0.01437
access-ctrl-01,access_controller,0.62275,11.558035,13469.114167,0.480529,5.07,0.739019,0.234638,0.222093,0.009769
thermostat-16,thermostat,0.758783,7.313632,5132.65405,0.278848,5.3,0.788621,0.217636,0.241195,0.012942
plug-31,smart_plug,0.465814,3.841201,1714.095486,0.127954,1.75,0.536486,0.453733,0.31158,0.012499
cam-003,camera,1.069987,45.516201,100820.368686,1.760818,8.08,0.594504,0.370667,0.078814,0.027431
sensor-27,sensor,0.509144,2.740437,1157.652259,0.136844,1.83,0.819928,0.187676,0.250225,0.011341
router-08,router,1.036583,39.412812,57192.416935,2.230466,8.75,0.623979,0.358722,0.114473,0.020928
nvr-03,nvr,1.261862,20.14868,32954.183324,1.630727,7.21,0.809389,0.173853,0.207859,0.016793
access-ctrl-06,access_controller,0.791602,7.943823,11690.644271,0.629686,4.41,0.85113,0.102726,0.267339,0.010776
thermostat-24,thermostat,0.818473,6.318454,5209.892843,0.444552,3.5,0.698435,0.294148,0.202634,0.012809
plug-31,smart_plug,0.368683,3.105877,1612.851154,0.107012,1.53,0.58664,0.453824,0.308153,0.012242
cam-001,camera,1.319582,54.554019,98815.117351,2.598007,14.92,0.561075,0.391612,0.091161,0.031131
sensor-12,sensor,0.50098,5.260054,2704.212657,0.164218,2.14,0.813052,0.178502,0.29582,0.005156
router-05,router,0.923531,31.150284,55104.77186,1.835216,8.23,0.615787,0.405368,0.148295,0.029489
nvr-05,nvr,1.154794,24.759044,35971.717382,1.067217,4.19,0.781479,0.204306,0.161807,0.010224
access-ctrl-04,access_controller,0.711644,7.798672,11075.492484,0.854112,4.68,0.821855,0.151426,0.218774,0.01162
thermostat-24,thermostat,0.825055,6.199401,4986.30955,0.423754,3.16,0.749682,0.209243,0.232699,0.018117
plug-14,smart_plug,0.451573,4.165672,1268.592752,0.161528,1.06,0.501303,0.482096,0.315916,0.01235
cam-004,camera,1.247147,65.847342,97748.958758,2.785115,10.23,0.548655,0.444832,0.080872,0.028042
sensor-24,sensor,0.666127,3.91709,2062.148015,0.221292,0.0,0.879592,0.104801,0.270986,0.010062
router-11,router,1.02297,39.909501,56176.84911,1.990414,4.75,0.612222,0.360418,0.148095,0.024487
nvr-05,nvr,0.956246,22.910508,59360.902803,1.464809,6.4,0.683398,0.29541,0.16257,0.021112
access-ctrl-03,access_controller,0.55821,11.200891,13873.728861,0.787537,5.36,0.755784,0.195542,0.239798,0.014187
thermostat-13,thermostat,0.679447,5.793705,4542.41356,0.375086,1.23,0.68799,0.31046,0.201257,0.011265
plug-29,smart_plug,0.438107,3.283036,1242.251942,0.068259,1.8,0.493363,0.539887,0.349803,0.008319
cam-005,camera,1.48263,47.488005,97075.975292,2.216967,5.69,0.61456,0.373143,0.098197,0.031169
sensor-07,sensor,0.536479,4.385914,2091.197288,0.102324,1.5,0.827691,0.106312,0.324158,0.012728
router-17,router,1.001396,40.951387,45728.169065,1.877164,7.15,0.688454,0.269784,0.128531,0.022633
nvr-07,nvr,1.283421,27.461207,42105.525684,1.354157,5.28,0.748179,0.237796,0.18746,0.013938
access-ctrl-06,access_controller,0.621773,9.452128,14488.934351,0.604004,3.45,0.819909,0.143976,0.233305,0.009115
thermostat-13,thermostat,0.86835,4.767476,5357.528492,0.469281,2.72,0.644773,0.342927,0.215854,0.019916
plug-29,smart_plug,0.45766,3.488024,837.912473,0.078784,1.72,0.549968,0.434989,0.32082,0.013721
cam-003,camera,1.371015,61.062042,98635.482169,2.197579,8.99,0.701475,0.293772,0.108207,0.028553
sensor-24,sensor,0.663536,4.034493,2174.911318,0.205676,4.29,0.910784,0.091871,0.303899,0.007624
router-11,router,1.032796,45.578605,55848.902244,2.014336,12.47,0.592252,0.337832,0.155791,0.028009
nvr-03,nvr,1.258677,30.114607,48466.912531,1.265855,3.86,0.818763,0.151022,0.190336,0.017579
access-ctrl-06,access_controller,0.583052,9.526538,12821.754642,0.775225,1.83,0.770202,0.174049,0.263444,0.007417
thermostat-20,thermostat,0.832754,7.900041,4161.611719,0.305261,3.48,0.753574,0.201857,0.22212,0.016511
plug-14,smart_plug,0.433229,3.686024,1189.325655,0.090264,0.53,0.513869,0.459129,0.35753,0.01003
cam-005,camera,1.382761,54.225347,68973.507855,2.242522,11.25,0.550185,0.399762,0.114528,0.035005
sensor-30,sensor,0.503739,3.438391,1400.794301,0.205312,0.41,0.849988,0.118257,0.242055,0.010582
router-14,router,0.713907,33.748123,50037.510808,2.326456,8.84,0.671893,0.288487,0.130167,0.018424
nvr-04,nvr,1.115955,16.952376,31355.726638,1.260006,2.99,0.814893,0.160191,0.201062,0.016119
access-ctrl-03,access_controller,0.808447,12.044494,13568.755261,0.801122,4.38,0.847396,0.137031,0.240343,0.007809
thermostat-13,thermostat,0.843885,6.291649,4146.85043,0.499645,3.72,0.728427,0.290443,0.213308,0.014686
plug-19,smart_plug,0.339572,2.192147,1333.426702,0.050914,0.0,0.487512,0.472472,0.35916,0.010405
cam-007,camera,1.433962,51.484082,68128.934257,2.081875,11.19,0.579013,0.452009,0.11005,0.024656
sensor-24,sensor,0.494972,5.189378,1835.506412,0.274622,1.65,0.891432,0.096489,0.261884,0.006043
router-20,router,0.716613,42.526199,43080.991147,1.803227,10.43,0.612266,0.397156,0.128679,0.019754
nvr-07,nvr,1.167613,23.079351,39533.370213,1.2264,4.56,0.820834,0.195468,0.178187,0.009072
access-ctrl-06,access_controller,0.634711,8.671943,12869.466314,0.555589,5.31,0.771587,0.195606,0.225529,0.011604
thermostat-20,thermostat,0.725197,6.351711,4020.587923,0.480338,4.34,0.771957,0.20949,0.205953,0.017215
plug-22,smart_plug,0.388645,4.024159,1307.573116,0.05926,3.33,0.494209,0.4498,0.366287,0.008549
cam-001,camera,1.174141,50.756862,74673.86296,2.465679,13.29,0.735182,0.288528,0.110943,0.040723
sensor-27,sensor,0.459503,5.076735,1154.967473,0.174473,0.67,0.838438,0.166469,0.255654,0.008727
router-17,router,0.956517,28.998838,52811.727217,1.910527,7.83,0.69725,0.287089,0.119084,0.029971
nvr-01,nvr,1.198796,20.252686,35391.545614,1.457764,6.24,0.741592,0.242104,0.19261,0.016904
access-ctrl-06,access_controller,0.690395,10.060886,13167.736222,0.688672,3.27,0.788299,0.179706,0.249273,0.012964
thermostat-28,thermostat,0.835206,5.636478,4036.219087,0.326723,2.51,0.705355,0.312286,0.227689,0.011375
plug-22,smart_plug,0.368687,2.946608,850.177563,0.150255,0.63,0.52528,0.454221,0.309833,0.010242
cam-002,camera,1.091346,46.581686,97055.120277,2.165949,13.78,0.610372,0.41941,0.104312,0.027743
sensor-21,sensor,0.670778,5.493047,1765.897398,0.281089,0.74,0.947247,0.037332,0.27211,0.005647
router-02,router,0.748663,38.411272,55209.188664,1.660881,7.56,0.637397,0.355625,0.118408,0.021916
nvr-04,nvr,1.027079,22.710802,37603.065658,1.337926,4.94,0.704718,0.233655,0.162367,0.01392
access-ctrl-05,access_controller,0.766805,7.923514,10305.412436,0.710501,1.45,0.795422,0.156819,0.218445,0.014863
thermostat-16,thermostat,0.834044,6.890106,5253.82131,0.284229,3.18,0.782929,0.213703,0.229807,0.012899
plug-19,smart_plug,0.372427,3.907636,1486.17739,0.090323,1.44,0.562096,0.428819,0.306528,0.011439
cam-002,camera,1.050983,60.340205,68923.715317,2.828954,11.15,0.66816,0.337675,0.089532,0.027787
sensor-21,sensor,0.667495,4.693157,2116.266121,0.144198,2.93,0.826294,0.186392,0.274002,0.005629
router-11,router,0.721884,32.308886,57258.426787,2.13311,9.71,0.73438,0.263867,0.155156,0.025702
nvr-04,nvr,1.283124,18.293745,32711.282911,1.249156,3.19,0.712458,0.272048,0.189025,0.013877
access-ctrl-06,access_controller,0.606698,7.736514,11598.539541,0.869538,4.34,0.875283,0.081634,0.240382,0.007793
thermostat-04,thermostat,0.825025,8.090188,5591.470939,0.379009,3.44,0.683649,0.276141,0.243477,0.013497
plug-25,smart_plug,0.492701,2.308714,855.523363,0.058571,0.83,0.457905,0.500223,0.317534,0.009304
cam-002,camera,1.357758,61.633106,79988.786456,2.386459,14.19,0.645073,0.349811,0.076673,0.039828
sensor-18,sensor,0.636581,3.135277,1106.11338,0.216648,1.66,0.901553,0.057979,0.277316,0.006853
router-17,router,1.034931,30.143337,66426.80838,1.700253,9.13,0.731289,0.247138,0.128566,0.022612
nvr-01,nvr,0.893205,20.811838,53211.732227,1.200035,5.41,0.799623,0.181371,0.168956,0.011291
access-ctrl-06,access_controller,0.666911,11.144387,14413.818152,0.787097,1.02,0.836944,0.175031,0.226004,0.008141
thermostat-20,thermostat,0.714701,7.127818,3624.462861,0.275329,2.81,0.720486,0.268643,0.196836,0.016187
plug-19,smart_plug,0.493033,3.969387,1311.874139,0.102779,0.0,0.492128,0.533037,0.365498,0.008768
cam-005,camera,1.489892,53.598923,107318.129856,2.822231,9.74,0.59392,0.352828,0.081168,0.024126
sensor-12,sensor,0.413705,3.783953,2544.988514,0.187101,1.04,0.804476,0.179583,0.276143,0.007269
router-17,router,0.975768,28.641536,73208.308879,1.697445,5.74,0.707648,0.269545,0.150922,0.017522
nvr-05,nvr,1.283198,18.864969,33775.409136,1.354104,2.81,0.668163,0.273108,0.210606,0.018887
access-ctrl-01,access_controller,0.761415,10.674827,10435.011543,0.670407,2.3,0.833557,0.180779,0.2284,0.008964
thermostat-04,thermostat,0.643746,6.724861,5387.994397,0.41194,2.39,0.78784,0.235787,0.223328,0.017066
plug-11,smart_plug,0.521123,3.666118,1386.079062,0.139971,2.47,0.425079,0.535517,0.370163,0.009998
cam-007,camera,1.381833,43.039594,101402.125433,2.980762,11.23,0.625882,0.396477,0.095788,0.030546
sensor-07,sensor,0.555917,3.6798,1827.741325,0.099246,3.13,0.943082,0.048313,0.281889,0.010516
router-11,router,0.838547,37.578811,58553.612396,2.015363,5.73,0.713567,0.267009,0.147418,0.024289
nvr-05,nvr,1.210884,26.395299,56839.574865,1.694485,3.28,0.803111,0.176378,0.156371,0.019581
access-ctrl-06,access_controller,0.600192,11.471653,11363.995223,0.780964,3.4,0.855756,0.105016,0.258951,0.012517
thermostat-20,thermostat,0.822315,5.35977,3864.152522,0.475796,3.25,0.639895,0.364661,0.230462,0.017215
plug-25,smart_plug,0.43617,2.768828,1059.198119,0.150542,1.23,0.542831,0.440536,0.302252,0.008054
cam-007,camera,1.380633,64.588367,83572.657494,2.57001,10.13,0.541171,0.447365,0.105348,0.03327
sensor-30,sensor,0.522044,3.639173,2708.008691,0.198412,2.54,0.835708,0.199562,0.294531,0.007776
router-17,router,0.760831,37.795069,57588.343646,2.238996,6.27,0.662782,0.303178,0.14098,0.017459
nvr-05,nvr,0.994423,29.642399,51686.170284,1.471191,3.24,0.811066,0.198266,0.163045,0.017707
access-ctrl-03,access_controller,0.647852,7.67223,13878.025397,0.478043,4.09,0.891322,0.120731,0.252996,0.012965
thermostat-28,thermostat,0.638544,7.240736,5801.864402,0.428599,3.1,0.710927,0.264271,0.224372,0.014864
plug-29,smart_plug,0.446257,4.135286,1536.234368,0.17184,0.38,0.565352,0.458102,0.354856,0.011665
cam-003,camera,1.42131,59.429301,98166.87958,2.646616,10.54,0.582631,0.388065,0.085996,0.039965
sensor-30,sensor,0.588142,4.515974,2634.688747,0.240109,1.57,0.84712,0.119693,0.322605,0.008104
router-20,router,1.020507,36.476769,50651.312461,1.851927,6.49,0.597612,0.355125,0.133304,0.023171
nvr-01,nvr,0.86581,18.15928,52544.501097,1.597729,4.4,0.739553,0.285176,0.201942,0.017991
access-ctrl-03,access_controller,0.775313,9.604635,9510.428574,0.644958,3.27,0.783767,0.216135,0.235545,0.008471
thermostat-24,thermostat,0.829663,7.292898,4228.258182,0.43394,3.75,0.650025,0.264054,0.193722,0.018392
plug-19,smart_plug,0.347849,3.176219,1422.361747,0.061693,0.72,0.473687,0.518328,0.321162,0.012251
cam-004,camera,1.175296,46.601374,82667.682047,2.632877,7.49,0.686475,0.243977,0.089401,0.040467
sensor-21,sensor,0.471932,4.806787,1139.07395,0.16864,3.47,0.882435,0.112622,0.314396,0.009369
router-14,router,0.96228,42.226778,57323.872122,2.280228,5.71,0.694803,0.281948,0.132742,0.027181
nvr-07,nvr,0.88155,16.768878,41090.312591,1.448893,5.98,0.784168,0.194301,0.191222,0.013423
access-ctrl-05,access_controller,0.709969,10.064248,14576.459385,0.825734,1.39,0.863373,0.149807,0.249801,0.013981
thermostat-24,thermostat,0.648605,8.168625,5690.132966,0.448891,3.26,0.706846,0.226941,0.227362,0.012581
plug-22,smart_plug,0.428419,2.094232,1142.782016,0.159918,0.86,0.511898,0.487114,0.301072,0.013244
cam-006,camera,1.377673,51.600682,68218.377948,2.375304,7.01,0.625433,0.357239,0.078025,0.033066
sensor-12,sensor,0.55449,4.588535,1227.432927,0.116839,0.53,0.883442,0.097897,0.244304,0.004857
router-17,router,0.762194,45.249666,40955.989875,1.854815,8.28,0.753184,0.278333,0.142607,0.016257
nvr-01,nvr,0.950684,28.192542,39571.353843,1.692837,2.34,0.769352,0.216192,0.192072,0.013946
access-ctrl-06,access_controller,0.642033,9.547177,9600.908135,0.572872,4.38,0.824537,0.206494,0.231405,0.00808
thermostat-13,thermostat,0.694407,7.515407,5038.042783,0.301499,1.51,0.708949,0.23284,0.224779,0.013424
plug-22,smart_plug,0.443621,2.34386,1193.202582,0.172933,2.05,0.510129,0.429235,0.328697,0.008937
cam-001,camera,1.425964,61.602256,98191.334244,2.713591,12.35,0.718297,0.307394,0.092659,0.030849
sensor-21,sensor,0.510888,4.754352,2080.379844,0.275731,1.92,0.869172,0.122139,0.264036,0.009618
router-02,router,1.050438,31.992591,56431.735883,2.157137,5.66,0.683508,0.254892,0.128271,0.022533
nvr-06,nvr,0.905054,18.892377,50829.690339,1.595093,5.42,0.798821,0.249342,0.199981,0.015778
access-ctrl-07,access_controller,0.630587,9.36009,9211.331822,0.527277,4.82,0.780127,0.198155,0.230765,0.013463
thermostat-09,thermostat,0.795095,7.31944,4631.6405,0.409125,2.95,0.695565,0.258012,0.208954,0.017809
plug-14,smart_plug,0.351483,4.01552,1569.790499,0.061672,3.05,0.532325,0.509954,0.314374,0.012948
cam-001,camera,1.455176,53.285834,90549.092438,1.990298,13.95,0.649687,0.357096,0.112052,0.034899
sensor-27,sensor,0.524013,3.378567,2829.705347,0.272345,1.32,0.929526,0.109888,0.2323,0.009945
router-14,router,0.767609,45.398645,72635.76715,1.901718,6.21,0.731486,0.247997,0.15635,0.027686
nvr-03,nvr,1.157189,18.438126,35203.335641,1.356718,5.21,0.711684,0.303047,0.209847,0.010442
access-ctrl-05,access_controller,0.581273,8.832677,12525.282921,0.839705,0.6,0.883509,0.15845,0.234099,0.009313
thermostat-20,thermostat,0.852076,6.025209,5140.494631,0.476331,5.15,0.641176,0.358789,0.219084,0.01588
plug-29,smart_plug,0.484207,3.508562,962.250213,0.152409,2.36,0.566759,0.443704,0.357794,0.009445
cam-002,camera,1.317777,65.687853,69119.802789,2.738571,8.51,0.665461,0.304518,0.082916,0.025277
sensor-30,sensor,0.514359,4.32012,1138.284632,0.24266,2.08,0.783806,0.196666,0.303908,0.011183
router-20,router,1.055746,28.431361,72215.924826,2.200468,7.42,0.744091,0.241039,0.156978,0.02247
nvr-05,nvr,0.970515,18.894766,40234.694922,1.272983,3.66,0.7097,0.334515,0.190434,0.01286
access-ctrl-02,access_controller,0.55116,10.109032,14621.562336,0.831094,2.29,0.752002,0.24894,0.258342,0.008499
thermostat-16,thermostat,0.657431,7.205189,5304.370478,0.350468,3.83,0.68774,0.305433,0.205053,0.017569
plug-19,smart_plug,0.469775,2.048253,974.793351,0.080978,0.89,0.518655,0.468044,0.312827,0.01358
cam-001,camera,1.116921,62.151535,69074.072437,2.835704,9.42,0.598404,0.361696,0.105431,0.023045
sensor-21,sensor,0.534298,5.572347,936.714006,0.201004,1.51,0.815237,0.150127,0.294659,0.007081
router-14,router,0.978843,39.632729,72207.338396,2.293039,8.81,0.774347,0.213395,0.152232,0.019374
nvr-06,nvr,1.171489,28.25952,47742.062901,1.173555,5.23,0.733601,0.234146,0.159725,0.018512
access-ctrl-06,access_controller,0.624805,11.460204,9599.910477,0.797962,4.26,0.768057,0.210465,0.212861,0.009538
thermostat-28,thermostat,0.662095,6.736542,3884.813303,0.386801,5.32,0.706889,0.255563,0.22207,0.016741
plug-19,smart_plug,0.359166,2.659101,1189.24228,0.156578,1.16,0.539662,0.428544,0.320677,0.010252
cam-007,camera,1.167758,57.429607,87341.511162,2.076846,7.28,0.549952,0.431593,0.074891,0.027832
sensor-18,sensor,0.622909,2.793218,1182.500768,0.167204,1.5,0.827137,0.137368,0.236387,0.011072
router-14,router,0.767592,38.649345,67626.014938,2.147487,9.25,0.63688,0.39521,0.11405,0.022574
nvr-03,nvr,1.140201,19.496011,47008.428411,1.311043,1.55,0.74134,0.211875,0.153644,0.016216
access-ctrl-07,access_controller,0.766485,12.2374,10188.390614,0.732298,3.29,0.796192,0.195938,0.261421,0.008065
thermostat-24,thermostat,0.702712,6.567697,4525.787482,0.403171,2.42,0.780831,0.20477,0.205835,0.016154
plug-14,smart_plug,0.407665,2.066648,1716.854328,0.150178,1.35,0.518995,0.512602,0.332439,0.007269
cam-005,camera,1.308021,44.015749,103700.630032,2.398537,9.82,0.699301,0.28883,0.11533,0.024389
sensor-21,sensor,0.540615,5.045402,1509.163363,0.212282,0.35,0.819247,0.184603,0.285692,0.012824
router-11,router,0.931315,39.555979,44727.586966,2.097628,11.77,0.615706,0.359598,0.13654,0.025089
nvr-03,nvr,0.884786,28.755174,36281.18754,1.483113,4.48,0.744931,0.211976,0.174008,0.01949
access-ctrl-01,access_controller,0.627006,7.815605,14612.478801,0.68571,2.17,0.81797,0.181481,0.267715,0.011476
thermostat-09,thermostat,0.695446,7.221268,5160.47064,0.368092,3.46,0.723265,0.251903,0.226593,0.019338
plug-31,smart_plug,0.420199,3.004623,1736.37073,0.126205,2.6,0.420003,0.519931,0.305311,0.010076
cam-001,camera,1.3036,48.996193,92128.877268,2.856407,6.98,0.663474,0.350821,0.093031,0.027817
sensor-18,sensor,0.679743,3.785359,2261.190702,0.144074,2.13,0.873978,0.145446,0.316454,0.004879
router-08,router,1.051065,37.359635,53225.613004,2.145773,9.67,0.686771,0.246147,0.155572,0.019956
nvr-01,nvr,1.022769,18.888476,34045.774529,1.435277,7.02,0.780738,0.207613,0.207876,0.016239
access-ctrl-06,access_controller,0.735,7.950437,9206.827776,0.847374,3.3,0.859732,0.144534,0.242532,0.008538
thermostat-09,thermostat,0.688984,6.130653,4093.374494,0.387436,4.18,0.686282,0.308208,0.198482,0.01429
plug-11,smart_plug,0.453634,2.968285,1300.450216,0.155709,0.92,0.506432,0.473782,0.345519,0.010726
cam-007,camera,1.351982,52.319851,89116.495271,1.96761,12.05,0.673264,0.284,0.0806,0.038036
sensor-30,sensor,0.543531,3.581372,1304.414432,0.070419,1.55,0.927602,0.093305,0.246993,0.003037
router-08,router,0.80654,25.834183,59642.834901,2.14793,5.3,0.60548,0.428842,0.152355,0.028717
nvr-06,nvr,1.03636,16.596037,35672.512852,1.285092,5.38,0.78941,0.162529,0.215536,0.016561
access-ctrl-06,access_controller,0.680327,11.120271,10320.156183,0.680678,5.05,0.855328,0.124853,0.21726,0.010905
thermostat-04,thermostat,0.811728,7.78746,5355.063225,0.365106,3.85,0.658051,0.324321,0.214997,0.013515
plug-22,smart_plug,0.336765,2.210074,1337.345553,0.098103,2.23,0.561006,0.41387,0.364062,0.010681
cam-007,camera,1.213988,61.874929,77780.563564,1.942569,10.67,0.668264,0.30135,0.103731,0.025041
sensor-30,sensor,0.642682,2.999593,1851.580982,0.287802,1.47,0.92966,0.076782,0.305363,0.010315
router-11,router,0.946594,36.425028,57138.308134,1.700302,5.78,0.702395,0.3153,0.155435,0.018375
nvr-02,nvr,0.867779,22.521603,33488.740585,1.222309,2.52,0.699199,0.266673,0.213533,0.01076
access-ctrl-05,access_controller,0.55811,9.514897,9905.666444,0.837247,3.55,0.847083,0.170703,0.248392,0.014946
thermostat-09,thermostat,0.713302,7.9342,3808.840579,0.317371,3.85,0.718339,0.261665,0.198289,0.012101
plug-31,smart_plug,0.348951,2.953734,1236.995649,0.059945,0.98,0.457236,0.528752,0.331743,0.007773
cam-005,camera,1.140146,51.062929,86733.248864,2.164073,6.5,0.687922,0.272196,0.108839,0.039276
sensor-12,sensor,0.51076,4.344975,1260.965726,0.161832,0.75,0.856022,0.107612,0.325472,0.00535
router-11,router,0.860252,39.035296,42212.6845,1.877908,7.53,0.669413,0.260925,0.128124,0.020127
nvr-06,nvr,1.298623,17.753742,56505.243195,1.799434,5.8,0.723316,0.279149,0.206059,0.021003
access-ctrl-01,access_controller,0.669203,10.798121,9655.552384,0.841338,1.54,0.759912,0.204817,0.209758,0.007768
thermostat-16,thermostat,0.761852,5.731662,4524.622766,0.355506,3.3,0.678065,0.328617,0.218555,0.017802
plug-31,smart_plug,0.347646,4.102497,771.588265,0.126451,0.66,0.460604,0.485672,0.344895,0.008681
cam-002,camera,1.398643,53.503142,76079.52406,1.753977,14.25,0.638126,0.378547,0.102666,0.037898
sensor-27,sensor,0.454111,5.276318,2223.251917,0.168693,1.49,0.944711,0.03272,0.31416,0.008081
router-05,router,0.945829,38.712589,50579.055919,1.879705,5.81,0.643634,0.297238,0.15332,0.020882
nvr-03,nvr,1.094055,21.901752,41238.09183,1.5459,2.99,0.774492,0.226352,0.215111,0.014492
access-ctrl-04,access_controller,0.718104,10.182698,11971.905544,0.808051,3.88,0.857707,0.167721,0.226253,0.00704
thermostat-24,thermostat,0.674286,8.203921,5522.087972,0.283312,1.88,0.72645,0.271621,0.216027,0.015528
plug-14,smart_plug,0.443266,3.880606,1599.889933,0.138587,0.97,0.515962,0.445498,0.32253,0.013147
cam-001,camera,1.390652,45.022434,83249.510072,1.922654,11.42,0.598798,0.381835,0.108109,0.027165
sensor-30,sensor,0.658398,5.671926,2676.375152,0.223132,1.6,0.911587,0.058831,0.324208,0.003614
router-14,router,0.861586,38.75458,49808.051704,1.915895,7.74,0.747099,0.238069,0.138145,0.028135
nvr-07,nvr,0.920606,23.567397,55830.704819,1.230262,3.58,0.749277,0.249795,0.187786,0.01584
access-ctrl-01,access_controller,0.77394,11.737051,12635.48406,0.457652,5.22,0.799699,0.231891,0.252339,0.009853
thermostat-20,thermostat,0.705089,5.312005,5489.087699,0.468359,2.22,0.68246,0.332258,0.233179,0.013341
plug-29,smart_plug,0.40038,2.557435,1364.672214,0.118141,3.1,0.526552,0.431213,0.345894,0.010697
cam-001,camera,1.178894,46.581282,84794.784305,2.478785,9.47,0.689667,0.293008,0.109014,0.025622
sensor-30,sensor,0.606949,4.380065,2061.360711,0.236961,0.46,0.799997,0.225024,0.281419,0.010988
router-02,router,1.049217,31.035118,65719.265903,2.356144,7.23,0.70698,0.227534,0.163088,0.015402
nvr-01,nvr,1.039739,28.419852,34417.968212,1.706375,6.4,0.747409,0.237783,0.201909,0.018089
access-ctrl-04,access_controller,0.60562,8.643399,10838.906517,0.864147,3.99,0.776428,0.192458,0.258761,0.010004
thermostat-24,thermostat,0.857627,5.756722,3909.158351,0.35988,2.12,0.693474,0.293885,0.189039,0.011807
plug-22,smart_plug,0.392301,3.258501,1252.199345,0.129963,2.93,0.479846,0.485678,0.314112,0.011752
cam-005,camera,1.193228,51.932071,98641.488981,2.392506,12.06,0.605719,0.337842,0.101134,0.031763
sensor-07,sensor,0.50022,4.37676,1384.868961,0.234061,2.44,0.78182,0.183308,0.314499,0.006502
router-14,router,0.907192,35.414852,68012.94983,1.988337,4.96,0.640107,0.292132,0.125625,0.031449
nvr-02,nvr,1.001528,29.952608,51681.885889,1.218997,6.18,0.737672,0.289605,0.185245,0.011009
access-ctrl-01,access_controller,0.724112,8.515722,14743.70586,0.469246,4.04,0.739908,0.206077,0.215085,0.008072
thermostat-24,thermostat,0.744332,5.922093,5167.884455,0.411823,2.18,0.740068,0.267001,0.21771,0.017018
plug-14,smart_plug,0.331783,3.408294,1654.38703,0.080271,3.15,0.516751,0.486675,0.362532,0.01458
cam-002,camera,1.456947,41.721991,103106.286731,2.775604,13.96,0.67754,0.359537,0.098984,0.035856
sensor-27,sensor,0.426887,5.641579,1929.762434,0.097755,3.39,0.780058,0.200428,0.243621,0.004504
router-14,router,0.941223,26.492174,63062.566865,2.332224,9.55,0.674742,0.320326,0.15754,0.030646
nvr-04,nvr,0.935315,22.24844,42126.789072,1.516842,3.69,0.822094,0.163814,0.155844,0.010731
access-ctrl-05,access_controller,0.781491,8.304586,8990.90447,0.607696,2.05,0.835123,0.121089,0.23358,0.01138
thermostat-28,thermostat,0.632803,8.380763,4243.562546,0.306346,3.91,0.740748,0.284339,0.200894,0.013518
plug-25,smart_plug,0.455581,3.508963,1092.133572,0.142544,3.04,0.578923,0.418819,0.319132,0.014673
cam-006,camera,1.31374,54.294993,73216.197526,2.251019,8.16,0.69076,0.334971,0.113749,0.030539
sensor-24,sensor,0.415308,4.98727,1117.571399,0.108877,1.91,0.865675,0.105677,0.312699,0.00548
router-20,router,0.822293,25.388168,65034.871574,1.761752,7.58,0.681441,0.276855,0.118024,0.018343
nvr-03,nvr,1.160991,21.258773,39904.828676,1.257268,5.42,0.810171,0.19403,0.158004,0.009467
access-ctrl-04,access_controller,0.560775,8.131576,9357.393809,0.714843,4.41,0.799082,0.184651,0.230214,0.013789
thermostat-04,thermostat,0.728482,8.187849,4183.225052,0.519175,1.36,0.713977,0.282241,0.222046,0.013721
plug-29,smart_plug,0.388395,3.491258,1388.227275,0.13761,0.0,0.446504,0.54311,0.355996,0.01393
cam-004,camera,1.337774,43.715173,86787.831796,2.903534,6.66,0.689109,0.281261,0.086004,0.033939
sensor-24,sensor,0.597231,4.795743,1836.2051,0.097413,2.74,0.904849,0.091868,0.253155,0.006291
router-02,router,0.870562,35.910382,69712.597767,2.216096,5.85,0.597293,0.402633,0.117679,0.017382
nvr-07,nvr,0.922755,23.003381,56331.871581,1.683123,4.28,0.749945,0.259497,0.193032,0.019708
access-ctrl-05,access_controller,0.726538,11.652297,9074.954402,0.720004,3.28,0.840596,0.0898,0.247568,0.014989
thermostat-16,thermostat,0.635576,7.193669,3953.621017,0.452184,2.62,0.695162,0.329092,0.214932,0.013438
plug-31,smart_plug,0.341514,2.170683,1199.565939,0.059321,2.27,0.541131,0.449241,0.330008,0.010739
cam-005,camera,1.335399,53.242418,72679.941373,2.612537,12.16,0.652374,0.374303,0.112314,0.034682
sensor-24,sensor,0.65127,3.483411,2107.263343,0.261772,0.07,0.868563,0.117545,0.235403,0.009846
router-20,router,0.776373,30.797288,49322.660518,2.271261,10.09,0.672433,0.311337,0.123062,0.024887
nvr-06,nvr,0.972074,26.294401,42852.73239,1.303549,4.33,0.750421,0.235747,0.178847,0.018489
access-ctrl-01,access_controller,0.59425,11.687517,10588.526757,0.691222,2.6,0.80111,0.198517,0.234676,0.00745
thermostat-09,thermostat,0.639112,5.559699,3551.334644,0.379591,3.18,0.732439,0.254202,0.199229,0.018627
plug-14,smart_plug,0.420074,2.76606,1127.127053,0.069098,2.66,0.475194,0.500091,0.352515,0.009538
cam-001,camera,1.398667,50.493002,75579.763174,2.207879,10.62,0.628282,0.352859,0.109556,0.033677
sensor-18,sensor,0.588516,4.105292,1285.716205,0.155206,2.02,0.809126,0.200649,0.277799,0.012604
router-02,router,0.787862,30.955718,65972.622221,2.269602,9.74,0.673726,0.315026,0.123018,0.016478
nvr-07,nvr,1.147391,21.443872,45269.987155,1.532869,3.72,0.685253,0.308691,0.160309,0.012295
access-ctrl-01,access_controller,0.783257,7.394389,12491.849596,0.761364,3.71,0.879032,0.084901,0.221987,0.013533
thermostat-16,thermostat,0.775566,7.245858,5462.009922,0.47132,2.65,0.641408,0.29921,0.209309,0.011465
plug-14,smart_plug,0.40115,3.381227,1594.485711,0.16469,1.4,0.503519,0.469945,0.332697,0.011533
cam-004,camera,1.366722,64.915977,105726.00459,2.13886,10.63,0.561404,0.377186,0.087567,0.036634
sensor-07,sensor,0.438857,4.774443,1880.073886,0.266401,1.36,0.853595,0.141909,0.278739,0.010896
router-11,router,0.943807,40.130266,62313.625504,1.881227,12.08,0.744111,0.245188,0.148036,0.019098
nvr-06,nvr,0.934756,21.719319,46655.257149,1.727611,5.35,0.770376,0.237635,0.204429,0.010074
access-ctrl-03,access_controller,0.565928,11.764988,14030.417639,0.838294,1.62,0.824151,0.1022,0.255287,0.013999
thermostat-20,thermostat,0.730019,7.710955,4890.632199,0.367596,3.42,0.716547,0.276287,0.234311,0.015965
plug-25,smart_plug,0.405195,2.119267,1383.460306,0.049269,0.71,0.413279,0.568137,0.328337,0.010879
cam-006,camera,1.133348,66.439967,101630.062972,2.444007,13.25,0.550379,0.381846,0.089365,0.039299
sensor-12,sensor,0.536772,5.272731,2649.583652,0.098589,0.0,0.75354,0.162406,0.299107,0.00737
router-17,router,0.962768,43.243022,66659.534478,2.288589,5.15,0.581866,0.381332,0.113697,0.028633
nvr-01,nvr,0.963426,16.408635,53033.414989,1.35696,2.57,0.746946,0.196961,0.169227,0.014691
access-ctrl-06,access_controller,0.682023,11.632003,11859.347951,0.537475,4.66,0.81588,0.198448,0.214357,0.01313
thermostat-20,thermostat,0.701527,5.914119,4240.685987,0.339199,0.87,0.704756,0.282561,0.214719,0.01845
plug-31,smart_plug,0.38789,2.759017,1661.692975,0.151047,0.29,0.482146,0.456302,0.319705,0.011927
cam-005,camera,1.184163,63.156788,81488.385884,2.099862,13.34,0.580866,0.367289,0.087026,0.036993
sensor-21,sensor,0.519977,4.287637,1242.017935,0.179338,1.47,0.78191,0.188877,0.276744,0.010627
router-14,router,0.750994,35.272973,63671.875224,1.972076,11.66,0.692069,0.266583,0.146516,0.022257
nvr-03,nvr,1.168337,22.92287,55366.72359,1.29321,3.52,0.705365,0.324939,0.189747,0.01115
access-ctrl-02,access_controller,0.650834,8.873905,11593.807724,0.497711,3.82,0.87024,0.156356,0.242886,0.01119
thermostat-13,thermostat,0.687467,5.372707,5164.656159,0.35759,2.86,0.712438,0.309636,0.23623,0.014324
plug-14,smart_plug,0.459323,2.218861,1021.0005,0.079748,2.2,0.553979,0.440126,0.350909,0.011808
cam-007,camera,1.430447,60.77647,86233.066327,2.178937,10.62,0.73925,0.248919,0.091594,0.035304
sensor-30,sensor,0.499376,3.506835,2039.356115,0.080602,2.06,0.910391,0.133654,0.249728,0.011757
router-02,router,0.777801,39.45527,56364.236028,2.399396,11.69,0.64193,0.3581,0.133509,0.023378
nvr-01,nvr,0.983731,23.589676,48611.25156,1.431429,3.49,0.717331,0.250456,0.162106,0.016006
access-ctrl-05,access_controller,0.728258,9.194,10375.036166,0.650129,2.88,0.827983,0.154995,0.217511,0.008773
thermostat-13,thermostat,0.716466,7.110029,5122.269528,0.438796,1.04,0.703716,0.28031,0.227917,0.013771
plug-14,smart_plug,0.39769,3.575673,1411.947331,0.155991,2.98,0.505023,0.525378,0.316633,0.012467
cam-004,camera,1.202796,55.899221,86533.226128,1.829089,10.14,0.593735,0.421808,0.116058,0.034839
sensor-12,sensor,0.468778,4.486132,1677.461001,0.270886,0.0,0.754362,0.191618,0.259052,0.008317
router-02,router,1.000194,36.35775,69362.71999,2.407601,6.77,0.681238,0.261718,0.153459,0.018609
nvr-03,nvr,0.933957,28.642298,39273.071464,1.307838,2.67,0.802133,0.208566,0.193921,0.014017
access-ctrl-05,access_controller,0.597647,9.516031,13348.892406,0.573238,2.61,0.789889,0.20292,0.23049,0.012097
thermostat-04,thermostat,0.641905,5.743001,4421.32833,0.437795,2.63,0.755698,0.269767,0.225968,0.016952
plug-19,smart_plug,0.506046,2.390076,706.205257,0.06108,1.26,0.544929,0.47649,0.360291,0.011522
cam-007,camera,1.442847,46.497966,73719.562321,2.054258,7.29,0.575095,0.435062,0.116178,0.039857
sensor-18,sensor,0.575564,3.712824,2322.01931,0.13672,2.19,0.85863,0.132642,0.269241,0.011987
router-20,router,0.847798,28.446223,39087.206009,2.289606,8.85,0.606745,0.380011,0.121408,0.023948
nvr-01,nvr,1.198891,23.508602,53925.668963,1.359956,4.58,0.770073,0.212439,0.150138,0.017987
access-ctrl-05,access_controller,0.716036,7.855556,13210.305515,0.504872,3.84,0.858677,0.129889,0.235683,0.010355
thermostat-28,thermostat,0.811254,6.280422,4743.121319,0.371309,1.61,0.72187,0.244994,0.191641,0.012991
plug-22,smart_plug,0.361193,4.085758,1239.505127,0.158998,2.35,0.551206,0.476321,0.324556,0.00915
cam-003,camera,1.394389,49.768895,92351.155654,2.026578,8.35,0.705907,0.248198,0.108647,0.038075
sensor-24,sensor,0.60351,5.515078,2146.286461,0.081033,1.12,0.812386,0.191375,0.280382,0.005498
router-17,router,0.782879,26.263504,51590.597833,1.888525,8.27,0.70581,0.276106,0.154322,0.016371
nvr-06,nvr,1.156056,25.145626,35588.636011,1.391689,5.92,0.691213,0.313197,0.173935,0.010125
access-ctrl-01,access_controller,0.649949,11.130275,11224.242324,0.481161,0.64,0.823403,0.145399,0.237438,0.009412
thermostat-28,thermostat,0.818573,5.065257,3530.998013,0.383348,2.88,0.660134,0.317974,0.199999,0.011888
plug-25,smart_plug,0.448151,3.593141,1037.391973,0.0908,3.07,0.432256,0.52345,0.303973,0.009699
cam-003,camera,1.061477,47.924617,97505.981476,2.488269,13.49,0.668527,0.285461,0.090164,0.030634
sensor-24,sensor,0.451105,5.19434,2088.330655,0.143138,1.37,0.84386,0.170989,0.298996,0.0119
router-11,router,0.966736,30.5219,63409.574676,1.850227,3.63,0.673997,0.277642,0.15445,0.014169
nvr-04,nvr,0.94784,24.507848,38371.528537,1.600486,5.17,0.690551,0.30647,0.152506,0.019542
access-ctrl-07,access_controller,0.595167,11.079517,13731.019306,0.490355,1.82,0.783363,0.18429,0.224376,0.012886
thermostat-28,thermostat,0.771571,5.564803,4836.691046,0.444064,3.04,0.754346,0.200782,0.219143,0.016187
plug-25,smart_plug,0.474012,2.605806,1509.353356,0.117531,0.11,0.47397,0.52703,0.300209,0.008139
cam-001,camera,1.182879,50.146477,98168.231339,2.720344,8.98,0.584109,0.429236,0.094381,0.039781
sensor-18,sensor,0.555931,4.268548,2493.318119,0.26583,2.02,0.777301,0.210122,0.316412,0.007621
router-05,router,0.953257,35.729816,53916.022832,2.317499,5.23,0.643408,0.329779,0.119433,0.015833
nvr-03,nvr,1.158829,18.575013,36806.689052,1.386287,5.57,0.842876,0.163032,0.155096,0.019767
access-ctrl-06,access_controller,0.687337,10.640437,10371.387124,0.772055,2.31,0.81136,0.137188,0.214828,0.008214
thermostat-16,thermostat,0.645761,6.0302,5325.346184,0.29828,2.49,0.723508,0.26124,0.214667,0.013446
plug-29,smart_plug,0.331365,4.140048,866.198259,0.089889,1.9,0.526055,0.509432,0.318237,0.010592
cam-005,camera,1.305903,49.475132,82518.047904,2.361246,12.73,0.553727,0.422647,0.083684,0.029452
sensor-27,sensor,0.524119,3.179962,1104.037969,0.267063,0.04,0.851669,0.126174,0.260254,0.003503
router-05,router,0.877898,35.888012,65744.618816,1.99278,8.18,0.666483,0.299036,0.154305,0.022417
nvr-01,nvr,0.929748,17.04526,47628.260561,1.732069,3.17,0.76065,0.202749,0.15712,0.019711
access-ctrl-06,access_controller,0.636551,9.787512,11511.224846,0.538162,3.78,0.816788,0.169977,0.204677,0.009555
thermostat-28,thermostat,0.755683,5.582468,5158.093716,0.512234,2.41,0.753564,0.243027,0.190821,0.01944
plug-31,smart_plug,0.459683,3.144124,1182.263279,0.107149,1.04,0.465192,0.48685,0.325387,0.013529
cam-007,camera,1.326801,57.27419,67321.935009,2.930222,13.81,0.722527,0.288476,0.116058,0.038614
sensor-12,sensor,0.508863,4.211316,2608.851211,0.201831,1.75,0.932741,0.034512,0.244403,0.005391
router-05,router,0.950219,45.558899,50420.441103,1.810915,4.66,0.715626,0.274745,0.151596,0.021985
nvr-01,nvr,1.113383,28.279591,50049.488092,1.331009,6.68,0.763684,0.203705,0.179213,0.017825
access-ctrl-06,access_controller,0.76049,9.526713,9053.690717,0.534494,2.3,0.825249,0.209739,0.249192,0.009499
thermostat-04,thermostat,0.87585,6.120811,4208.331048,0.476614,3.28,0.698044,0.24786,0.203909,0.019524
plug-25,smart_plug,0.434274,3.907475,1755.093389,0.049318,3.13,0.546773,0.461902,0.326428,0.009836
cam-007,camera,1.308601,45.743344,101696.131382,1.757618,13.04,0.583365,0.400058,0.097875,0.024777
sensor-27,sensor,0.498628,4.062794,1899.707978,0.08156,1.54,0.946745,0.055049,0.267311,0.011512
router-17,router,0.863707,42.248268,49938.541117,2.115142,7.49,0.673959,0.297904,0.138557,0.029362
nvr-06,nvr,0.875651,23.911929,35007.358758,1.603641,5.16,0.699693,0.263863,0.187049,0.015417
access-ctrl-02,access_controller,0.569591,11.510513,10920.303536,0.490199,1.53,0.866692,0.143713,0.236552,0.009545
thermostat-20,thermostat,0.777045,5.291258,4707.77543,0.384678,1.22,0.74241,0.264282,0.197719,0.018741
plug-25,smart_plug,0.488552,3.063232,1326.213674,0.101138,0.2,0.559086,0.448916,0.304671,0.013049
cam-007,camera,1.274223,65.266074,99500.315097,2.447158,12.22,0.649075,0.316219,0.088813,0.040728
sensor-21,sensor,0.632867,4.229053,2060.484561,0.216826,4.16,0.855879,0.118093,0.290674,0.00705
router-11,router,1.052643,27.119907,70501.393081,2.1063,11.41,0.702806,0.262731,0.138171,0.031777
nvr-03,nvr,1.295962,23.604571,56021.700317,1.195519,3.82,0.767921,0.196686,0.172434,0.014912
access-ctrl-02,access_controller,0.589307,8.520543,14584.640027,0.480977,1.87,0.832994,0.149412,0.225204,0.007423
thermostat-13,thermostat,0.820756,7.553066,4201.990919,0.480793,1.99,0.683783,0.241203,0.204703,0.013431
plug-31,smart_plug,0.487261,4.248091,1135.322873,0.069686,2.1,0.5131,0.465452,0.310434,0.012349
cam-004,camera,1.401296,62.327964,77617.669104,1.918845,7.7,0.568771,0.425352,0.080388,0.030473
sensor-30,sensor,0.45006,3.628995,2656.320789,0.113126,2.39,0.757558,0.199642,0.25632,0.00778
router-14,router,0.81253,44.638613,51414.390616,2.064516,8.68,0.676587,0.328272,0.120135,0.028142
nvr-04,nvr,1.286924,16.633762,57730.550948,1.210528,5.02,0.697396,0.329795,0.198154,0.01311
access-ctrl-07,access_controller,0.607614,10.883065,9821.315568,0.863182,2.17,0.866489,0.085068,0.220901,0.009991
thermostat-24,thermostat,0.649155,6.338374,5592.640697,0.390581,3.54,0.688881,0.319512,0.201226,0.015897
plug-22,smart_plug,0.371274,2.447038,1405.792665,0.099668,1.85,0.568077,0.447057,0.316729,0.011912
cam-006,camera,1.241303,61.299113,82201.13931,2.824299,10.85,0.645831,0.340868,0.108555,0.023595
sensor-30,sensor,0.482467,5.596183,1624.220282,0.108654,0.55,0.949263,0.091315,0.298021,0.00549
router-17,router,0.961079,35.093527,68100.881398,1.647223,11.7,0.561984,0.36963,0.13144,0.030396
nvr-07,nvr,0.937245,22.1522,35183.000734,1.343046,4.27,0.746318,0.270944,0.218392,0.012513
access-ctrl-05,access_controller,0.678826,9.937878,10609.596485,0.509391,3.58,0.841972,0.153533,0.233163,0.009392
thermostat-13,thermostat,0.777973,6.246023,5082.338877,0.324385,2.42,0.753301,0.254866,0.193371,0.014792
plug-11,smart_plug,0.489142,4.00247,1415.662594,0.08232,1.19,0.450033,0.524116,0.317508,0.015665
cam-004,camera,1.275933,42.415834,103471.19146,2.391359,10.13,0.631821,0.324228,0.106837,0.040604
sensor-12,sensor,0.457668,5.516457,2625.536586,0.210813,3.4,0.90262,0.072582,0.280729,0.007281
router-14,router,0.998649,40.297003,57013.035441,1.900598,8.77,0.655375,0.31977,0.132122,0.017525
nvr-01,nvr,1.238263,24.274579,54875.973,1.420592,4.31,0.748999,0.26398,0.177193,0.012158
access-ctrl-03,access_controller,0.589454,8.989271,15389.514193,0.858584,5.29,0.852932,0.109061,0.245348,0.007011
thermostat-09,thermostat,0.643361,7.542366,4598.283438,0.42842,0.62,0.692145,0.240155,0.239367,0.018561
plug-22,smart_plug,0.380578,2.417522,1597.100155,0.069958,0.78,0.496075,0.509257,0.345647,0.012256
cam-004,camera,1.440278,57.935147,90133.590379,2.451781,13.4,0.581848,0.401866,0.102919,0.034985
sensor-21,sensor,0.522689,4.080327,2678.064087,0.101823,1.81,0.89711,0.072151,0.238721,0.012835
router-05,router,0.955178,32.183212,43404.327515,1.737718,8.81,0.632942,0.367183,0.128643,0.017532
nvr-06,nvr,0.950345,24.49152,47606.424453,1.64206,6.23,0.725515,0.278439,0.170373,0.010216
access-ctrl-03,access_controller,0.565859,12.044817,11929.471022,0.824547,0.64,0.861857,0.134097,0.252817,0.00998
thermostat-13,thermostat,0.865631,8.423498,5268.717185,0.446699,4.02,0.642117,0.334437,0.225567,0.018408
plug-14,smart_plug,0.47706,2.969781,1099.404066,0.143275,3.46,0.475233,0.521191,0.35152,0.009164
cam-002,camera,1.207884,43.530559,98790.651836,2.850783,9.55,0.6831,0.262613,0.104724,0.028263
sensor-07,sensor,0.421883,4.743773,2657.503314,0.129945,1.88,0.800179,0.155003,0.245917,0.004233
router-11,router,0.991605,37.810375,57750.383873,2.324352,8.59,0.673226,0.317663,0.157511,0.016864
nvr-01,nvr,0.931349,23.130803,52824.66189,1.59578,6.73,0.793698,0.227974,0.218111,0.012079
access-ctrl-05,access_controller,0.807261,9.386246,10397.509075,0.778074,2.74,0.843082,0.152059,0.220628,0.011963
thermostat-24,thermostat,0.790427,7.158754,4794.889977,0.440901,2.35,0.770604,0.273536,0.207713,0.012901
plug-22,smart_plug,0.457906,2.465291,1141.379346,0.048742,2.42,0.482291,0.481942,0.30155,0.010003
cam-006,camera,1.311029,50.523343,99902.935488,2.524219,13.81,0.589857,0.391233,0.113844,0.039417
sensor-18,sensor,0.59497,4.482011,1929.851909,0.265186,2.53,0.85103,0.152724,0.264832,0.004086
router-20,router,0.809362,37.193094,44576.89517,2.372732,3.6,0.617574,0.380614,0.117218,0.017974
nvr-05,nvr,1.197408,27.154513,36087.034525,1.199598,4.95,0.687446,0.336524,0.161023,0.019089
access-ctrl-05,access_controller,0.598717,11.559927,14172.232992,0.491185,1.75,0.773105,0.20803,0.234004,0.013819
thermostat-28,thermostat,0.726154,7.61031,3489.328522,0.343915,1.87,0.71123,0.296842,0.219298,0.015378
plug-19,smart_plug,0.452541,3.546789,1578.574586,0.151384,2.27,0.420855,0.523438,0.305935,0.014202
cam-005,camera,1.356918,44.856811,69463.185559,1.963619,7.51,0.7281,0.270882,0.080309,0.042575
sensor-27,sensor,0.624992,3.369366,2435.165252,0.254309,0.08,0.81505,0.185514,0.303768,0.00945
router-17,router,0.888359,26.222321,67272.619172,1.841481,9.6,0.743111,0.239391,0.158667,0.015157
nvr-01,nvr,1.074888,16.9324,57689.288773,1.701824,3.58,0.714013,0.273839,0.197352,0.020125
access-ctrl-04,access_controller,0.785724,9.463254,14061.818718,0.635225,2.94,0.765345,0.219775,0.229052,0.008221
thermostat-16,thermostat,0.726393,6.91932,5093.560697,0.372192,2.75,0.692267,0.254373,0.230802,0.012514
plug-14,smart_plug,0.441131,2.486699,864.455768,0.068418,2.95,0.474776,0.512861,0.307241,0.008176
cam-002,camera,1.477756,55.654116,97231.291777,2.561243,10.63,0.703155,0.28176,0.109464,0.0369
sensor-27,sensor,0.4384,3.168754,2672.773235,0.277889,3.45,0.864341,0.131206,0.325943,0.008294
router-02,router,0.957026,42.892841,50348.922479,1.727461,5.22,0.606893,0.373456,0.135311,0.019011
nvr-07,nvr,1.217998,23.167013,39900.4805,1.576822,7.44,0.680746,0.339748,0.160184,0.014557
access-ctrl-05,access_controller,0.572782,11.557402,9562.204576,0.543718,5.21,0.803764,0.16622,0.241357,0.008137
thermostat-16,thermostat,0.802083,6.857463,4199.077435,0.269119,3.04,0.671577,0.280115,0.219767,0.011573
plug-22,smart_plug,0.430693,3.081617,1267.811144,0.148854,0.0,0.547449,0.46099,0.336203,0.010738
cam-004,camera,1.320708,50.705828,90496.702442,1.71683,7.51,0.693109,0.295577,0.108401,0.040696
sensor-21,sensor,0.519425,4.678618,1461.456709,0.257152,0.0,0.809035,0.157693,0.262896,0.006529
router-20,router,1.061558,30.562016,57404.606424,2.028063,5.68,0.729726,0.243467,0.147027,0.023287
nvr-06,nvr,0.997537,28.233797,54423.971643,1.601267,3.44,0.73314,0.228737,0.186872,0.016671
access-ctrl-02,access_controller,0.769568,11.5734,12753.464826,0.846802,2.37,0.787528,0.261802,0.223037,0.009746
thermostat-16,thermostat,0.652334,6.912757,4452.28718,0.357347,1.16,0.650912,0.276787,0.193817,0.012849
plug-19,smart_plug,0.34679,2.256518,1247.466609,0.09979,1.93,0.490673,0.520618,0.330975,0.012743
cam-007,camera,1.282481,64.651325,108944.0783,2.456385,12.4,0.611412,0.349636,0.105538,0.024481
sensor-24,sensor,0.552091,3.777086,1323.671455,0.219644,1.25,0.917968,0.116192,0.314654,0.010703
router-08,router,1.000208,43.631901,52251.64371,2.066303,6.14,0.620925,0.31687,0.113552,0.02958
nvr-06,nvr,0.956986,25.824942,36538.5053,1.619828,2.07,0.833884,0.150362,0.164277,0.011886
access-ctrl-04,access_controller,0.799223,11.982793,9240.913159,0.622976,4.47,0.806856,0.2081,0.237578,0.00619
thermostat-20,thermostat,0.65569,7.552453,5513.587982,0.376983,3.42,0.773933,0.208543,0.233214,0.015739
plug-22,smart_plug,0.482014,2.851872,1017.00827,0.143442,1.13,0.483114,0.518492,0.327651,0.013223
cam-005,camera,1.177254,58.949779,79250.364855,1.740142,12.09,0.722782,0.2883,0.091973,0.027822
sensor-12,sensor,0.517296,2.797743,1041.23338,0.146508,3.49,0.948425,0.054802,0.269273,0.006584
router-08,router,0.801191,32.688401,66375.618015,1.847859,6.25,0.71481,0.289683,0.147408,0.024738
nvr-05,nvr,1.250916,18.787337,47300.271791,1.225226,3.13,0.722205,0.293434,0.191699,0.012594
access-ctrl-06,access_controller,0.661494,7.510304,14788.102499,0.649245,4.05,0.866759,0.148747,0.241444,0.013103
thermostat-04,thermostat,0.743088,6.41222,5222.751461,0.297426,4.58,0.777624,0.17405,0.240668,0.01569
plug-29,smart_plug,0.360618,2.620613,813.078379,0.087626,1.7,0.479518,0.536432,0.310898,0.01434
cam-007,camera,1.32447,43.683541,84462.954719,2.062816,9.67,0.707413,0.297196,0.095221,0.024794
sensor-27,sensor,0.49435,4.88781,1880.078416,0.110159,1.72,0.911565,0.09439,0.275539,0.010289
router-14,router,0.948241,39.370599,65580.966994,2.099571,11.42,0.684451,0.302494,0.133921,0.027792
nvr-03,nvr,1.062072,23.924352,40670.405415,1.288506,5.05,0.848191,0.171198,0.154293,0.013991
access-ctrl-02,access_controller,0.571927,7.915761,12025.753342,0.693075,3.38,0.792469,0.211114,0.260506,0.009194
thermostat-16,thermostat,0.846893,7.677171,5331.264876,0.284766,2.68,0.753606,0.258516,0.229488,0.019262
plug-22,smart_plug,0.446579,3.495617,1725.575881,0.087406,1.95,0.416233,0.575686,0.321189,0.012942
cam-004,camera,1.449046,52.776414,104036.035125,2.511376,12.38,0.581443,0.386868,0.099718,0.025105
sensor-21,sensor,0.426544,2.950133,1957.570933,0.166558,2.05,0.756276,0.218149,0.271173,0.01171
router-17,router,0.919996,38.657056,43633.037529,2.172474,6.78,0.624931,0.362962,0.138386,0.031011
nvr-04,nvr,1.085707,23.991276,39935.276057,1.119039,1.72,0.715103,0.274271,0.176994,0.017915
access-ctrl-02,access_controller,0.635238,10.087646,10070.02669,0.652619,3.56,0.773451,0.240813,0.255757,0.012246
thermostat-28,thermostat,0.777726,7.96969,4999.093637,0.272164,4.22,0.799479,0.248455,0.202817,0.011685
plug-19,smart_plug,0.445826,3.088197,1542.262731,0.147114,1.62,0.470064,0.503697,0.336485,0.012787
cam-006,camera,1.400547,56.834392,74994.563866,2.692621,9.51,0.56246,0.415205,0.095966,0.040081
sensor-30,sensor,0.546598,4.01929,2335.509979,0.244052,2.73,0.918023,0.107686,0.323406,0.007066
router-17,router,0.843514,32.783616,60321.997587,1.916426,6.34,0.694715,0.274697,0.146197,0.019673
nvr-01,nvr,0.918558,28.778247,53271.899024,1.505314,2.63,0.805414,0.16073,0.18585,0.015055
access-ctrl-07,access_controller,0.63087,11.399015,11305.183575,0.631191,3.89,0.786229,0.160688,0.210917,0.011654
thermostat-28,thermostat,0.860265,5.504908,3629.071753,0.418267,2.87,0.670102,0.278604,0.218564,0.014236
plug-22,smart_plug,0.431323,2.555556,1442.850951,0.090359,2.7,0.479198,0.497583,0.362885,0.008795
cam-004,camera,1.160158,50.516331,91075.670033,2.882653,11.91,0.651988,0.337013,0.096315,0.028005
sensor-12,sensor,0.664637,4.088453,1142.188944,0.112023,0.6,0.841004,0.131222,0.275324,0.00489
router-17,router,0.931653,40.169787,74501.391573,1.820711,10.9,0.720126,0.256186,0.153679,0.026604
